"Date","Source","Site ID","POC","Daily Mean PM2.5 Concentration","UNITS","DAILY_AQI_VALUE","Site Name","DAILY_OBS_COUNT","PERCENT_COMPLETE","AQS_PARAMETER_CODE","AQS_PARAMETER_DESC","CBSA_CODE","CBSA_NAME","STATE_CODE","STATE","COUNTY_CODE","COUNTY","SITE_LATITUDE","SITE_LONGITUDE"
"01/04/2020","AQS","261610008","1","6","ug/m3 LC","25","TOWNER ST, SOUTH; 2 LANE RESIDENIAL - HOSPITAL","1","100.0000","88101","PM2.5 - Local Conditions","11460","Ann Arbor, MI","26","Michigan","161","Washtenaw","42.2405654781129","-83.5996022282151"
"01/10/2020","AQS","261610008","1","6.7","ug/m3 LC","28","TOWNER ST, SOUTH; 2 LANE RESIDENIAL - HOSPITAL","1","100.0000","88101","PM2.5 - Local Conditions","11460","Ann Arbor, MI","26","Michigan","161","Washtenaw","42.2405654781129","-83.5996022282151"
"01/16/2020","AQS","261610008","1","6.7","ug/m3 LC","28","TOWNER ST, SOUTH; 2 LANE RESIDENIAL - HOSPITAL","1","100.0000","88101","PM2.5 - Local Conditions","11460","Ann Arbor, MI","26","Michigan","161","Washtenaw","42.2405654781129","-83.5996022282151"
"01/22/2020","AQS","261610008","1","16.9","ug/m3 LC","61","TOWNER ST, SOUTH; 2 LANE RESIDENIAL - HOSPITAL","1","100.0000","88101","PM2.5 - Local Conditions","11460","Ann Arbor, MI","26","Michigan","161","Washtenaw","42.2405654781129","-83.5996022282151"
"01/28/2020","AQS","261610008","1","2.5","ug/m3 LC","10","TOWNER ST, SOUTH; 2 LANE RESIDENIAL - HOSPITAL","1","100.0000","88101","PM2.5 - Local Conditions","11460","Ann Arbor, MI","26","Michigan","161","Washtenaw","42.2405654781129","-83.5996022282151"
"02/03/2020","AQS","261610008","1","7.6","ug/m3 LC","32","TOWNER ST, SOUTH; 2 LANE RESIDENIAL - HOSPITAL","1","100.0000","88101","PM2.5 - Local Conditions","11460","Ann Arbor, MI","26","Michigan","161","Washtenaw","42.2405654781129","-83.5996022282151"
"02/09/2020","AQS","261610008","1","15","ug/m3 LC","57","TOWNER ST, SOUTH; 2 LANE RESIDENIAL - HOSPITAL","1","100.0000","88101","PM2.5 - Local Conditions","11460","Ann Arbor, MI","26","Michigan","161","Washtenaw","42.2405654781129","-83.5996022282151"
"02/15/2020","AQS","261610008","1","14.4","ug/m3 LC","56","TOWNER ST, SOUTH; 2 LANE RESIDENIAL - HOSPITAL","1","100.0000","88101","PM2.5 - Local Conditions","11460","Ann Arbor, MI","26","Michigan","161","Washtenaw","42.2405654781129","-83.5996022282151"
"02/21/2020","AQS","261610008","1","6","ug/m3 LC","25","TOWNER ST, SOUTH; 2 LANE RESIDENIAL - HOSPITAL","1","100.0000","88101","PM2.5 - Local Conditions","11460","Ann Arbor, MI","26","Michigan","161","Washtenaw","42.2405654781129","-83.5996022282151"
"02/27/2020","AQS","261610008","1","2.4","ug/m3 LC","10","TOWNER ST, SOUTH; 2 LANE RESIDENIAL - HOSPITAL","1","100.0000","88101","PM2.5 - Local Conditions","11460","Ann Arbor, MI","26","Michigan","161","Washtenaw","42.2405654781129","-83.5996022282151"
"03/04/2020","AQS","261610008","1","3.9","ug/m3 LC","16","TOWNER ST, SOUTH; 2 LANE RESIDENIAL - HOSPITAL","1","100.0000","88101","PM2.5 - Local Conditions","11460","Ann Arbor, MI","26","Michigan","161","Washtenaw","42.2405654781129","-83.5996022282151"
"03/10/2020","AQS","261610008","1","7.3","ug/m3 LC","30","TOWNER ST, SOUTH; 2 LANE RESIDENIAL - HOSPITAL","1","100.0000","88101","PM2.5 - Local Conditions","11460","Ann Arbor, MI","26","Michigan","161","Washtenaw","42.2405654781129","-83.5996022282151"
"03/16/2020","AQS","261610008","1","6","ug/m3 LC","25","TOWNER ST, SOUTH; 2 LANE RESIDENIAL - HOSPITAL","1","100.0000","88101","PM2.5 - Local Conditions","11460","Ann Arbor, MI","26","Michigan","161","Washtenaw","42.2405654781129","-83.5996022282151"
"03/22/2020","AQS","261610008","1","5.5","ug/m3 LC","23","TOWNER ST, SOUTH; 2 LANE RESIDENIAL - HOSPITAL","1","100.0000","88101","PM2.5 - Local Conditions","11460","Ann Arbor, MI","26","Michigan","161","Washtenaw","42.2405654781129","-83.5996022282151"
"03/28/2020","AQS","261610008","1","7.3","ug/m3 LC","30","TOWNER ST, SOUTH; 2 LANE RESIDENIAL - HOSPITAL","1","100.0000","88101","PM2.5 - Local Conditions","11460","Ann Arbor, MI","26","Michigan","161","Washtenaw","42.2405654781129","-83.5996022282151"
"04/03/2020","AQS","261610008","1","6.1","ug/m3 LC","25","TOWNER ST, SOUTH; 2 LANE RESIDENIAL - HOSPITAL","1","100.0000","88101","PM2.5 - Local Conditions","11460","Ann Arbor, MI","26","Michigan","161","Washtenaw","42.2405654781129","-83.5996022282151"
"04/09/2020","AQS","261610008","1","3.4","ug/m3 LC","14","TOWNER ST, SOUTH; 2 LANE RESIDENIAL - HOSPITAL","1","100.0000","88101","PM2.5 - Local Conditions","11460","Ann Arbor, MI","26","Michigan","161","Washtenaw","42.2405654781129","-83.5996022282151"
"04/15/2020","AQS","261610008","1","6.8","ug/m3 LC","28","TOWNER ST, SOUTH; 2 LANE RESIDENIAL - HOSPITAL","1","100.0000","88101","PM2.5 - Local Conditions","11460","Ann Arbor, MI","26","Michigan","161","Washtenaw","42.2405654781129","-83.5996022282151"
"04/21/2020","AQS","261610008","1","2.2","ug/m3 LC","9","TOWNER ST, SOUTH; 2 LANE RESIDENIAL - HOSPITAL","1","100.0000","88101","PM2.5 - Local Conditions","11460","Ann Arbor, MI","26","Michigan","161","Washtenaw","42.2405654781129","-83.5996022282151"
"04/27/2020","AQS","261610008","1","5.3","ug/m3 LC","22","TOWNER ST, SOUTH; 2 LANE RESIDENIAL - HOSPITAL","1","100.0000","88101","PM2.5 - Local Conditions","11460","Ann Arbor, MI","26","Michigan","161","Washtenaw","42.2405654781129","-83.5996022282151"
"05/03/2020","AQS","261610008","1","6.5","ug/m3 LC","27","TOWNER ST, SOUTH; 2 LANE RESIDENIAL - HOSPITAL","1","100.0000","88101","PM2.5 - Local Conditions","11460","Ann Arbor, MI","26","Michigan","161","Washtenaw","42.2405654781129","-83.5996022282151"
"05/09/2020","AQS","261610008","1","2.8","ug/m3 LC","12","TOWNER ST, SOUTH; 2 LANE RESIDENIAL - HOSPITAL","1","100.0000","88101","PM2.5 - Local Conditions","11460","Ann Arbor, MI","26","Michigan","161","Washtenaw","42.2405654781129","-83.5996022282151"
"05/15/2020","AQS","261610008","1","5.9","ug/m3 LC","25","TOWNER ST, SOUTH; 2 LANE RESIDENIAL - HOSPITAL","1","100.0000","88101","PM2.5 - Local Conditions","11460","Ann Arbor, MI","26","Michigan","161","Washtenaw","42.2405654781129","-83.5996022282151"
"05/21/2020","AQS","261610008","1","5.8","ug/m3 LC","24","TOWNER ST, SOUTH; 2 LANE RESIDENIAL - HOSPITAL","1","100.0000","88101","PM2.5 - Local Conditions","11460","Ann Arbor, MI","26","Michigan","161","Washtenaw","42.2405654781129","-83.5996022282151"
"05/27/2020","AQS","261610008","1","10.5","ug/m3 LC","44","TOWNER ST, SOUTH; 2 LANE RESIDENIAL - HOSPITAL","1","100.0000","88101","PM2.5 - Local Conditions","11460","Ann Arbor, MI","26","Michigan","161","Washtenaw","42.2405654781129","-83.5996022282151"
"06/08/2020","AQS","261610008","1","5.8","ug/m3 LC","24","TOWNER ST, SOUTH; 2 LANE RESIDENIAL - HOSPITAL","1","100.0000","88101","PM2.5 - Local Conditions","11460","Ann Arbor, MI","26","Michigan","161","Washtenaw","42.2405654781129","-83.5996022282151"
"06/14/2020","AQS","261610008","1","4.1","ug/m3 LC","17","TOWNER ST, SOUTH; 2 LANE RESIDENIAL - HOSPITAL","1","100.0000","88101","PM2.5 - Local Conditions","11460","Ann Arbor, MI","26","Michigan","161","Washtenaw","42.2405654781129","-83.5996022282151"
"06/20/2020","AQS","261610008","1","12.1","ug/m3 LC","51","TOWNER ST, SOUTH; 2 LANE RESIDENIAL - HOSPITAL","1","100.0000","88101","PM2.5 - Local Conditions","11460","Ann Arbor, MI","26","Michigan","161","Washtenaw","42.2405654781129","-83.5996022282151"
"06/26/2020","AQS","261610008","1","5.5","ug/m3 LC","23","TOWNER ST, SOUTH; 2 LANE RESIDENIAL - HOSPITAL","1","100.0000","88101","PM2.5 - Local Conditions","11460","Ann Arbor, MI","26","Michigan","161","Washtenaw","42.2405654781129","-83.5996022282151"
"01/01/2020","AQS","261610008","3","7.6","ug/m3 LC","32","TOWNER ST, SOUTH; 2 LANE RESIDENIAL - HOSPITAL","1","100.0000","88101","PM2.5 - Local Conditions","11460","Ann Arbor, MI","26","Michigan","161","Washtenaw","42.2405654781129","-83.5996022282151"
"01/02/2020","AQS","261610008","3","6.1","ug/m3 LC","25","TOWNER ST, SOUTH; 2 LANE RESIDENIAL - HOSPITAL","1","100.0000","88101","PM2.5 - Local Conditions","11460","Ann Arbor, MI","26","Michigan","161","Washtenaw","42.2405654781129","-83.5996022282151"
"01/03/2020","AQS","261610008","3","12.5","ug/m3 LC","52","TOWNER ST, SOUTH; 2 LANE RESIDENIAL - HOSPITAL","1","100.0000","88101","PM2.5 - Local Conditions","11460","Ann Arbor, MI","26","Michigan","161","Washtenaw","42.2405654781129","-83.5996022282151"
"01/04/2020","AQS","261610008","3","6.7","ug/m3 LC","28","TOWNER ST, SOUTH; 2 LANE RESIDENIAL - HOSPITAL","1","100.0000","88101","PM2.5 - Local Conditions","11460","Ann Arbor, MI","26","Michigan","161","Washtenaw","42.2405654781129","-83.5996022282151"
"01/05/2020","AQS","261610008","3","6.2","ug/m3 LC","26","TOWNER ST, SOUTH; 2 LANE RESIDENIAL - HOSPITAL","1","100.0000","88101","PM2.5 - Local Conditions","11460","Ann Arbor, MI","26","Michigan","161","Washtenaw","42.2405654781129","-83.5996022282151"
"01/06/2020","AQS","261610008","3","3.5","ug/m3 LC","15","TOWNER ST, SOUTH; 2 LANE RESIDENIAL - HOSPITAL","1","100.0000","88101","PM2.5 - Local Conditions","11460","Ann Arbor, MI","26","Michigan","161","Washtenaw","42.2405654781129","-83.5996022282151"
"01/07/2020","AQS","261610008","3","6.7","ug/m3 LC","28","TOWNER ST, SOUTH; 2 LANE RESIDENIAL - HOSPITAL","1","100.0000","88101","PM2.5 - Local Conditions","11460","Ann Arbor, MI","26","Michigan","161","Washtenaw","42.2405654781129","-83.5996022282151"
"01/08/2020","AQS","261610008","3","5.8","ug/m3 LC","24","TOWNER ST, SOUTH; 2 LANE RESIDENIAL - HOSPITAL","1","100.0000","88101","PM2.5 - Local Conditions","11460","Ann Arbor, MI","26","Michigan","161","Washtenaw","42.2405654781129","-83.5996022282151"
"01/09/2020","AQS","261610008","3","6.2","ug/m3 LC","26","TOWNER ST, SOUTH; 2 LANE RESIDENIAL - HOSPITAL","1","100.0000","88101","PM2.5 - Local Conditions","11460","Ann Arbor, MI","26","Michigan","161","Washtenaw","42.2405654781129","-83.5996022282151"
"01/10/2020","AQS","261610008","3","6","ug/m3 LC","25","TOWNER ST, SOUTH; 2 LANE RESIDENIAL - HOSPITAL","1","100.0000","88101","PM2.5 - Local Conditions","11460","Ann Arbor, MI","26","Michigan","161","Washtenaw","42.2405654781129","-83.5996022282151"
"01/11/2020","AQS","261610008","3","2","ug/m3 LC","8","TOWNER ST, SOUTH; 2 LANE RESIDENIAL - HOSPITAL","1","100.0000","88101","PM2.5 - Local Conditions","11460","Ann Arbor, MI","26","Michigan","161","Washtenaw","42.2405654781129","-83.5996022282151"
"01/12/2020","AQS","261610008","3","3.6","ug/m3 LC","15","TOWNER ST, SOUTH; 2 LANE RESIDENIAL - HOSPITAL","1","100.0000","88101","PM2.5 - Local Conditions","11460","Ann Arbor, MI","26","Michigan","161","Washtenaw","42.2405654781129","-83.5996022282151"
"01/13/2020","AQS","261610008","3","10.2","ug/m3 LC","43","TOWNER ST, SOUTH; 2 LANE RESIDENIAL - HOSPITAL","1","100.0000","88101","PM2.5 - Local Conditions","11460","Ann Arbor, MI","26","Michigan","161","Washtenaw","42.2405654781129","-83.5996022282151"
"01/14/2020","AQS","261610008","3","10.6","ug/m3 LC","44","TOWNER ST, SOUTH; 2 LANE RESIDENIAL - HOSPITAL","1","100.0000","88101","PM2.5 - Local Conditions","11460","Ann Arbor, MI","26","Michigan","161","Washtenaw","42.2405654781129","-83.5996022282151"
"01/15/2020","AQS","261610008","3","14.7","ug/m3 LC","56","TOWNER ST, SOUTH; 2 LANE RESIDENIAL - HOSPITAL","1","100.0000","88101","PM2.5 - Local Conditions","11460","Ann Arbor, MI","26","Michigan","161","Washtenaw","42.2405654781129","-83.5996022282151"
"01/16/2020","AQS","261610008","3","6.8","ug/m3 LC","28","TOWNER ST, SOUTH; 2 LANE RESIDENIAL - HOSPITAL","1","100.0000","88101","PM2.5 - Local Conditions","11460","Ann Arbor, MI","26","Michigan","161","Washtenaw","42.2405654781129","-83.5996022282151"
"01/17/2020","AQS","261610008","3","4.2","ug/m3 LC","18","TOWNER ST, SOUTH; 2 LANE RESIDENIAL - HOSPITAL","1","100.0000","88101","PM2.5 - Local Conditions","11460","Ann Arbor, MI","26","Michigan","161","Washtenaw","42.2405654781129","-83.5996022282151"
"01/18/2020","AQS","261610008","3","3.9","ug/m3 LC","16","TOWNER ST, SOUTH; 2 LANE RESIDENIAL - HOSPITAL","1","100.0000","88101","PM2.5 - Local Conditions","11460","Ann Arbor, MI","26","Michigan","161","Washtenaw","42.2405654781129","-83.5996022282151"
"01/19/2020","AQS","261610008","3","8.9","ug/m3 LC","37","TOWNER ST, SOUTH; 2 LANE RESIDENIAL - HOSPITAL","1","100.0000","88101","PM2.5 - Local Conditions","11460","Ann Arbor, MI","26","Michigan","161","Washtenaw","42.2405654781129","-83.5996022282151"
"01/20/2020","AQS","261610008","3","4.2","ug/m3 LC","18","TOWNER ST, SOUTH; 2 LANE RESIDENIAL - HOSPITAL","1","100.0000","88101","PM2.5 - Local Conditions","11460","Ann Arbor, MI","26","Michigan","161","Washtenaw","42.2405654781129","-83.5996022282151"
"01/21/2020","AQS","261610008","3","6.9","ug/m3 LC","29","TOWNER ST, SOUTH; 2 LANE RESIDENIAL - HOSPITAL","1","100.0000","88101","PM2.5 - Local Conditions","11460","Ann Arbor, MI","26","Michigan","161","Washtenaw","42.2405654781129","-83.5996022282151"
"01/22/2020","AQS","261610008","3","15.8","ug/m3 LC","59","TOWNER ST, SOUTH; 2 LANE RESIDENIAL - HOSPITAL","1","100.0000","88101","PM2.5 - Local Conditions","11460","Ann Arbor, MI","26","Michigan","161","Washtenaw","42.2405654781129","-83.5996022282151"
"01/23/2020","AQS","261610008","3","19.8","ug/m3 LC","67","TOWNER ST, SOUTH; 2 LANE RESIDENIAL - HOSPITAL","1","100.0000","88101","PM2.5 - Local Conditions","11460","Ann Arbor, MI","26","Michigan","161","Washtenaw","42.2405654781129","-83.5996022282151"
"01/24/2020","AQS","261610008","3","13.3","ug/m3 LC","54","TOWNER ST, SOUTH; 2 LANE RESIDENIAL - HOSPITAL","1","100.0000","88101","PM2.5 - Local Conditions","11460","Ann Arbor, MI","26","Michigan","161","Washtenaw","42.2405654781129","-83.5996022282151"
"01/25/2020","AQS","261610008","3","5.7","ug/m3 LC","24","TOWNER ST, SOUTH; 2 LANE RESIDENIAL - HOSPITAL","1","100.0000","88101","PM2.5 - Local Conditions","11460","Ann Arbor, MI","26","Michigan","161","Washtenaw","42.2405654781129","-83.5996022282151"
"01/26/2020","AQS","261610008","3","8.8","ug/m3 LC","37","TOWNER ST, SOUTH; 2 LANE RESIDENIAL - HOSPITAL","1","100.0000","88101","PM2.5 - Local Conditions","11460","Ann Arbor, MI","26","Michigan","161","Washtenaw","42.2405654781129","-83.5996022282151"
"01/27/2020","AQS","261610008","3","4.7","ug/m3 LC","20","TOWNER ST, SOUTH; 2 LANE RESIDENIAL - HOSPITAL","1","100.0000","88101","PM2.5 - Local Conditions","11460","Ann Arbor, MI","26","Michigan","161","Washtenaw","42.2405654781129","-83.5996022282151"
"01/28/2020","AQS","261610008","3","4","ug/m3 LC","17","TOWNER ST, SOUTH; 2 LANE RESIDENIAL - HOSPITAL","1","100.0000","88101","PM2.5 - Local Conditions","11460","Ann Arbor, MI","26","Michigan","161","Washtenaw","42.2405654781129","-83.5996022282151"
"01/29/2020","AQS","261610008","3","5.3","ug/m3 LC","22","TOWNER ST, SOUTH; 2 LANE RESIDENIAL - HOSPITAL","1","100.0000","88101","PM2.5 - Local Conditions","11460","Ann Arbor, MI","26","Michigan","161","Washtenaw","42.2405654781129","-83.5996022282151"
"01/30/2020","AQS","261610008","3","8.5","ug/m3 LC","35","TOWNER ST, SOUTH; 2 LANE RESIDENIAL - HOSPITAL","1","100.0000","88101","PM2.5 - Local Conditions","11460","Ann Arbor, MI","26","Michigan","161","Washtenaw","42.2405654781129","-83.5996022282151"
"01/31/2020","AQS","261610008","3","12.6","ug/m3 LC","52","TOWNER ST, SOUTH; 2 LANE RESIDENIAL - HOSPITAL","1","100.0000","88101","PM2.5 - Local Conditions","11460","Ann Arbor, MI","26","Michigan","161","Washtenaw","42.2405654781129","-83.5996022282151"
"02/01/2020","AQS","261610008","3","13.9","ug/m3 LC","55","TOWNER ST, SOUTH; 2 LANE RESIDENIAL - HOSPITAL","1","100.0000","88101","PM2.5 - Local Conditions","11460","Ann Arbor, MI","26","Michigan","161","Washtenaw","42.2405654781129","-83.5996022282151"
"02/02/2020","AQS","261610008","3","6.6","ug/m3 LC","28","TOWNER ST, SOUTH; 2 LANE RESIDENIAL - HOSPITAL","1","100.0000","88101","PM2.5 - Local Conditions","11460","Ann Arbor, MI","26","Michigan","161","Washtenaw","42.2405654781129","-83.5996022282151"
"02/03/2020","AQS","261610008","3","7.4","ug/m3 LC","31","TOWNER ST, SOUTH; 2 LANE RESIDENIAL - HOSPITAL","1","100.0000","88101","PM2.5 - Local Conditions","11460","Ann Arbor, MI","26","Michigan","161","Washtenaw","42.2405654781129","-83.5996022282151"
"02/04/2020","AQS","261610008","3","6.7","ug/m3 LC","28","TOWNER ST, SOUTH; 2 LANE RESIDENIAL - HOSPITAL","1","100.0000","88101","PM2.5 - Local Conditions","11460","Ann Arbor, MI","26","Michigan","161","Washtenaw","42.2405654781129","-83.5996022282151"
"02/05/2020","AQS","261610008","3","3.4","ug/m3 LC","14","TOWNER ST, SOUTH; 2 LANE RESIDENIAL - HOSPITAL","1","100.0000","88101","PM2.5 - Local Conditions","11460","Ann Arbor, MI","26","Michigan","161","Washtenaw","42.2405654781129","-83.5996022282151"
"02/06/2020","AQS","261610008","3","6.8","ug/m3 LC","28","TOWNER ST, SOUTH; 2 LANE RESIDENIAL - HOSPITAL","1","100.0000","88101","PM2.5 - Local Conditions","11460","Ann Arbor, MI","26","Michigan","161","Washtenaw","42.2405654781129","-83.5996022282151"
"02/07/2020","AQS","261610008","3","4.2","ug/m3 LC","18","TOWNER ST, SOUTH; 2 LANE RESIDENIAL - HOSPITAL","1","100.0000","88101","PM2.5 - Local Conditions","11460","Ann Arbor, MI","26","Michigan","161","Washtenaw","42.2405654781129","-83.5996022282151"
"02/08/2020","AQS","261610008","3","12.2","ug/m3 LC","51","TOWNER ST, SOUTH; 2 LANE RESIDENIAL - HOSPITAL","1","100.0000","88101","PM2.5 - Local Conditions","11460","Ann Arbor, MI","26","Michigan","161","Washtenaw","42.2405654781129","-83.5996022282151"
"02/09/2020","AQS","261610008","3","14.2","ug/m3 LC","55","TOWNER ST, SOUTH; 2 LANE RESIDENIAL - HOSPITAL","1","100.0000","88101","PM2.5 - Local Conditions","11460","Ann Arbor, MI","26","Michigan","161","Washtenaw","42.2405654781129","-83.5996022282151"
"02/10/2020","AQS","261610008","3","9.6","ug/m3 LC","40","TOWNER ST, SOUTH; 2 LANE RESIDENIAL - HOSPITAL","1","100.0000","88101","PM2.5 - Local Conditions","11460","Ann Arbor, MI","26","Michigan","161","Washtenaw","42.2405654781129","-83.5996022282151"
"02/11/2020","AQS","261610008","3","10.8","ug/m3 LC","45","TOWNER ST, SOUTH; 2 LANE RESIDENIAL - HOSPITAL","1","100.0000","88101","PM2.5 - Local Conditions","11460","Ann Arbor, MI","26","Michigan","161","Washtenaw","42.2405654781129","-83.5996022282151"
"02/12/2020","AQS","261610008","3","10.3","ug/m3 LC","43","TOWNER ST, SOUTH; 2 LANE RESIDENIAL - HOSPITAL","1","100.0000","88101","PM2.5 - Local Conditions","11460","Ann Arbor, MI","26","Michigan","161","Washtenaw","42.2405654781129","-83.5996022282151"
"02/13/2020","AQS","261610008","3","9.2","ug/m3 LC","38","TOWNER ST, SOUTH; 2 LANE RESIDENIAL - HOSPITAL","1","100.0000","88101","PM2.5 - Local Conditions","11460","Ann Arbor, MI","26","Michigan","161","Washtenaw","42.2405654781129","-83.5996022282151"
"02/14/2020","AQS","261610008","3","4.5","ug/m3 LC","19","TOWNER ST, SOUTH; 2 LANE RESIDENIAL - HOSPITAL","1","100.0000","88101","PM2.5 - Local Conditions","11460","Ann Arbor, MI","26","Michigan","161","Washtenaw","42.2405654781129","-83.5996022282151"
"02/15/2020","AQS","261610008","3","13.3","ug/m3 LC","54","TOWNER ST, SOUTH; 2 LANE RESIDENIAL - HOSPITAL","1","100.0000","88101","PM2.5 - Local Conditions","11460","Ann Arbor, MI","26","Michigan","161","Washtenaw","42.2405654781129","-83.5996022282151"
"02/16/2020","AQS","261610008","3","12.2","ug/m3 LC","51","TOWNER ST, SOUTH; 2 LANE RESIDENIAL - HOSPITAL","1","100.0000","88101","PM2.5 - Local Conditions","11460","Ann Arbor, MI","26","Michigan","161","Washtenaw","42.2405654781129","-83.5996022282151"
"02/17/2020","AQS","261610008","3","7.5","ug/m3 LC","31","TOWNER ST, SOUTH; 2 LANE RESIDENIAL - HOSPITAL","1","100.0000","88101","PM2.5 - Local Conditions","11460","Ann Arbor, MI","26","Michigan","161","Washtenaw","42.2405654781129","-83.5996022282151"
"02/18/2020","AQS","261610008","3","9.2","ug/m3 LC","38","TOWNER ST, SOUTH; 2 LANE RESIDENIAL - HOSPITAL","1","100.0000","88101","PM2.5 - Local Conditions","11460","Ann Arbor, MI","26","Michigan","161","Washtenaw","42.2405654781129","-83.5996022282151"
"02/19/2020","AQS","261610008","3","6","ug/m3 LC","25","TOWNER ST, SOUTH; 2 LANE RESIDENIAL - HOSPITAL","1","100.0000","88101","PM2.5 - Local Conditions","11460","Ann Arbor, MI","26","Michigan","161","Washtenaw","42.2405654781129","-83.5996022282151"
"02/20/2020","AQS","261610008","3","6.1","ug/m3 LC","25","TOWNER ST, SOUTH; 2 LANE RESIDENIAL - HOSPITAL","1","100.0000","88101","PM2.5 - Local Conditions","11460","Ann Arbor, MI","26","Michigan","161","Washtenaw","42.2405654781129","-83.5996022282151"
"02/21/2020","AQS","261610008","3","7","ug/m3 LC","29","TOWNER ST, SOUTH; 2 LANE RESIDENIAL - HOSPITAL","1","100.0000","88101","PM2.5 - Local Conditions","11460","Ann Arbor, MI","26","Michigan","161","Washtenaw","42.2405654781129","-83.5996022282151"
"02/22/2020","AQS","261610008","3","7.7","ug/m3 LC","32","TOWNER ST, SOUTH; 2 LANE RESIDENIAL - HOSPITAL","1","100.0000","88101","PM2.5 - Local Conditions","11460","Ann Arbor, MI","26","Michigan","161","Washtenaw","42.2405654781129","-83.5996022282151"
"02/23/2020","AQS","261610008","3","11","ug/m3 LC","46","TOWNER ST, SOUTH; 2 LANE RESIDENIAL - HOSPITAL","1","100.0000","88101","PM2.5 - Local Conditions","11460","Ann Arbor, MI","26","Michigan","161","Washtenaw","42.2405654781129","-83.5996022282151"
"02/24/2020","AQS","261610008","3","18.4","ug/m3 LC","64","TOWNER ST, SOUTH; 2 LANE RESIDENIAL - HOSPITAL","1","100.0000","88101","PM2.5 - Local Conditions","11460","Ann Arbor, MI","26","Michigan","161","Washtenaw","42.2405654781129","-83.5996022282151"
"02/25/2020","AQS","261610008","3","7.2","ug/m3 LC","30","TOWNER ST, SOUTH; 2 LANE RESIDENIAL - HOSPITAL","1","100.0000","88101","PM2.5 - Local Conditions","11460","Ann Arbor, MI","26","Michigan","161","Washtenaw","42.2405654781129","-83.5996022282151"
"02/26/2020","AQS","261610008","3","1.9","ug/m3 LC","8","TOWNER ST, SOUTH; 2 LANE RESIDENIAL - HOSPITAL","1","100.0000","88101","PM2.5 - Local Conditions","11460","Ann Arbor, MI","26","Michigan","161","Washtenaw","42.2405654781129","-83.5996022282151"
"02/27/2020","AQS","261610008","3","3","ug/m3 LC","13","TOWNER ST, SOUTH; 2 LANE RESIDENIAL - HOSPITAL","1","100.0000","88101","PM2.5 - Local Conditions","11460","Ann Arbor, MI","26","Michigan","161","Washtenaw","42.2405654781129","-83.5996022282151"
"02/28/2020","AQS","261610008","3","4.2","ug/m3 LC","18","TOWNER ST, SOUTH; 2 LANE RESIDENIAL - HOSPITAL","1","100.0000","88101","PM2.5 - Local Conditions","11460","Ann Arbor, MI","26","Michigan","161","Washtenaw","42.2405654781129","-83.5996022282151"
"02/29/2020","AQS","261610008","3","4.2","ug/m3 LC","18","TOWNER ST, SOUTH; 2 LANE RESIDENIAL - HOSPITAL","1","100.0000","88101","PM2.5 - Local Conditions","11460","Ann Arbor, MI","26","Michigan","161","Washtenaw","42.2405654781129","-83.5996022282151"
"03/01/2020","AQS","261610008","3","11.8","ug/m3 LC","49","TOWNER ST, SOUTH; 2 LANE RESIDENIAL - HOSPITAL","1","100.0000","88101","PM2.5 - Local Conditions","11460","Ann Arbor, MI","26","Michigan","161","Washtenaw","42.2405654781129","-83.5996022282151"
"03/02/2020","AQS","261610008","3","7.2","ug/m3 LC","30","TOWNER ST, SOUTH; 2 LANE RESIDENIAL - HOSPITAL","1","100.0000","88101","PM2.5 - Local Conditions","11460","Ann Arbor, MI","26","Michigan","161","Washtenaw","42.2405654781129","-83.5996022282151"
"03/03/2020","AQS","261610008","3","9.2","ug/m3 LC","38","TOWNER ST, SOUTH; 2 LANE RESIDENIAL - HOSPITAL","1","100.0000","88101","PM2.5 - Local Conditions","11460","Ann Arbor, MI","26","Michigan","161","Washtenaw","42.2405654781129","-83.5996022282151"
"03/04/2020","AQS","261610008","3","5","ug/m3 LC","21","TOWNER ST, SOUTH; 2 LANE RESIDENIAL - HOSPITAL","1","100.0000","88101","PM2.5 - Local Conditions","11460","Ann Arbor, MI","26","Michigan","161","Washtenaw","42.2405654781129","-83.5996022282151"
"03/05/2020","AQS","261610008","3","8.1","ug/m3 LC","34","TOWNER ST, SOUTH; 2 LANE RESIDENIAL - HOSPITAL","1","100.0000","88101","PM2.5 - Local Conditions","11460","Ann Arbor, MI","26","Michigan","161","Washtenaw","42.2405654781129","-83.5996022282151"
"03/06/2020","AQS","261610008","3","4.6","ug/m3 LC","19","TOWNER ST, SOUTH; 2 LANE RESIDENIAL - HOSPITAL","1","100.0000","88101","PM2.5 - Local Conditions","11460","Ann Arbor, MI","26","Michigan","161","Washtenaw","42.2405654781129","-83.5996022282151"
"03/07/2020","AQS","261610008","3","7.8","ug/m3 LC","33","TOWNER ST, SOUTH; 2 LANE RESIDENIAL - HOSPITAL","1","100.0000","88101","PM2.5 - Local Conditions","11460","Ann Arbor, MI","26","Michigan","161","Washtenaw","42.2405654781129","-83.5996022282151"
"03/08/2020","AQS","261610008","3","6.1","ug/m3 LC","25","TOWNER ST, SOUTH; 2 LANE RESIDENIAL - HOSPITAL","1","100.0000","88101","PM2.5 - Local Conditions","11460","Ann Arbor, MI","26","Michigan","161","Washtenaw","42.2405654781129","-83.5996022282151"
"03/09/2020","AQS","261610008","3","9.6","ug/m3 LC","40","TOWNER ST, SOUTH; 2 LANE RESIDENIAL - HOSPITAL","1","100.0000","88101","PM2.5 - Local Conditions","11460","Ann Arbor, MI","26","Michigan","161","Washtenaw","42.2405654781129","-83.5996022282151"
"03/10/2020","AQS","261610008","3","7.9","ug/m3 LC","33","TOWNER ST, SOUTH; 2 LANE RESIDENIAL - HOSPITAL","1","100.0000","88101","PM2.5 - Local Conditions","11460","Ann Arbor, MI","26","Michigan","161","Washtenaw","42.2405654781129","-83.5996022282151"
"03/11/2020","AQS","261610008","3","15","ug/m3 LC","57","TOWNER ST, SOUTH; 2 LANE RESIDENIAL - HOSPITAL","1","100.0000","88101","PM2.5 - Local Conditions","11460","Ann Arbor, MI","26","Michigan","161","Washtenaw","42.2405654781129","-83.5996022282151"
"03/12/2020","AQS","261610008","3","14.1","ug/m3 LC","55","TOWNER ST, SOUTH; 2 LANE RESIDENIAL - HOSPITAL","1","100.0000","88101","PM2.5 - Local Conditions","11460","Ann Arbor, MI","26","Michigan","161","Washtenaw","42.2405654781129","-83.5996022282151"
"03/13/2020","AQS","261610008","3","5.6","ug/m3 LC","23","TOWNER ST, SOUTH; 2 LANE RESIDENIAL - HOSPITAL","1","100.0000","88101","PM2.5 - Local Conditions","11460","Ann Arbor, MI","26","Michigan","161","Washtenaw","42.2405654781129","-83.5996022282151"
"03/14/2020","AQS","261610008","3","8.6","ug/m3 LC","36","TOWNER ST, SOUTH; 2 LANE RESIDENIAL - HOSPITAL","1","100.0000","88101","PM2.5 - Local Conditions","11460","Ann Arbor, MI","26","Michigan","161","Washtenaw","42.2405654781129","-83.5996022282151"
"03/15/2020","AQS","261610008","3","6.6","ug/m3 LC","28","TOWNER ST, SOUTH; 2 LANE RESIDENIAL - HOSPITAL","1","100.0000","88101","PM2.5 - Local Conditions","11460","Ann Arbor, MI","26","Michigan","161","Washtenaw","42.2405654781129","-83.5996022282151"
"03/16/2020","AQS","261610008","3","7.5","ug/m3 LC","31","TOWNER ST, SOUTH; 2 LANE RESIDENIAL - HOSPITAL","1","100.0000","88101","PM2.5 - Local Conditions","11460","Ann Arbor, MI","26","Michigan","161","Washtenaw","42.2405654781129","-83.5996022282151"
"03/17/2020","AQS","261610008","3","10.3","ug/m3 LC","43","TOWNER ST, SOUTH; 2 LANE RESIDENIAL - HOSPITAL","1","100.0000","88101","PM2.5 - Local Conditions","11460","Ann Arbor, MI","26","Michigan","161","Washtenaw","42.2405654781129","-83.5996022282151"
"03/18/2020","AQS","261610008","3","12.9","ug/m3 LC","53","TOWNER ST, SOUTH; 2 LANE RESIDENIAL - HOSPITAL","1","100.0000","88101","PM2.5 - Local Conditions","11460","Ann Arbor, MI","26","Michigan","161","Washtenaw","42.2405654781129","-83.5996022282151"
"03/19/2020","AQS","261610008","3","13.5","ug/m3 LC","54","TOWNER ST, SOUTH; 2 LANE RESIDENIAL - HOSPITAL","1","100.0000","88101","PM2.5 - Local Conditions","11460","Ann Arbor, MI","26","Michigan","161","Washtenaw","42.2405654781129","-83.5996022282151"
"03/20/2020","AQS","261610008","3","8.1","ug/m3 LC","34","TOWNER ST, SOUTH; 2 LANE RESIDENIAL - HOSPITAL","1","100.0000","88101","PM2.5 - Local Conditions","11460","Ann Arbor, MI","26","Michigan","161","Washtenaw","42.2405654781129","-83.5996022282151"
"03/21/2020","AQS","261610008","3","5.2","ug/m3 LC","22","TOWNER ST, SOUTH; 2 LANE RESIDENIAL - HOSPITAL","1","100.0000","88101","PM2.5 - Local Conditions","11460","Ann Arbor, MI","26","Michigan","161","Washtenaw","42.2405654781129","-83.5996022282151"
"03/22/2020","AQS","261610008","3","4.7","ug/m3 LC","20","TOWNER ST, SOUTH; 2 LANE RESIDENIAL - HOSPITAL","1","100.0000","88101","PM2.5 - Local Conditions","11460","Ann Arbor, MI","26","Michigan","161","Washtenaw","42.2405654781129","-83.5996022282151"
"03/23/2020","AQS","261610008","3","8.4","ug/m3 LC","35","TOWNER ST, SOUTH; 2 LANE RESIDENIAL - HOSPITAL","1","100.0000","88101","PM2.5 - Local Conditions","11460","Ann Arbor, MI","26","Michigan","161","Washtenaw","42.2405654781129","-83.5996022282151"
"03/24/2020","AQS","261610008","3","11.7","ug/m3 LC","49","TOWNER ST, SOUTH; 2 LANE RESIDENIAL - HOSPITAL","1","100.0000","88101","PM2.5 - Local Conditions","11460","Ann Arbor, MI","26","Michigan","161","Washtenaw","42.2405654781129","-83.5996022282151"
"03/25/2020","AQS","261610008","3","15.5","ug/m3 LC","58","TOWNER ST, SOUTH; 2 LANE RESIDENIAL - HOSPITAL","1","100.0000","88101","PM2.5 - Local Conditions","11460","Ann Arbor, MI","26","Michigan","161","Washtenaw","42.2405654781129","-83.5996022282151"
"03/26/2020","AQS","261610008","3","12.3","ug/m3 LC","51","TOWNER ST, SOUTH; 2 LANE RESIDENIAL - HOSPITAL","1","100.0000","88101","PM2.5 - Local Conditions","11460","Ann Arbor, MI","26","Michigan","161","Washtenaw","42.2405654781129","-83.5996022282151"
"03/27/2020","AQS","261610008","3","10.8","ug/m3 LC","45","TOWNER ST, SOUTH; 2 LANE RESIDENIAL - HOSPITAL","1","100.0000","88101","PM2.5 - Local Conditions","11460","Ann Arbor, MI","26","Michigan","161","Washtenaw","42.2405654781129","-83.5996022282151"
"03/28/2020","AQS","261610008","3","6.6","ug/m3 LC","28","TOWNER ST, SOUTH; 2 LANE RESIDENIAL - HOSPITAL","1","100.0000","88101","PM2.5 - Local Conditions","11460","Ann Arbor, MI","26","Michigan","161","Washtenaw","42.2405654781129","-83.5996022282151"
"03/29/2020","AQS","261610008","3","3.2","ug/m3 LC","13","TOWNER ST, SOUTH; 2 LANE RESIDENIAL - HOSPITAL","1","100.0000","88101","PM2.5 - Local Conditions","11460","Ann Arbor, MI","26","Michigan","161","Washtenaw","42.2405654781129","-83.5996022282151"
"03/30/2020","AQS","261610008","3","2.1","ug/m3 LC","9","TOWNER ST, SOUTH; 2 LANE RESIDENIAL - HOSPITAL","1","100.0000","88101","PM2.5 - Local Conditions","11460","Ann Arbor, MI","26","Michigan","161","Washtenaw","42.2405654781129","-83.5996022282151"
"03/31/2020","AQS","261610008","3","4.6","ug/m3 LC","19","TOWNER ST, SOUTH; 2 LANE RESIDENIAL - HOSPITAL","1","100.0000","88101","PM2.5 - Local Conditions","11460","Ann Arbor, MI","26","Michigan","161","Washtenaw","42.2405654781129","-83.5996022282151"
"04/01/2020","AQS","261610008","3","6.7","ug/m3 LC","28","TOWNER ST, SOUTH; 2 LANE RESIDENIAL - HOSPITAL","1","100.0000","88101","PM2.5 - Local Conditions","11460","Ann Arbor, MI","26","Michigan","161","Washtenaw","42.2405654781129","-83.5996022282151"
"04/02/2020","AQS","261610008","3","7.8","ug/m3 LC","33","TOWNER ST, SOUTH; 2 LANE RESIDENIAL - HOSPITAL","1","100.0000","88101","PM2.5 - Local Conditions","11460","Ann Arbor, MI","26","Michigan","161","Washtenaw","42.2405654781129","-83.5996022282151"
"04/03/2020","AQS","261610008","3","6.7","ug/m3 LC","28","TOWNER ST, SOUTH; 2 LANE RESIDENIAL - HOSPITAL","1","100.0000","88101","PM2.5 - Local Conditions","11460","Ann Arbor, MI","26","Michigan","161","Washtenaw","42.2405654781129","-83.5996022282151"
"04/04/2020","AQS","261610008","3","12.5","ug/m3 LC","52","TOWNER ST, SOUTH; 2 LANE RESIDENIAL - HOSPITAL","1","100.0000","88101","PM2.5 - Local Conditions","11460","Ann Arbor, MI","26","Michigan","161","Washtenaw","42.2405654781129","-83.5996022282151"
"04/05/2020","AQS","261610008","3","8.6","ug/m3 LC","36","TOWNER ST, SOUTH; 2 LANE RESIDENIAL - HOSPITAL","1","100.0000","88101","PM2.5 - Local Conditions","11460","Ann Arbor, MI","26","Michigan","161","Washtenaw","42.2405654781129","-83.5996022282151"
"04/06/2020","AQS","261610008","3","10.1","ug/m3 LC","42","TOWNER ST, SOUTH; 2 LANE RESIDENIAL - HOSPITAL","1","100.0000","88101","PM2.5 - Local Conditions","11460","Ann Arbor, MI","26","Michigan","161","Washtenaw","42.2405654781129","-83.5996022282151"
"04/07/2020","AQS","261610008","3","8.2","ug/m3 LC","34","TOWNER ST, SOUTH; 2 LANE RESIDENIAL - HOSPITAL","1","100.0000","88101","PM2.5 - Local Conditions","11460","Ann Arbor, MI","26","Michigan","161","Washtenaw","42.2405654781129","-83.5996022282151"
"04/08/2020","AQS","261610008","3","6.1","ug/m3 LC","25","TOWNER ST, SOUTH; 2 LANE RESIDENIAL - HOSPITAL","1","100.0000","88101","PM2.5 - Local Conditions","11460","Ann Arbor, MI","26","Michigan","161","Washtenaw","42.2405654781129","-83.5996022282151"
"04/09/2020","AQS","261610008","3","3.4","ug/m3 LC","14","TOWNER ST, SOUTH; 2 LANE RESIDENIAL - HOSPITAL","1","100.0000","88101","PM2.5 - Local Conditions","11460","Ann Arbor, MI","26","Michigan","161","Washtenaw","42.2405654781129","-83.5996022282151"
"04/10/2020","AQS","261610008","3","4.7","ug/m3 LC","20","TOWNER ST, SOUTH; 2 LANE RESIDENIAL - HOSPITAL","1","100.0000","88101","PM2.5 - Local Conditions","11460","Ann Arbor, MI","26","Michigan","161","Washtenaw","42.2405654781129","-83.5996022282151"
"04/11/2020","AQS","261610008","3","7","ug/m3 LC","29","TOWNER ST, SOUTH; 2 LANE RESIDENIAL - HOSPITAL","1","100.0000","88101","PM2.5 - Local Conditions","11460","Ann Arbor, MI","26","Michigan","161","Washtenaw","42.2405654781129","-83.5996022282151"
"04/12/2020","AQS","261610008","3","8","ug/m3 LC","33","TOWNER ST, SOUTH; 2 LANE RESIDENIAL - HOSPITAL","1","100.0000","88101","PM2.5 - Local Conditions","11460","Ann Arbor, MI","26","Michigan","161","Washtenaw","42.2405654781129","-83.5996022282151"
"04/13/2020","AQS","261610008","3","6.7","ug/m3 LC","28","TOWNER ST, SOUTH; 2 LANE RESIDENIAL - HOSPITAL","1","100.0000","88101","PM2.5 - Local Conditions","11460","Ann Arbor, MI","26","Michigan","161","Washtenaw","42.2405654781129","-83.5996022282151"
"04/14/2020","AQS","261610008","3","3.2","ug/m3 LC","13","TOWNER ST, SOUTH; 2 LANE RESIDENIAL - HOSPITAL","1","100.0000","88101","PM2.5 - Local Conditions","11460","Ann Arbor, MI","26","Michigan","161","Washtenaw","42.2405654781129","-83.5996022282151"
"04/15/2020","AQS","261610008","3","8.3","ug/m3 LC","35","TOWNER ST, SOUTH; 2 LANE RESIDENIAL - HOSPITAL","1","100.0000","88101","PM2.5 - Local Conditions","11460","Ann Arbor, MI","26","Michigan","161","Washtenaw","42.2405654781129","-83.5996022282151"
"04/16/2020","AQS","261610008","3","6.7","ug/m3 LC","28","TOWNER ST, SOUTH; 2 LANE RESIDENIAL - HOSPITAL","1","100.0000","88101","PM2.5 - Local Conditions","11460","Ann Arbor, MI","26","Michigan","161","Washtenaw","42.2405654781129","-83.5996022282151"
"04/17/2020","AQS","261610008","3","8.9","ug/m3 LC","37","TOWNER ST, SOUTH; 2 LANE RESIDENIAL - HOSPITAL","1","100.0000","88101","PM2.5 - Local Conditions","11460","Ann Arbor, MI","26","Michigan","161","Washtenaw","42.2405654781129","-83.5996022282151"
"04/18/2020","AQS","261610008","3","10.5","ug/m3 LC","44","TOWNER ST, SOUTH; 2 LANE RESIDENIAL - HOSPITAL","1","100.0000","88101","PM2.5 - Local Conditions","11460","Ann Arbor, MI","26","Michigan","161","Washtenaw","42.2405654781129","-83.5996022282151"
"04/19/2020","AQS","261610008","3","7.8","ug/m3 LC","33","TOWNER ST, SOUTH; 2 LANE RESIDENIAL - HOSPITAL","1","100.0000","88101","PM2.5 - Local Conditions","11460","Ann Arbor, MI","26","Michigan","161","Washtenaw","42.2405654781129","-83.5996022282151"
"04/20/2020","AQS","261610008","3","6.4","ug/m3 LC","27","TOWNER ST, SOUTH; 2 LANE RESIDENIAL - HOSPITAL","1","100.0000","88101","PM2.5 - Local Conditions","11460","Ann Arbor, MI","26","Michigan","161","Washtenaw","42.2405654781129","-83.5996022282151"
"04/21/2020","AQS","261610008","3","1.8","ug/m3 LC","8","TOWNER ST, SOUTH; 2 LANE RESIDENIAL - HOSPITAL","1","100.0000","88101","PM2.5 - Local Conditions","11460","Ann Arbor, MI","26","Michigan","161","Washtenaw","42.2405654781129","-83.5996022282151"
"04/22/2020","AQS","261610008","3","6.4","ug/m3 LC","27","TOWNER ST, SOUTH; 2 LANE RESIDENIAL - HOSPITAL","1","100.0000","88101","PM2.5 - Local Conditions","11460","Ann Arbor, MI","26","Michigan","161","Washtenaw","42.2405654781129","-83.5996022282151"
"04/23/2020","AQS","261610008","3","14.4","ug/m3 LC","56","TOWNER ST, SOUTH; 2 LANE RESIDENIAL - HOSPITAL","1","100.0000","88101","PM2.5 - Local Conditions","11460","Ann Arbor, MI","26","Michigan","161","Washtenaw","42.2405654781129","-83.5996022282151"
"04/24/2020","AQS","261610008","3","16.1","ug/m3 LC","59","TOWNER ST, SOUTH; 2 LANE RESIDENIAL - HOSPITAL","1","100.0000","88101","PM2.5 - Local Conditions","11460","Ann Arbor, MI","26","Michigan","161","Washtenaw","42.2405654781129","-83.5996022282151"
"04/25/2020","AQS","261610008","3","10.6","ug/m3 LC","44","TOWNER ST, SOUTH; 2 LANE RESIDENIAL - HOSPITAL","1","100.0000","88101","PM2.5 - Local Conditions","11460","Ann Arbor, MI","26","Michigan","161","Washtenaw","42.2405654781129","-83.5996022282151"
"04/26/2020","AQS","261610008","3","5.1","ug/m3 LC","21","TOWNER ST, SOUTH; 2 LANE RESIDENIAL - HOSPITAL","1","100.0000","88101","PM2.5 - Local Conditions","11460","Ann Arbor, MI","26","Michigan","161","Washtenaw","42.2405654781129","-83.5996022282151"
"04/27/2020","AQS","261610008","3","7.8","ug/m3 LC","33","TOWNER ST, SOUTH; 2 LANE RESIDENIAL - HOSPITAL","1","100.0000","88101","PM2.5 - Local Conditions","11460","Ann Arbor, MI","26","Michigan","161","Washtenaw","42.2405654781129","-83.5996022282151"
"04/28/2020","AQS","261610008","3","10.4","ug/m3 LC","43","TOWNER ST, SOUTH; 2 LANE RESIDENIAL - HOSPITAL","1","100.0000","88101","PM2.5 - Local Conditions","11460","Ann Arbor, MI","26","Michigan","161","Washtenaw","42.2405654781129","-83.5996022282151"
"04/29/2020","AQS","261610008","3","7.2","ug/m3 LC","30","TOWNER ST, SOUTH; 2 LANE RESIDENIAL - HOSPITAL","1","100.0000","88101","PM2.5 - Local Conditions","11460","Ann Arbor, MI","26","Michigan","161","Washtenaw","42.2405654781129","-83.5996022282151"
"04/30/2020","AQS","261610008","3","3.1","ug/m3 LC","13","TOWNER ST, SOUTH; 2 LANE RESIDENIAL - HOSPITAL","1","100.0000","88101","PM2.5 - Local Conditions","11460","Ann Arbor, MI","26","Michigan","161","Washtenaw","42.2405654781129","-83.5996022282151"
"05/01/2020","AQS","261610008","3","7","ug/m3 LC","29","TOWNER ST, SOUTH; 2 LANE RESIDENIAL - HOSPITAL","1","100.0000","88101","PM2.5 - Local Conditions","11460","Ann Arbor, MI","26","Michigan","161","Washtenaw","42.2405654781129","-83.5996022282151"
"05/02/2020","AQS","261610008","3","9.6","ug/m3 LC","40","TOWNER ST, SOUTH; 2 LANE RESIDENIAL - HOSPITAL","1","100.0000","88101","PM2.5 - Local Conditions","11460","Ann Arbor, MI","26","Michigan","161","Washtenaw","42.2405654781129","-83.5996022282151"
"05/03/2020","AQS","261610008","3","6.5","ug/m3 LC","27","TOWNER ST, SOUTH; 2 LANE RESIDENIAL - HOSPITAL","1","100.0000","88101","PM2.5 - Local Conditions","11460","Ann Arbor, MI","26","Michigan","161","Washtenaw","42.2405654781129","-83.5996022282151"
"05/04/2020","AQS","261610008","3","3.3","ug/m3 LC","14","TOWNER ST, SOUTH; 2 LANE RESIDENIAL - HOSPITAL","1","100.0000","88101","PM2.5 - Local Conditions","11460","Ann Arbor, MI","26","Michigan","161","Washtenaw","42.2405654781129","-83.5996022282151"
"05/05/2020","AQS","261610008","3","3.6","ug/m3 LC","15","TOWNER ST, SOUTH; 2 LANE RESIDENIAL - HOSPITAL","1","100.0000","88101","PM2.5 - Local Conditions","11460","Ann Arbor, MI","26","Michigan","161","Washtenaw","42.2405654781129","-83.5996022282151"
"05/06/2020","AQS","261610008","3","5.8","ug/m3 LC","24","TOWNER ST, SOUTH; 2 LANE RESIDENIAL - HOSPITAL","1","100.0000","88101","PM2.5 - Local Conditions","11460","Ann Arbor, MI","26","Michigan","161","Washtenaw","42.2405654781129","-83.5996022282151"
"05/07/2020","AQS","261610008","3","5.4","ug/m3 LC","23","TOWNER ST, SOUTH; 2 LANE RESIDENIAL - HOSPITAL","1","100.0000","88101","PM2.5 - Local Conditions","11460","Ann Arbor, MI","26","Michigan","161","Washtenaw","42.2405654781129","-83.5996022282151"
"05/08/2020","AQS","261610008","3","3.6","ug/m3 LC","15","TOWNER ST, SOUTH; 2 LANE RESIDENIAL - HOSPITAL","1","100.0000","88101","PM2.5 - Local Conditions","11460","Ann Arbor, MI","26","Michigan","161","Washtenaw","42.2405654781129","-83.5996022282151"
"05/09/2020","AQS","261610008","3","4.5","ug/m3 LC","19","TOWNER ST, SOUTH; 2 LANE RESIDENIAL - HOSPITAL","1","100.0000","88101","PM2.5 - Local Conditions","11460","Ann Arbor, MI","26","Michigan","161","Washtenaw","42.2405654781129","-83.5996022282151"
"05/10/2020","AQS","261610008","3","4.8","ug/m3 LC","20","TOWNER ST, SOUTH; 2 LANE RESIDENIAL - HOSPITAL","1","100.0000","88101","PM2.5 - Local Conditions","11460","Ann Arbor, MI","26","Michigan","161","Washtenaw","42.2405654781129","-83.5996022282151"
"05/11/2020","AQS","261610008","3","3.3","ug/m3 LC","14","TOWNER ST, SOUTH; 2 LANE RESIDENIAL - HOSPITAL","1","100.0000","88101","PM2.5 - Local Conditions","11460","Ann Arbor, MI","26","Michigan","161","Washtenaw","42.2405654781129","-83.5996022282151"
"05/12/2020","AQS","261610008","3","5.7","ug/m3 LC","24","TOWNER ST, SOUTH; 2 LANE RESIDENIAL - HOSPITAL","1","100.0000","88101","PM2.5 - Local Conditions","11460","Ann Arbor, MI","26","Michigan","161","Washtenaw","42.2405654781129","-83.5996022282151"
"05/13/2020","AQS","261610008","3","7.1","ug/m3 LC","30","TOWNER ST, SOUTH; 2 LANE RESIDENIAL - HOSPITAL","1","100.0000","88101","PM2.5 - Local Conditions","11460","Ann Arbor, MI","26","Michigan","161","Washtenaw","42.2405654781129","-83.5996022282151"
"05/14/2020","AQS","261610008","3","4.9","ug/m3 LC","20","TOWNER ST, SOUTH; 2 LANE RESIDENIAL - HOSPITAL","1","100.0000","88101","PM2.5 - Local Conditions","11460","Ann Arbor, MI","26","Michigan","161","Washtenaw","42.2405654781129","-83.5996022282151"
"05/15/2020","AQS","261610008","3","6.3","ug/m3 LC","26","TOWNER ST, SOUTH; 2 LANE RESIDENIAL - HOSPITAL","1","100.0000","88101","PM2.5 - Local Conditions","11460","Ann Arbor, MI","26","Michigan","161","Washtenaw","42.2405654781129","-83.5996022282151"
"05/16/2020","AQS","261610008","3","8.9","ug/m3 LC","37","TOWNER ST, SOUTH; 2 LANE RESIDENIAL - HOSPITAL","1","100.0000","88101","PM2.5 - Local Conditions","11460","Ann Arbor, MI","26","Michigan","161","Washtenaw","42.2405654781129","-83.5996022282151"
"05/17/2020","AQS","261610008","3","6.9","ug/m3 LC","29","TOWNER ST, SOUTH; 2 LANE RESIDENIAL - HOSPITAL","1","100.0000","88101","PM2.5 - Local Conditions","11460","Ann Arbor, MI","26","Michigan","161","Washtenaw","42.2405654781129","-83.5996022282151"
"05/18/2020","AQS","261610008","3","6.7","ug/m3 LC","28","TOWNER ST, SOUTH; 2 LANE RESIDENIAL - HOSPITAL","1","100.0000","88101","PM2.5 - Local Conditions","11460","Ann Arbor, MI","26","Michigan","161","Washtenaw","42.2405654781129","-83.5996022282151"
"05/19/2020","AQS","261610008","3","6.6","ug/m3 LC","28","TOWNER ST, SOUTH; 2 LANE RESIDENIAL - HOSPITAL","1","100.0000","88101","PM2.5 - Local Conditions","11460","Ann Arbor, MI","26","Michigan","161","Washtenaw","42.2405654781129","-83.5996022282151"
"05/20/2020","AQS","261610008","3","6.2","ug/m3 LC","26","TOWNER ST, SOUTH; 2 LANE RESIDENIAL - HOSPITAL","1","100.0000","88101","PM2.5 - Local Conditions","11460","Ann Arbor, MI","26","Michigan","161","Washtenaw","42.2405654781129","-83.5996022282151"
"05/21/2020","AQS","261610008","3","6.4","ug/m3 LC","27","TOWNER ST, SOUTH; 2 LANE RESIDENIAL - HOSPITAL","1","100.0000","88101","PM2.5 - Local Conditions","11460","Ann Arbor, MI","26","Michigan","161","Washtenaw","42.2405654781129","-83.5996022282151"
"05/22/2020","AQS","261610008","3","5.6","ug/m3 LC","23","TOWNER ST, SOUTH; 2 LANE RESIDENIAL - HOSPITAL","1","100.0000","88101","PM2.5 - Local Conditions","11460","Ann Arbor, MI","26","Michigan","161","Washtenaw","42.2405654781129","-83.5996022282151"
"05/23/2020","AQS","261610008","3","6.7","ug/m3 LC","28","TOWNER ST, SOUTH; 2 LANE RESIDENIAL - HOSPITAL","1","100.0000","88101","PM2.5 - Local Conditions","11460","Ann Arbor, MI","26","Michigan","161","Washtenaw","42.2405654781129","-83.5996022282151"
"05/24/2020","AQS","261610008","3","10.2","ug/m3 LC","43","TOWNER ST, SOUTH; 2 LANE RESIDENIAL - HOSPITAL","1","100.0000","88101","PM2.5 - Local Conditions","11460","Ann Arbor, MI","26","Michigan","161","Washtenaw","42.2405654781129","-83.5996022282151"
"05/25/2020","AQS","261610008","3","9.7","ug/m3 LC","40","TOWNER ST, SOUTH; 2 LANE RESIDENIAL - HOSPITAL","1","100.0000","88101","PM2.5 - Local Conditions","11460","Ann Arbor, MI","26","Michigan","161","Washtenaw","42.2405654781129","-83.5996022282151"
"05/26/2020","AQS","261610008","3","11.1","ug/m3 LC","46","TOWNER ST, SOUTH; 2 LANE RESIDENIAL - HOSPITAL","1","100.0000","88101","PM2.5 - Local Conditions","11460","Ann Arbor, MI","26","Michigan","161","Washtenaw","42.2405654781129","-83.5996022282151"
"05/27/2020","AQS","261610008","3","11.9","ug/m3 LC","50","TOWNER ST, SOUTH; 2 LANE RESIDENIAL - HOSPITAL","1","100.0000","88101","PM2.5 - Local Conditions","11460","Ann Arbor, MI","26","Michigan","161","Washtenaw","42.2405654781129","-83.5996022282151"
"05/28/2020","AQS","261610008","3","5.6","ug/m3 LC","23","TOWNER ST, SOUTH; 2 LANE RESIDENIAL - HOSPITAL","1","100.0000","88101","PM2.5 - Local Conditions","11460","Ann Arbor, MI","26","Michigan","161","Washtenaw","42.2405654781129","-83.5996022282151"
"05/29/2020","AQS","261610008","3","3.5","ug/m3 LC","15","TOWNER ST, SOUTH; 2 LANE RESIDENIAL - HOSPITAL","1","100.0000","88101","PM2.5 - Local Conditions","11460","Ann Arbor, MI","26","Michigan","161","Washtenaw","42.2405654781129","-83.5996022282151"
"05/30/2020","AQS","261610008","3","4.3","ug/m3 LC","18","TOWNER ST, SOUTH; 2 LANE RESIDENIAL - HOSPITAL","1","100.0000","88101","PM2.5 - Local Conditions","11460","Ann Arbor, MI","26","Michigan","161","Washtenaw","42.2405654781129","-83.5996022282151"
"05/31/2020","AQS","261610008","3","4.5","ug/m3 LC","19","TOWNER ST, SOUTH; 2 LANE RESIDENIAL - HOSPITAL","1","100.0000","88101","PM2.5 - Local Conditions","11460","Ann Arbor, MI","26","Michigan","161","Washtenaw","42.2405654781129","-83.5996022282151"
"06/01/2020","AQS","261610008","3","6.8","ug/m3 LC","28","TOWNER ST, SOUTH; 2 LANE RESIDENIAL - HOSPITAL","1","100.0000","88101","PM2.5 - Local Conditions","11460","Ann Arbor, MI","26","Michigan","161","Washtenaw","42.2405654781129","-83.5996022282151"
"06/02/2020","AQS","261610008","3","7.7","ug/m3 LC","32","TOWNER ST, SOUTH; 2 LANE RESIDENIAL - HOSPITAL","1","100.0000","88101","PM2.5 - Local Conditions","11460","Ann Arbor, MI","26","Michigan","161","Washtenaw","42.2405654781129","-83.5996022282151"
"06/03/2020","AQS","261610008","3","6.2","ug/m3 LC","26","TOWNER ST, SOUTH; 2 LANE RESIDENIAL - HOSPITAL","1","100.0000","88101","PM2.5 - Local Conditions","11460","Ann Arbor, MI","26","Michigan","161","Washtenaw","42.2405654781129","-83.5996022282151"
"06/04/2020","AQS","261610008","3","7.3","ug/m3 LC","30","TOWNER ST, SOUTH; 2 LANE RESIDENIAL - HOSPITAL","1","100.0000","88101","PM2.5 - Local Conditions","11460","Ann Arbor, MI","26","Michigan","161","Washtenaw","42.2405654781129","-83.5996022282151"
"06/05/2020","AQS","261610008","3","9.2","ug/m3 LC","38","TOWNER ST, SOUTH; 2 LANE RESIDENIAL - HOSPITAL","1","100.0000","88101","PM2.5 - Local Conditions","11460","Ann Arbor, MI","26","Michigan","161","Washtenaw","42.2405654781129","-83.5996022282151"
"06/06/2020","AQS","261610008","3","9.1","ug/m3 LC","38","TOWNER ST, SOUTH; 2 LANE RESIDENIAL - HOSPITAL","1","100.0000","88101","PM2.5 - Local Conditions","11460","Ann Arbor, MI","26","Michigan","161","Washtenaw","42.2405654781129","-83.5996022282151"
"06/07/2020","AQS","261610008","3","4.8","ug/m3 LC","20","TOWNER ST, SOUTH; 2 LANE RESIDENIAL - HOSPITAL","1","100.0000","88101","PM2.5 - Local Conditions","11460","Ann Arbor, MI","26","Michigan","161","Washtenaw","42.2405654781129","-83.5996022282151"
"06/08/2020","AQS","261610008","3","6.8","ug/m3 LC","28","TOWNER ST, SOUTH; 2 LANE RESIDENIAL - HOSPITAL","1","100.0000","88101","PM2.5 - Local Conditions","11460","Ann Arbor, MI","26","Michigan","161","Washtenaw","42.2405654781129","-83.5996022282151"
"06/09/2020","AQS","261610008","3","6.6","ug/m3 LC","28","TOWNER ST, SOUTH; 2 LANE RESIDENIAL - HOSPITAL","1","100.0000","88101","PM2.5 - Local Conditions","11460","Ann Arbor, MI","26","Michigan","161","Washtenaw","42.2405654781129","-83.5996022282151"
"06/10/2020","AQS","261610008","3","10.1","ug/m3 LC","42","TOWNER ST, SOUTH; 2 LANE RESIDENIAL - HOSPITAL","1","100.0000","88101","PM2.5 - Local Conditions","11460","Ann Arbor, MI","26","Michigan","161","Washtenaw","42.2405654781129","-83.5996022282151"
"06/11/2020","AQS","261610008","3","3.3","ug/m3 LC","14","TOWNER ST, SOUTH; 2 LANE RESIDENIAL - HOSPITAL","1","100.0000","88101","PM2.5 - Local Conditions","11460","Ann Arbor, MI","26","Michigan","161","Washtenaw","42.2405654781129","-83.5996022282151"
"06/12/2020","AQS","261610008","3","5.8","ug/m3 LC","24","TOWNER ST, SOUTH; 2 LANE RESIDENIAL - HOSPITAL","1","100.0000","88101","PM2.5 - Local Conditions","11460","Ann Arbor, MI","26","Michigan","161","Washtenaw","42.2405654781129","-83.5996022282151"
"06/13/2020","AQS","261610008","3","4.6","ug/m3 LC","19","TOWNER ST, SOUTH; 2 LANE RESIDENIAL - HOSPITAL","1","100.0000","88101","PM2.5 - Local Conditions","11460","Ann Arbor, MI","26","Michigan","161","Washtenaw","42.2405654781129","-83.5996022282151"
"06/14/2020","AQS","261610008","3","5.2","ug/m3 LC","22","TOWNER ST, SOUTH; 2 LANE RESIDENIAL - HOSPITAL","1","100.0000","88101","PM2.5 - Local Conditions","11460","Ann Arbor, MI","26","Michigan","161","Washtenaw","42.2405654781129","-83.5996022282151"
"06/15/2020","AQS","261610008","3","8.4","ug/m3 LC","35","TOWNER ST, SOUTH; 2 LANE RESIDENIAL - HOSPITAL","1","100.0000","88101","PM2.5 - Local Conditions","11460","Ann Arbor, MI","26","Michigan","161","Washtenaw","42.2405654781129","-83.5996022282151"
"06/16/2020","AQS","261610008","3","10.4","ug/m3 LC","43","TOWNER ST, SOUTH; 2 LANE RESIDENIAL - HOSPITAL","1","100.0000","88101","PM2.5 - Local Conditions","11460","Ann Arbor, MI","26","Michigan","161","Washtenaw","42.2405654781129","-83.5996022282151"
"06/17/2020","AQS","261610008","3","10.1","ug/m3 LC","42","TOWNER ST, SOUTH; 2 LANE RESIDENIAL - HOSPITAL","1","100.0000","88101","PM2.5 - Local Conditions","11460","Ann Arbor, MI","26","Michigan","161","Washtenaw","42.2405654781129","-83.5996022282151"
"06/18/2020","AQS","261610008","3","8.6","ug/m3 LC","36","TOWNER ST, SOUTH; 2 LANE RESIDENIAL - HOSPITAL","1","100.0000","88101","PM2.5 - Local Conditions","11460","Ann Arbor, MI","26","Michigan","161","Washtenaw","42.2405654781129","-83.5996022282151"
"06/19/2020","AQS","261610008","3","7.9","ug/m3 LC","33","TOWNER ST, SOUTH; 2 LANE RESIDENIAL - HOSPITAL","1","100.0000","88101","PM2.5 - Local Conditions","11460","Ann Arbor, MI","26","Michigan","161","Washtenaw","42.2405654781129","-83.5996022282151"
"06/20/2020","AQS","261610008","3","13.3","ug/m3 LC","54","TOWNER ST, SOUTH; 2 LANE RESIDENIAL - HOSPITAL","1","100.0000","88101","PM2.5 - Local Conditions","11460","Ann Arbor, MI","26","Michigan","161","Washtenaw","42.2405654781129","-83.5996022282151"
"06/21/2020","AQS","261610008","3","8.9","ug/m3 LC","37","TOWNER ST, SOUTH; 2 LANE RESIDENIAL - HOSPITAL","1","100.0000","88101","PM2.5 - Local Conditions","11460","Ann Arbor, MI","26","Michigan","161","Washtenaw","42.2405654781129","-83.5996022282151"
"06/22/2020","AQS","261610008","3","9.4","ug/m3 LC","39","TOWNER ST, SOUTH; 2 LANE RESIDENIAL - HOSPITAL","1","100.0000","88101","PM2.5 - Local Conditions","11460","Ann Arbor, MI","26","Michigan","161","Washtenaw","42.2405654781129","-83.5996022282151"
"06/23/2020","AQS","261610008","3","5.4","ug/m3 LC","23","TOWNER ST, SOUTH; 2 LANE RESIDENIAL - HOSPITAL","1","100.0000","88101","PM2.5 - Local Conditions","11460","Ann Arbor, MI","26","Michigan","161","Washtenaw","42.2405654781129","-83.5996022282151"
"06/24/2020","AQS","261610008","3","3.7","ug/m3 LC","15","TOWNER ST, SOUTH; 2 LANE RESIDENIAL - HOSPITAL","1","100.0000","88101","PM2.5 - Local Conditions","11460","Ann Arbor, MI","26","Michigan","161","Washtenaw","42.2405654781129","-83.5996022282151"
"06/25/2020","AQS","261610008","3","6.2","ug/m3 LC","26","TOWNER ST, SOUTH; 2 LANE RESIDENIAL - HOSPITAL","1","100.0000","88101","PM2.5 - Local Conditions","11460","Ann Arbor, MI","26","Michigan","161","Washtenaw","42.2405654781129","-83.5996022282151"
"06/26/2020","AQS","261610008","3","5.6","ug/m3 LC","23","TOWNER ST, SOUTH; 2 LANE RESIDENIAL - HOSPITAL","1","100.0000","88101","PM2.5 - Local Conditions","11460","Ann Arbor, MI","26","Michigan","161","Washtenaw","42.2405654781129","-83.5996022282151"
"06/27/2020","AQS","261610008","3","6.4","ug/m3 LC","27","TOWNER ST, SOUTH; 2 LANE RESIDENIAL - HOSPITAL","1","100.0000","88101","PM2.5 - Local Conditions","11460","Ann Arbor, MI","26","Michigan","161","Washtenaw","42.2405654781129","-83.5996022282151"
"06/28/2020","AQS","261610008","3","7.6","ug/m3 LC","32","TOWNER ST, SOUTH; 2 LANE RESIDENIAL - HOSPITAL","1","100.0000","88101","PM2.5 - Local Conditions","11460","Ann Arbor, MI","26","Michigan","161","Washtenaw","42.2405654781129","-83.5996022282151"
"06/29/2020","AQS","261610008","3","15.8","ug/m3 LC","59","TOWNER ST, SOUTH; 2 LANE RESIDENIAL - HOSPITAL","1","100.0000","88101","PM2.5 - Local Conditions","11460","Ann Arbor, MI","26","Michigan","161","Washtenaw","42.2405654781129","-83.5996022282151"
"06/30/2020","AQS","261610008","3","11.6","ug/m3 LC","48","TOWNER ST, SOUTH; 2 LANE RESIDENIAL - HOSPITAL","1","100.0000","88101","PM2.5 - Local Conditions","11460","Ann Arbor, MI","26","Michigan","161","Washtenaw","42.2405654781129","-83.5996022282151"
"07/01/2020","AirNow","261610008","3","10.9","ug/m3 LC","45","TOWNER ST, SOUTH; 2 LANE RESIDENIAL - HOSPITAL","1","100.0000","88502","Acceptable PM2.5 AQI & Speciation Mass","11460","Ann Arbor, MI","26","Michigan","161","Washtenaw","42.2405654781129","-83.5996022282151"
"07/02/2020","AirNow","261610008","3","11.2","ug/m3 LC","47","TOWNER ST, SOUTH; 2 LANE RESIDENIAL - HOSPITAL","1","100.0000","88502","Acceptable PM2.5 AQI & Speciation Mass","11460","Ann Arbor, MI","26","Michigan","161","Washtenaw","42.2405654781129","-83.5996022282151"
"07/03/2020","AirNow","261610008","3","11.7","ug/m3 LC","49","TOWNER ST, SOUTH; 2 LANE RESIDENIAL - HOSPITAL","1","100.0000","88502","Acceptable PM2.5 AQI & Speciation Mass","11460","Ann Arbor, MI","26","Michigan","161","Washtenaw","42.2405654781129","-83.5996022282151"
"07/04/2020","AirNow","261610008","3","25.4","ug/m3 LC","79","TOWNER ST, SOUTH; 2 LANE RESIDENIAL - HOSPITAL","1","100.0000","88502","Acceptable PM2.5 AQI & Speciation Mass","11460","Ann Arbor, MI","26","Michigan","161","Washtenaw","42.2405654781129","-83.5996022282151"
"07/05/2020","AirNow","261610008","3","67.9","ug/m3 LC","157","TOWNER ST, SOUTH; 2 LANE RESIDENIAL - HOSPITAL","1","100.0000","88502","Acceptable PM2.5 AQI & Speciation Mass","11460","Ann Arbor, MI","26","Michigan","161","Washtenaw","42.2405654781129","-83.5996022282151"
"07/06/2020","AirNow","261610008","3","12.8","ug/m3 LC","52","TOWNER ST, SOUTH; 2 LANE RESIDENIAL - HOSPITAL","1","100.0000","88502","Acceptable PM2.5 AQI & Speciation Mass","11460","Ann Arbor, MI","26","Michigan","161","Washtenaw","42.2405654781129","-83.5996022282151"
"07/07/2020","AirNow","261610008","3","13.4","ug/m3 LC","54","TOWNER ST, SOUTH; 2 LANE RESIDENIAL - HOSPITAL","1","100.0000","88502","Acceptable PM2.5 AQI & Speciation Mass","11460","Ann Arbor, MI","26","Michigan","161","Washtenaw","42.2405654781129","-83.5996022282151"
"07/08/2020","AirNow","261610008","3","10.1","ug/m3 LC","42","TOWNER ST, SOUTH; 2 LANE RESIDENIAL - HOSPITAL","1","100.0000","88502","Acceptable PM2.5 AQI & Speciation Mass","11460","Ann Arbor, MI","26","Michigan","161","Washtenaw","42.2405654781129","-83.5996022282151"
"07/09/2020","AirNow","261610008","3","11.7","ug/m3 LC","49","TOWNER ST, SOUTH; 2 LANE RESIDENIAL - HOSPITAL","1","100.0000","88502","Acceptable PM2.5 AQI & Speciation Mass","11460","Ann Arbor, MI","26","Michigan","161","Washtenaw","42.2405654781129","-83.5996022282151"
"07/10/2020","AirNow","261610008","3","6.3","ug/m3 LC","26","TOWNER ST, SOUTH; 2 LANE RESIDENIAL - HOSPITAL","1","100.0000","88502","Acceptable PM2.5 AQI & Speciation Mass","11460","Ann Arbor, MI","26","Michigan","161","Washtenaw","42.2405654781129","-83.5996022282151"
"07/11/2020","AirNow","261610008","3","6.1","ug/m3 LC","25","TOWNER ST, SOUTH; 2 LANE RESIDENIAL - HOSPITAL","1","100.0000","88502","Acceptable PM2.5 AQI & Speciation Mass","11460","Ann Arbor, MI","26","Michigan","161","Washtenaw","42.2405654781129","-83.5996022282151"
"07/12/2020","AirNow","261610008","3","4.9","ug/m3 LC","20","TOWNER ST, SOUTH; 2 LANE RESIDENIAL - HOSPITAL","1","100.0000","88502","Acceptable PM2.5 AQI & Speciation Mass","11460","Ann Arbor, MI","26","Michigan","161","Washtenaw","42.2405654781129","-83.5996022282151"
"07/15/2020","AirNow","261610008","3","9.3","ug/m3 LC","39","TOWNER ST, SOUTH; 2 LANE RESIDENIAL - HOSPITAL","1","100.0000","88502","Acceptable PM2.5 AQI & Speciation Mass","11460","Ann Arbor, MI","26","Michigan","161","Washtenaw","42.2405654781129","-83.5996022282151"
"07/16/2020","AirNow","261610008","3","10.3","ug/m3 LC","43","TOWNER ST, SOUTH; 2 LANE RESIDENIAL - HOSPITAL","1","100.0000","88502","Acceptable PM2.5 AQI & Speciation Mass","11460","Ann Arbor, MI","26","Michigan","161","Washtenaw","42.2405654781129","-83.5996022282151"
"07/17/2020","AirNow","261610008","3","9.8","ug/m3 LC","41","TOWNER ST, SOUTH; 2 LANE RESIDENIAL - HOSPITAL","1","100.0000","88502","Acceptable PM2.5 AQI & Speciation Mass","11460","Ann Arbor, MI","26","Michigan","161","Washtenaw","42.2405654781129","-83.5996022282151"
"07/18/2020","AirNow","261610008","3","9.9","ug/m3 LC","41","TOWNER ST, SOUTH; 2 LANE RESIDENIAL - HOSPITAL","1","100.0000","88502","Acceptable PM2.5 AQI & Speciation Mass","11460","Ann Arbor, MI","26","Michigan","161","Washtenaw","42.2405654781129","-83.5996022282151"
"07/19/2020","AirNow","261610008","3","9.3","ug/m3 LC","39","TOWNER ST, SOUTH; 2 LANE RESIDENIAL - HOSPITAL","1","100.0000","88502","Acceptable PM2.5 AQI & Speciation Mass","11460","Ann Arbor, MI","26","Michigan","161","Washtenaw","42.2405654781129","-83.5996022282151"
"07/20/2020","AirNow","261610008","3","4.6","ug/m3 LC","19","TOWNER ST, SOUTH; 2 LANE RESIDENIAL - HOSPITAL","1","100.0000","88502","Acceptable PM2.5 AQI & Speciation Mass","11460","Ann Arbor, MI","26","Michigan","161","Washtenaw","42.2405654781129","-83.5996022282151"
"07/21/2020","AirNow","261610008","3","5","ug/m3 LC","21","TOWNER ST, SOUTH; 2 LANE RESIDENIAL - HOSPITAL","1","100.0000","88502","Acceptable PM2.5 AQI & Speciation Mass","11460","Ann Arbor, MI","26","Michigan","161","Washtenaw","42.2405654781129","-83.5996022282151"
"07/22/2020","AirNow","261610008","3","7","ug/m3 LC","29","TOWNER ST, SOUTH; 2 LANE RESIDENIAL - HOSPITAL","1","100.0000","88502","Acceptable PM2.5 AQI & Speciation Mass","11460","Ann Arbor, MI","26","Michigan","161","Washtenaw","42.2405654781129","-83.5996022282151"
"07/23/2020","AirNow","261610008","3","6.9","ug/m3 LC","29","TOWNER ST, SOUTH; 2 LANE RESIDENIAL - HOSPITAL","1","100.0000","88502","Acceptable PM2.5 AQI & Speciation Mass","11460","Ann Arbor, MI","26","Michigan","161","Washtenaw","42.2405654781129","-83.5996022282151"
"07/24/2020","AirNow","261610008","3","6.2","ug/m3 LC","26","TOWNER ST, SOUTH; 2 LANE RESIDENIAL - HOSPITAL","1","100.0000","88502","Acceptable PM2.5 AQI & Speciation Mass","11460","Ann Arbor, MI","26","Michigan","161","Washtenaw","42.2405654781129","-83.5996022282151"
"07/25/2020","AirNow","261610008","3","10.6","ug/m3 LC","44","TOWNER ST, SOUTH; 2 LANE RESIDENIAL - HOSPITAL","1","100.0000","88502","Acceptable PM2.5 AQI & Speciation Mass","11460","Ann Arbor, MI","26","Michigan","161","Washtenaw","42.2405654781129","-83.5996022282151"
"07/26/2020","AirNow","261610008","3","11.8","ug/m3 LC","49","TOWNER ST, SOUTH; 2 LANE RESIDENIAL - HOSPITAL","1","100.0000","88502","Acceptable PM2.5 AQI & Speciation Mass","11460","Ann Arbor, MI","26","Michigan","161","Washtenaw","42.2405654781129","-83.5996022282151"
"07/27/2020","AirNow","261610008","3","5.4","ug/m3 LC","23","TOWNER ST, SOUTH; 2 LANE RESIDENIAL - HOSPITAL","1","100.0000","88502","Acceptable PM2.5 AQI & Speciation Mass","11460","Ann Arbor, MI","26","Michigan","161","Washtenaw","42.2405654781129","-83.5996022282151"
"07/28/2020","AirNow","261610008","3","6.9","ug/m3 LC","29","TOWNER ST, SOUTH; 2 LANE RESIDENIAL - HOSPITAL","1","100.0000","88502","Acceptable PM2.5 AQI & Speciation Mass","11460","Ann Arbor, MI","26","Michigan","161","Washtenaw","42.2405654781129","-83.5996022282151"
"07/29/2020","AirNow","261610008","3","6.5","ug/m3 LC","27","TOWNER ST, SOUTH; 2 LANE RESIDENIAL - HOSPITAL","1","100.0000","88502","Acceptable PM2.5 AQI & Speciation Mass","11460","Ann Arbor, MI","26","Michigan","161","Washtenaw","42.2405654781129","-83.5996022282151"
"07/30/2020","AirNow","261610008","3","7.3","ug/m3 LC","30","TOWNER ST, SOUTH; 2 LANE RESIDENIAL - HOSPITAL","1","100.0000","88502","Acceptable PM2.5 AQI & Speciation Mass","11460","Ann Arbor, MI","26","Michigan","161","Washtenaw","42.2405654781129","-83.5996022282151"
"07/31/2020","AirNow","261610008","3","5.8","ug/m3 LC","24","TOWNER ST, SOUTH; 2 LANE RESIDENIAL - HOSPITAL","1","100.0000","88502","Acceptable PM2.5 AQI & Speciation Mass","11460","Ann Arbor, MI","26","Michigan","161","Washtenaw","42.2405654781129","-83.5996022282151"
"08/01/2020","AirNow","261610008","3","5.9","ug/m3 LC","25","TOWNER ST, SOUTH; 2 LANE RESIDENIAL - HOSPITAL","1","100.0000","88502","Acceptable PM2.5 AQI & Speciation Mass","11460","Ann Arbor, MI","26","Michigan","161","Washtenaw","42.2405654781129","-83.5996022282151"
"08/02/2020","AirNow","261610008","3","6.5","ug/m3 LC","27","TOWNER ST, SOUTH; 2 LANE RESIDENIAL - HOSPITAL","1","100.0000","88502","Acceptable PM2.5 AQI & Speciation Mass","11460","Ann Arbor, MI","26","Michigan","161","Washtenaw","42.2405654781129","-83.5996022282151"
"08/05/2020","AirNow","261610008","3","5.9","ug/m3 LC","25","TOWNER ST, SOUTH; 2 LANE RESIDENIAL - HOSPITAL","1","100.0000","88502","Acceptable PM2.5 AQI & Speciation Mass","11460","Ann Arbor, MI","26","Michigan","161","Washtenaw","42.2405654781129","-83.5996022282151"
"08/06/2020","AirNow","261610008","3","9","ug/m3 LC","38","TOWNER ST, SOUTH; 2 LANE RESIDENIAL - HOSPITAL","1","100.0000","88502","Acceptable PM2.5 AQI & Speciation Mass","11460","Ann Arbor, MI","26","Michigan","161","Washtenaw","42.2405654781129","-83.5996022282151"
"08/07/2020","AirNow","261610008","3","8.4","ug/m3 LC","35","TOWNER ST, SOUTH; 2 LANE RESIDENIAL - HOSPITAL","1","100.0000","88502","Acceptable PM2.5 AQI & Speciation Mass","11460","Ann Arbor, MI","26","Michigan","161","Washtenaw","42.2405654781129","-83.5996022282151"
"08/08/2020","AirNow","261610008","3","11.3","ug/m3 LC","47","TOWNER ST, SOUTH; 2 LANE RESIDENIAL - HOSPITAL","1","100.0000","88502","Acceptable PM2.5 AQI & Speciation Mass","11460","Ann Arbor, MI","26","Michigan","161","Washtenaw","42.2405654781129","-83.5996022282151"
"08/09/2020","AirNow","261610008","3","9.2","ug/m3 LC","38","TOWNER ST, SOUTH; 2 LANE RESIDENIAL - HOSPITAL","1","100.0000","88502","Acceptable PM2.5 AQI & Speciation Mass","11460","Ann Arbor, MI","26","Michigan","161","Washtenaw","42.2405654781129","-83.5996022282151"
"08/10/2020","AirNow","261610008","3","11.7","ug/m3 LC","49","TOWNER ST, SOUTH; 2 LANE RESIDENIAL - HOSPITAL","1","100.0000","88502","Acceptable PM2.5 AQI & Speciation Mass","11460","Ann Arbor, MI","26","Michigan","161","Washtenaw","42.2405654781129","-83.5996022282151"
"08/11/2020","AirNow","261610008","3","7.2","ug/m3 LC","30","TOWNER ST, SOUTH; 2 LANE RESIDENIAL - HOSPITAL","1","100.0000","88502","Acceptable PM2.5 AQI & Speciation Mass","11460","Ann Arbor, MI","26","Michigan","161","Washtenaw","42.2405654781129","-83.5996022282151"
"08/12/2020","AirNow","261610008","3","10.1","ug/m3 LC","42","TOWNER ST, SOUTH; 2 LANE RESIDENIAL - HOSPITAL","1","100.0000","88502","Acceptable PM2.5 AQI & Speciation Mass","11460","Ann Arbor, MI","26","Michigan","161","Washtenaw","42.2405654781129","-83.5996022282151"
"08/13/2020","AirNow","261610008","3","10.6","ug/m3 LC","44","TOWNER ST, SOUTH; 2 LANE RESIDENIAL - HOSPITAL","1","100.0000","88502","Acceptable PM2.5 AQI & Speciation Mass","11460","Ann Arbor, MI","26","Michigan","161","Washtenaw","42.2405654781129","-83.5996022282151"
"08/14/2020","AirNow","261610008","3","10.2","ug/m3 LC","43","TOWNER ST, SOUTH; 2 LANE RESIDENIAL - HOSPITAL","1","100.0000","88502","Acceptable PM2.5 AQI & Speciation Mass","11460","Ann Arbor, MI","26","Michigan","161","Washtenaw","42.2405654781129","-83.5996022282151"
"08/15/2020","AirNow","261610008","3","9.4","ug/m3 LC","39","TOWNER ST, SOUTH; 2 LANE RESIDENIAL - HOSPITAL","1","100.0000","88502","Acceptable PM2.5 AQI & Speciation Mass","11460","Ann Arbor, MI","26","Michigan","161","Washtenaw","42.2405654781129","-83.5996022282151"
"08/16/2020","AirNow","261610008","3","7.7","ug/m3 LC","32","TOWNER ST, SOUTH; 2 LANE RESIDENIAL - HOSPITAL","1","100.0000","88502","Acceptable PM2.5 AQI & Speciation Mass","11460","Ann Arbor, MI","26","Michigan","161","Washtenaw","42.2405654781129","-83.5996022282151"
"08/17/2020","AirNow","261610008","3","7.5","ug/m3 LC","31","TOWNER ST, SOUTH; 2 LANE RESIDENIAL - HOSPITAL","1","100.0000","88502","Acceptable PM2.5 AQI & Speciation Mass","11460","Ann Arbor, MI","26","Michigan","161","Washtenaw","42.2405654781129","-83.5996022282151"
"08/18/2020","AirNow","261610008","3","5.9","ug/m3 LC","25","TOWNER ST, SOUTH; 2 LANE RESIDENIAL - HOSPITAL","1","100.0000","88502","Acceptable PM2.5 AQI & Speciation Mass","11460","Ann Arbor, MI","26","Michigan","161","Washtenaw","42.2405654781129","-83.5996022282151"
"08/19/2020","AirNow","261610008","3","6.1","ug/m3 LC","25","TOWNER ST, SOUTH; 2 LANE RESIDENIAL - HOSPITAL","1","100.0000","88502","Acceptable PM2.5 AQI & Speciation Mass","11460","Ann Arbor, MI","26","Michigan","161","Washtenaw","42.2405654781129","-83.5996022282151"
"08/20/2020","AirNow","261610008","3","6.6","ug/m3 LC","28","TOWNER ST, SOUTH; 2 LANE RESIDENIAL - HOSPITAL","1","100.0000","88502","Acceptable PM2.5 AQI & Speciation Mass","11460","Ann Arbor, MI","26","Michigan","161","Washtenaw","42.2405654781129","-83.5996022282151"
"08/21/2020","AirNow","261610008","3","6.8","ug/m3 LC","28","TOWNER ST, SOUTH; 2 LANE RESIDENIAL - HOSPITAL","1","100.0000","88502","Acceptable PM2.5 AQI & Speciation Mass","11460","Ann Arbor, MI","26","Michigan","161","Washtenaw","42.2405654781129","-83.5996022282151"
"08/22/2020","AirNow","261610008","3","8.9","ug/m3 LC","37","TOWNER ST, SOUTH; 2 LANE RESIDENIAL - HOSPITAL","1","100.0000","88502","Acceptable PM2.5 AQI & Speciation Mass","11460","Ann Arbor, MI","26","Michigan","161","Washtenaw","42.2405654781129","-83.5996022282151"
"08/23/2020","AirNow","261610008","3","11.9","ug/m3 LC","50","TOWNER ST, SOUTH; 2 LANE RESIDENIAL - HOSPITAL","1","100.0000","88502","Acceptable PM2.5 AQI & Speciation Mass","11460","Ann Arbor, MI","26","Michigan","161","Washtenaw","42.2405654781129","-83.5996022282151"
"08/24/2020","AirNow","261610008","3","12.7","ug/m3 LC","52","TOWNER ST, SOUTH; 2 LANE RESIDENIAL - HOSPITAL","1","100.0000","88502","Acceptable PM2.5 AQI & Speciation Mass","11460","Ann Arbor, MI","26","Michigan","161","Washtenaw","42.2405654781129","-83.5996022282151"
"08/25/2020","AirNow","261610008","3","11.9","ug/m3 LC","50","TOWNER ST, SOUTH; 2 LANE RESIDENIAL - HOSPITAL","1","100.0000","88502","Acceptable PM2.5 AQI & Speciation Mass","11460","Ann Arbor, MI","26","Michigan","161","Washtenaw","42.2405654781129","-83.5996022282151"
"08/26/2020","AirNow","261610008","3","10.3","ug/m3 LC","43","TOWNER ST, SOUTH; 2 LANE RESIDENIAL - HOSPITAL","1","100.0000","88502","Acceptable PM2.5 AQI & Speciation Mass","11460","Ann Arbor, MI","26","Michigan","161","Washtenaw","42.2405654781129","-83.5996022282151"
"08/27/2020","AirNow","261610008","3","11.3","ug/m3 LC","47","TOWNER ST, SOUTH; 2 LANE RESIDENIAL - HOSPITAL","1","100.0000","88502","Acceptable PM2.5 AQI & Speciation Mass","11460","Ann Arbor, MI","26","Michigan","161","Washtenaw","42.2405654781129","-83.5996022282151"
"08/28/2020","AirNow","261610008","3","4.8","ug/m3 LC","20","TOWNER ST, SOUTH; 2 LANE RESIDENIAL - HOSPITAL","1","100.0000","88502","Acceptable PM2.5 AQI & Speciation Mass","11460","Ann Arbor, MI","26","Michigan","161","Washtenaw","42.2405654781129","-83.5996022282151"
"08/29/2020","AirNow","261610008","3","4.3","ug/m3 LC","18","TOWNER ST, SOUTH; 2 LANE RESIDENIAL - HOSPITAL","1","100.0000","88502","Acceptable PM2.5 AQI & Speciation Mass","11460","Ann Arbor, MI","26","Michigan","161","Washtenaw","42.2405654781129","-83.5996022282151"
"08/30/2020","AirNow","261610008","3","4.1","ug/m3 LC","17","TOWNER ST, SOUTH; 2 LANE RESIDENIAL - HOSPITAL","1","100.0000","88502","Acceptable PM2.5 AQI & Speciation Mass","11460","Ann Arbor, MI","26","Michigan","161","Washtenaw","42.2405654781129","-83.5996022282151"
"08/31/2020","AirNow","261610008","3","8.4","ug/m3 LC","35","TOWNER ST, SOUTH; 2 LANE RESIDENIAL - HOSPITAL","1","100.0000","88502","Acceptable PM2.5 AQI & Speciation Mass","11460","Ann Arbor, MI","26","Michigan","161","Washtenaw","42.2405654781129","-83.5996022282151"
"09/01/2020","AirNow","261610008","3","6.6","ug/m3 LC","28","TOWNER ST, SOUTH; 2 LANE RESIDENIAL - HOSPITAL","1","100.0000","88502","Acceptable PM2.5 AQI & Speciation Mass","11460","Ann Arbor, MI","26","Michigan","161","Washtenaw","42.2405654781129","-83.5996022282151"
"09/02/2020","AirNow","261610008","3","7.8","ug/m3 LC","33","TOWNER ST, SOUTH; 2 LANE RESIDENIAL - HOSPITAL","1","100.0000","88502","Acceptable PM2.5 AQI & Speciation Mass","11460","Ann Arbor, MI","26","Michigan","161","Washtenaw","42.2405654781129","-83.5996022282151"
"09/03/2020","AirNow","261610008","3","7.2","ug/m3 LC","30","TOWNER ST, SOUTH; 2 LANE RESIDENIAL - HOSPITAL","1","100.0000","88502","Acceptable PM2.5 AQI & Speciation Mass","11460","Ann Arbor, MI","26","Michigan","161","Washtenaw","42.2405654781129","-83.5996022282151"
"09/04/2020","AirNow","261610008","3","4.8","ug/m3 LC","20","TOWNER ST, SOUTH; 2 LANE RESIDENIAL - HOSPITAL","1","100.0000","88502","Acceptable PM2.5 AQI & Speciation Mass","11460","Ann Arbor, MI","26","Michigan","161","Washtenaw","42.2405654781129","-83.5996022282151"
"09/05/2020","AirNow","261610008","3","7.9","ug/m3 LC","33","TOWNER ST, SOUTH; 2 LANE RESIDENIAL - HOSPITAL","1","100.0000","88502","Acceptable PM2.5 AQI & Speciation Mass","11460","Ann Arbor, MI","26","Michigan","161","Washtenaw","42.2405654781129","-83.5996022282151"
"09/06/2020","AirNow","261610008","3","11.9","ug/m3 LC","50","TOWNER ST, SOUTH; 2 LANE RESIDENIAL - HOSPITAL","1","100.0000","88502","Acceptable PM2.5 AQI & Speciation Mass","11460","Ann Arbor, MI","26","Michigan","161","Washtenaw","42.2405654781129","-83.5996022282151"
"09/07/2020","AirNow","261610008","3","7.6","ug/m3 LC","32","TOWNER ST, SOUTH; 2 LANE RESIDENIAL - HOSPITAL","1","100.0000","88502","Acceptable PM2.5 AQI & Speciation Mass","11460","Ann Arbor, MI","26","Michigan","161","Washtenaw","42.2405654781129","-83.5996022282151"
"09/08/2020","AirNow","261610008","3","6.1","ug/m3 LC","25","TOWNER ST, SOUTH; 2 LANE RESIDENIAL - HOSPITAL","1","100.0000","88502","Acceptable PM2.5 AQI & Speciation Mass","11460","Ann Arbor, MI","26","Michigan","161","Washtenaw","42.2405654781129","-83.5996022282151"
"09/09/2020","AirNow","261610008","3","10.8","ug/m3 LC","45","TOWNER ST, SOUTH; 2 LANE RESIDENIAL - HOSPITAL","1","100.0000","88502","Acceptable PM2.5 AQI & Speciation Mass","11460","Ann Arbor, MI","26","Michigan","161","Washtenaw","42.2405654781129","-83.5996022282151"
"09/10/2020","AirNow","261610008","3","6.9","ug/m3 LC","29","TOWNER ST, SOUTH; 2 LANE RESIDENIAL - HOSPITAL","1","100.0000","88502","Acceptable PM2.5 AQI & Speciation Mass","11460","Ann Arbor, MI","26","Michigan","161","Washtenaw","42.2405654781129","-83.5996022282151"
"09/11/2020","AirNow","261610008","3","10.2","ug/m3 LC","43","TOWNER ST, SOUTH; 2 LANE RESIDENIAL - HOSPITAL","1","100.0000","88502","Acceptable PM2.5 AQI & Speciation Mass","11460","Ann Arbor, MI","26","Michigan","161","Washtenaw","42.2405654781129","-83.5996022282151"
"09/12/2020","AirNow","261610008","3","10.4","ug/m3 LC","43","TOWNER ST, SOUTH; 2 LANE RESIDENIAL - HOSPITAL","1","100.0000","88502","Acceptable PM2.5 AQI & Speciation Mass","11460","Ann Arbor, MI","26","Michigan","161","Washtenaw","42.2405654781129","-83.5996022282151"
"09/13/2020","AirNow","261610008","3","7.8","ug/m3 LC","33","TOWNER ST, SOUTH; 2 LANE RESIDENIAL - HOSPITAL","1","100.0000","88502","Acceptable PM2.5 AQI & Speciation Mass","11460","Ann Arbor, MI","26","Michigan","161","Washtenaw","42.2405654781129","-83.5996022282151"
"09/14/2020","AirNow","261610008","3","5.6","ug/m3 LC","23","TOWNER ST, SOUTH; 2 LANE RESIDENIAL - HOSPITAL","1","100.0000","88502","Acceptable PM2.5 AQI & Speciation Mass","11460","Ann Arbor, MI","26","Michigan","161","Washtenaw","42.2405654781129","-83.5996022282151"
"09/15/2020","AirNow","261610008","3","5.5","ug/m3 LC","23","TOWNER ST, SOUTH; 2 LANE RESIDENIAL - HOSPITAL","1","100.0000","88502","Acceptable PM2.5 AQI & Speciation Mass","11460","Ann Arbor, MI","26","Michigan","161","Washtenaw","42.2405654781129","-83.5996022282151"
"09/16/2020","AirNow","261610008","3","6.1","ug/m3 LC","25","TOWNER ST, SOUTH; 2 LANE RESIDENIAL - HOSPITAL","1","100.0000","88502","Acceptable PM2.5 AQI & Speciation Mass","11460","Ann Arbor, MI","26","Michigan","161","Washtenaw","42.2405654781129","-83.5996022282151"
"09/17/2020","AirNow","261610008","3","5.9","ug/m3 LC","25","TOWNER ST, SOUTH; 2 LANE RESIDENIAL - HOSPITAL","1","100.0000","88502","Acceptable PM2.5 AQI & Speciation Mass","11460","Ann Arbor, MI","26","Michigan","161","Washtenaw","42.2405654781129","-83.5996022282151"
"09/18/2020","AirNow","261610008","3","6.1","ug/m3 LC","25","TOWNER ST, SOUTH; 2 LANE RESIDENIAL - HOSPITAL","1","100.0000","88502","Acceptable PM2.5 AQI & Speciation Mass","11460","Ann Arbor, MI","26","Michigan","161","Washtenaw","42.2405654781129","-83.5996022282151"
"09/19/2020","AirNow","261610008","3","10.2","ug/m3 LC","43","TOWNER ST, SOUTH; 2 LANE RESIDENIAL - HOSPITAL","1","100.0000","88502","Acceptable PM2.5 AQI & Speciation Mass","11460","Ann Arbor, MI","26","Michigan","161","Washtenaw","42.2405654781129","-83.5996022282151"
"09/20/2020","AirNow","261610008","3","9.7","ug/m3 LC","40","TOWNER ST, SOUTH; 2 LANE RESIDENIAL - HOSPITAL","1","100.0000","88502","Acceptable PM2.5 AQI & Speciation Mass","11460","Ann Arbor, MI","26","Michigan","161","Washtenaw","42.2405654781129","-83.5996022282151"
"09/21/2020","AirNow","261610008","3","9","ug/m3 LC","38","TOWNER ST, SOUTH; 2 LANE RESIDENIAL - HOSPITAL","1","100.0000","88502","Acceptable PM2.5 AQI & Speciation Mass","11460","Ann Arbor, MI","26","Michigan","161","Washtenaw","42.2405654781129","-83.5996022282151"
"09/22/2020","AirNow","261610008","3","10.2","ug/m3 LC","43","TOWNER ST, SOUTH; 2 LANE RESIDENIAL - HOSPITAL","1","100.0000","88502","Acceptable PM2.5 AQI & Speciation Mass","11460","Ann Arbor, MI","26","Michigan","161","Washtenaw","42.2405654781129","-83.5996022282151"
"09/23/2020","AirNow","261610008","3","12","ug/m3 LC","50","TOWNER ST, SOUTH; 2 LANE RESIDENIAL - HOSPITAL","1","100.0000","88502","Acceptable PM2.5 AQI & Speciation Mass","11460","Ann Arbor, MI","26","Michigan","161","Washtenaw","42.2405654781129","-83.5996022282151"
"09/24/2020","AirNow","261610008","3","13.8","ug/m3 LC","55","TOWNER ST, SOUTH; 2 LANE RESIDENIAL - HOSPITAL","1","100.0000","88502","Acceptable PM2.5 AQI & Speciation Mass","11460","Ann Arbor, MI","26","Michigan","161","Washtenaw","42.2405654781129","-83.5996022282151"
"09/25/2020","AirNow","261610008","3","14.4","ug/m3 LC","56","TOWNER ST, SOUTH; 2 LANE RESIDENIAL - HOSPITAL","1","100.0000","88502","Acceptable PM2.5 AQI & Speciation Mass","11460","Ann Arbor, MI","26","Michigan","161","Washtenaw","42.2405654781129","-83.5996022282151"
"09/26/2020","AirNow","261610008","3","11.7","ug/m3 LC","49","TOWNER ST, SOUTH; 2 LANE RESIDENIAL - HOSPITAL","1","100.0000","88502","Acceptable PM2.5 AQI & Speciation Mass","11460","Ann Arbor, MI","26","Michigan","161","Washtenaw","42.2405654781129","-83.5996022282151"
"09/27/2020","AirNow","261610008","3","9.2","ug/m3 LC","38","TOWNER ST, SOUTH; 2 LANE RESIDENIAL - HOSPITAL","1","100.0000","88502","Acceptable PM2.5 AQI & Speciation Mass","11460","Ann Arbor, MI","26","Michigan","161","Washtenaw","42.2405654781129","-83.5996022282151"
"09/28/2020","AirNow","261610008","3","6.1","ug/m3 LC","25","TOWNER ST, SOUTH; 2 LANE RESIDENIAL - HOSPITAL","1","100.0000","88502","Acceptable PM2.5 AQI & Speciation Mass","11460","Ann Arbor, MI","26","Michigan","161","Washtenaw","42.2405654781129","-83.5996022282151"
"09/29/2020","AirNow","261610008","3","5.6","ug/m3 LC","23","TOWNER ST, SOUTH; 2 LANE RESIDENIAL - HOSPITAL","1","100.0000","88502","Acceptable PM2.5 AQI & Speciation Mass","11460","Ann Arbor, MI","26","Michigan","161","Washtenaw","42.2405654781129","-83.5996022282151"
"09/30/2020","AirNow","261610008","3","5.6","ug/m3 LC","23","TOWNER ST, SOUTH; 2 LANE RESIDENIAL - HOSPITAL","1","100.0000","88502","Acceptable PM2.5 AQI & Speciation Mass","11460","Ann Arbor, MI","26","Michigan","161","Washtenaw","42.2405654781129","-83.5996022282151"
"10/02/2020","AirNow","261610008","3","4.9","ug/m3 LC","20","TOWNER ST, SOUTH; 2 LANE RESIDENIAL - HOSPITAL","1","100.0000","88502","Acceptable PM2.5 AQI & Speciation Mass","11460","Ann Arbor, MI","26","Michigan","161","Washtenaw","42.2405654781129","-83.5996022282151"
"10/03/2020","AirNow","261610008","3","5.5","ug/m3 LC","23","TOWNER ST, SOUTH; 2 LANE RESIDENIAL - HOSPITAL","1","100.0000","88502","Acceptable PM2.5 AQI & Speciation Mass","11460","Ann Arbor, MI","26","Michigan","161","Washtenaw","42.2405654781129","-83.5996022282151"
"10/04/2020","AirNow","261610008","3","5.7","ug/m3 LC","24","TOWNER ST, SOUTH; 2 LANE RESIDENIAL - HOSPITAL","1","100.0000","88502","Acceptable PM2.5 AQI & Speciation Mass","11460","Ann Arbor, MI","26","Michigan","161","Washtenaw","42.2405654781129","-83.5996022282151"
"10/05/2020","AirNow","261610008","3","4.5","ug/m3 LC","19","TOWNER ST, SOUTH; 2 LANE RESIDENIAL - HOSPITAL","1","100.0000","88502","Acceptable PM2.5 AQI & Speciation Mass","11460","Ann Arbor, MI","26","Michigan","161","Washtenaw","42.2405654781129","-83.5996022282151"
"10/06/2020","AirNow","261610008","3","8.3","ug/m3 LC","35","TOWNER ST, SOUTH; 2 LANE RESIDENIAL - HOSPITAL","1","100.0000","88502","Acceptable PM2.5 AQI & Speciation Mass","11460","Ann Arbor, MI","26","Michigan","161","Washtenaw","42.2405654781129","-83.5996022282151"
"10/07/2020","AirNow","261610008","3","5.4","ug/m3 LC","23","TOWNER ST, SOUTH; 2 LANE RESIDENIAL - HOSPITAL","1","100.0000","88502","Acceptable PM2.5 AQI & Speciation Mass","11460","Ann Arbor, MI","26","Michigan","161","Washtenaw","42.2405654781129","-83.5996022282151"
"10/08/2020","AirNow","261610008","3","4.6","ug/m3 LC","19","TOWNER ST, SOUTH; 2 LANE RESIDENIAL - HOSPITAL","1","100.0000","88502","Acceptable PM2.5 AQI & Speciation Mass","11460","Ann Arbor, MI","26","Michigan","161","Washtenaw","42.2405654781129","-83.5996022282151"
"10/09/2020","AirNow","261610008","3","9","ug/m3 LC","38","TOWNER ST, SOUTH; 2 LANE RESIDENIAL - HOSPITAL","1","100.0000","88502","Acceptable PM2.5 AQI & Speciation Mass","11460","Ann Arbor, MI","26","Michigan","161","Washtenaw","42.2405654781129","-83.5996022282151"
"10/10/2020","AirNow","261610008","3","13.7","ug/m3 LC","54","TOWNER ST, SOUTH; 2 LANE RESIDENIAL - HOSPITAL","1","100.0000","88502","Acceptable PM2.5 AQI & Speciation Mass","11460","Ann Arbor, MI","26","Michigan","161","Washtenaw","42.2405654781129","-83.5996022282151"
"10/11/2020","AirNow","261610008","3","5.4","ug/m3 LC","23","TOWNER ST, SOUTH; 2 LANE RESIDENIAL - HOSPITAL","1","100.0000","88502","Acceptable PM2.5 AQI & Speciation Mass","11460","Ann Arbor, MI","26","Michigan","161","Washtenaw","42.2405654781129","-83.5996022282151"
"10/12/2020","AirNow","261610008","3","4.4","ug/m3 LC","18","TOWNER ST, SOUTH; 2 LANE RESIDENIAL - HOSPITAL","1","100.0000","88502","Acceptable PM2.5 AQI & Speciation Mass","11460","Ann Arbor, MI","26","Michigan","161","Washtenaw","42.2405654781129","-83.5996022282151"
"10/13/2020","AirNow","261610008","3","5.9","ug/m3 LC","25","TOWNER ST, SOUTH; 2 LANE RESIDENIAL - HOSPITAL","1","100.0000","88502","Acceptable PM2.5 AQI & Speciation Mass","11460","Ann Arbor, MI","26","Michigan","161","Washtenaw","42.2405654781129","-83.5996022282151"
"10/14/2020","AirNow","261610008","3","5.5","ug/m3 LC","23","TOWNER ST, SOUTH; 2 LANE RESIDENIAL - HOSPITAL","1","100.0000","88502","Acceptable PM2.5 AQI & Speciation Mass","11460","Ann Arbor, MI","26","Michigan","161","Washtenaw","42.2405654781129","-83.5996022282151"
"10/15/2020","AirNow","261610008","3","3.3","ug/m3 LC","14","TOWNER ST, SOUTH; 2 LANE RESIDENIAL - HOSPITAL","1","100.0000","88502","Acceptable PM2.5 AQI & Speciation Mass","11460","Ann Arbor, MI","26","Michigan","161","Washtenaw","42.2405654781129","-83.5996022282151"
"10/16/2020","AirNow","261610008","3","5.5","ug/m3 LC","23","TOWNER ST, SOUTH; 2 LANE RESIDENIAL - HOSPITAL","1","100.0000","88502","Acceptable PM2.5 AQI & Speciation Mass","11460","Ann Arbor, MI","26","Michigan","161","Washtenaw","42.2405654781129","-83.5996022282151"
