"Date","Source","Site ID","POC","Daily Max 8-hour CO Concentration","UNITS","DAILY_AQI_VALUE","Site Name","DAILY_OBS_COUNT","PERCENT_COMPLETE","AQS_PARAMETER_CODE","AQS_PARAMETER_DESC","CBSA_CODE","CBSA_NAME","STATE_CODE","STATE","COUNTY_CODE","COUNTY","SITE_LATITUDE","SITE_LONGITUDE"
"01/01/2020","AQS","410510080","1","0.1","ppm","1","Portland - SE Lafayette","18","75.0000","42101","Carbon monoxide","38900","Portland-Vancouver-Hillsboro, OR-WA","41","Oregon","051","Multnomah","45.496641","-122.602877"
"01/02/2020","AQS","410510080","1","0.1","ppm","1","Portland - SE Lafayette","24","100.0000","42101","Carbon monoxide","38900","Portland-Vancouver-Hillsboro, OR-WA","41","Oregon","051","Multnomah","45.496641","-122.602877"
"01/03/2020","AQS","410510080","1","0.2","ppm","2","Portland - SE Lafayette","24","100.0000","42101","Carbon monoxide","38900","Portland-Vancouver-Hillsboro, OR-WA","41","Oregon","051","Multnomah","45.496641","-122.602877"
"01/04/2020","AQS","410510080","1","0.1","ppm","1","Portland - SE Lafayette","24","100.0000","42101","Carbon monoxide","38900","Portland-Vancouver-Hillsboro, OR-WA","41","Oregon","051","Multnomah","45.496641","-122.602877"
"01/05/2020","AQS","410510080","1","0.1","ppm","1","Portland - SE Lafayette","24","100.0000","42101","Carbon monoxide","38900","Portland-Vancouver-Hillsboro, OR-WA","41","Oregon","051","Multnomah","45.496641","-122.602877"
"01/06/2020","AQS","410510080","1","0.1","ppm","1","Portland - SE Lafayette","17","71.0000","42101","Carbon monoxide","38900","Portland-Vancouver-Hillsboro, OR-WA","41","Oregon","051","Multnomah","45.496641","-122.602877"
"01/07/2020","AQS","410510080","1","0","ppm","0","Portland - SE Lafayette","24","100.0000","42101","Carbon monoxide","38900","Portland-Vancouver-Hillsboro, OR-WA","41","Oregon","051","Multnomah","45.496641","-122.602877"
"01/08/2020","AQS","410510080","1","0.2","ppm","2","Portland - SE Lafayette","24","100.0000","42101","Carbon monoxide","38900","Portland-Vancouver-Hillsboro, OR-WA","41","Oregon","051","Multnomah","45.496641","-122.602877"
"01/09/2020","AQS","410510080","1","0.2","ppm","2","Portland - SE Lafayette","24","100.0000","42101","Carbon monoxide","38900","Portland-Vancouver-Hillsboro, OR-WA","41","Oregon","051","Multnomah","45.496641","-122.602877"
"01/10/2020","AQS","410510080","1","0.2","ppm","2","Portland - SE Lafayette","24","100.0000","42101","Carbon monoxide","38900","Portland-Vancouver-Hillsboro, OR-WA","41","Oregon","051","Multnomah","45.496641","-122.602877"
"01/11/2020","AQS","410510080","1","0.1","ppm","1","Portland - SE Lafayette","24","100.0000","42101","Carbon monoxide","38900","Portland-Vancouver-Hillsboro, OR-WA","41","Oregon","051","Multnomah","45.496641","-122.602877"
"01/12/2020","AQS","410510080","1","0.1","ppm","1","Portland - SE Lafayette","24","100.0000","42101","Carbon monoxide","38900","Portland-Vancouver-Hillsboro, OR-WA","41","Oregon","051","Multnomah","45.496641","-122.602877"
"01/13/2020","AQS","410510080","1","0.1","ppm","1","Portland - SE Lafayette","24","100.0000","42101","Carbon monoxide","38900","Portland-Vancouver-Hillsboro, OR-WA","41","Oregon","051","Multnomah","45.496641","-122.602877"
"01/14/2020","AQS","410510080","1","0.2","ppm","2","Portland - SE Lafayette","24","100.0000","42101","Carbon monoxide","38900","Portland-Vancouver-Hillsboro, OR-WA","41","Oregon","051","Multnomah","45.496641","-122.602877"
"01/15/2020","AQS","410510080","1","0.3","ppm","3","Portland - SE Lafayette","24","100.0000","42101","Carbon monoxide","38900","Portland-Vancouver-Hillsboro, OR-WA","41","Oregon","051","Multnomah","45.496641","-122.602877"
"01/16/2020","AQS","410510080","1","0.8","ppm","9","Portland - SE Lafayette","24","100.0000","42101","Carbon monoxide","38900","Portland-Vancouver-Hillsboro, OR-WA","41","Oregon","051","Multnomah","45.496641","-122.602877"
"01/17/2020","AQS","410510080","1","0.9","ppm","10","Portland - SE Lafayette","24","100.0000","42101","Carbon monoxide","38900","Portland-Vancouver-Hillsboro, OR-WA","41","Oregon","051","Multnomah","45.496641","-122.602877"
"01/18/2020","AQS","410510080","1","0.2","ppm","2","Portland - SE Lafayette","24","100.0000","42101","Carbon monoxide","38900","Portland-Vancouver-Hillsboro, OR-WA","41","Oregon","051","Multnomah","45.496641","-122.602877"
"01/19/2020","AQS","410510080","1","0.1","ppm","1","Portland - SE Lafayette","24","100.0000","42101","Carbon monoxide","38900","Portland-Vancouver-Hillsboro, OR-WA","41","Oregon","051","Multnomah","45.496641","-122.602877"
"01/20/2020","AQS","410510080","1","0.1","ppm","1","Portland - SE Lafayette","24","100.0000","42101","Carbon monoxide","38900","Portland-Vancouver-Hillsboro, OR-WA","41","Oregon","051","Multnomah","45.496641","-122.602877"
"01/21/2020","AQS","410510080","1","0.2","ppm","2","Portland - SE Lafayette","24","100.0000","42101","Carbon monoxide","38900","Portland-Vancouver-Hillsboro, OR-WA","41","Oregon","051","Multnomah","45.496641","-122.602877"
"01/22/2020","AQS","410510080","1","0.1","ppm","1","Portland - SE Lafayette","24","100.0000","42101","Carbon monoxide","38900","Portland-Vancouver-Hillsboro, OR-WA","41","Oregon","051","Multnomah","45.496641","-122.602877"
"01/23/2020","AQS","410510080","1","0.2","ppm","2","Portland - SE Lafayette","24","100.0000","42101","Carbon monoxide","38900","Portland-Vancouver-Hillsboro, OR-WA","41","Oregon","051","Multnomah","45.496641","-122.602877"
"01/24/2020","AQS","410510080","1","0.2","ppm","2","Portland - SE Lafayette","24","100.0000","42101","Carbon monoxide","38900","Portland-Vancouver-Hillsboro, OR-WA","41","Oregon","051","Multnomah","45.496641","-122.602877"
"01/25/2020","AQS","410510080","1","0.2","ppm","2","Portland - SE Lafayette","24","100.0000","42101","Carbon monoxide","38900","Portland-Vancouver-Hillsboro, OR-WA","41","Oregon","051","Multnomah","45.496641","-122.602877"
"01/26/2020","AQS","410510080","1","0.1","ppm","1","Portland - SE Lafayette","24","100.0000","42101","Carbon monoxide","38900","Portland-Vancouver-Hillsboro, OR-WA","41","Oregon","051","Multnomah","45.496641","-122.602877"
"01/27/2020","AQS","410510080","1","0.4","ppm","5","Portland - SE Lafayette","24","100.0000","42101","Carbon monoxide","38900","Portland-Vancouver-Hillsboro, OR-WA","41","Oregon","051","Multnomah","45.496641","-122.602877"
"01/28/2020","AQS","410510080","1","0","ppm","0","Portland - SE Lafayette","24","100.0000","42101","Carbon monoxide","38900","Portland-Vancouver-Hillsboro, OR-WA","41","Oregon","051","Multnomah","45.496641","-122.602877"
"01/29/2020","AQS","410510080","1","0.1","ppm","1","Portland - SE Lafayette","24","100.0000","42101","Carbon monoxide","38900","Portland-Vancouver-Hillsboro, OR-WA","41","Oregon","051","Multnomah","45.496641","-122.602877"
"01/30/2020","AQS","410510080","1","0.3","ppm","3","Portland - SE Lafayette","24","100.0000","42101","Carbon monoxide","38900","Portland-Vancouver-Hillsboro, OR-WA","41","Oregon","051","Multnomah","45.496641","-122.602877"
"01/31/2020","AQS","410510080","1","0.1","ppm","1","Portland - SE Lafayette","24","100.0000","42101","Carbon monoxide","38900","Portland-Vancouver-Hillsboro, OR-WA","41","Oregon","051","Multnomah","45.496641","-122.602877"
"02/01/2020","AQS","410510080","1","0.2","ppm","2","Portland - SE Lafayette","13","54.0000","42101","Carbon monoxide","38900","Portland-Vancouver-Hillsboro, OR-WA","41","Oregon","051","Multnomah","45.496641","-122.602877"
"02/02/2020","AQS","410510080","1","0.7","ppm","8","Portland - SE Lafayette","24","100.0000","42101","Carbon monoxide","38900","Portland-Vancouver-Hillsboro, OR-WA","41","Oregon","051","Multnomah","45.496641","-122.602877"
"02/03/2020","AQS","410510080","1","0.9","ppm","10","Portland - SE Lafayette","24","100.0000","42101","Carbon monoxide","38900","Portland-Vancouver-Hillsboro, OR-WA","41","Oregon","051","Multnomah","45.496641","-122.602877"
"02/04/2020","AQS","410510080","1","1.4","ppm","16","Portland - SE Lafayette","24","100.0000","42101","Carbon monoxide","38900","Portland-Vancouver-Hillsboro, OR-WA","41","Oregon","051","Multnomah","45.496641","-122.602877"
"02/05/2020","AQS","410510080","1","0.1","ppm","1","Portland - SE Lafayette","24","100.0000","42101","Carbon monoxide","38900","Portland-Vancouver-Hillsboro, OR-WA","41","Oregon","051","Multnomah","45.496641","-122.602877"
"02/06/2020","AQS","410510080","1","0.1","ppm","1","Portland - SE Lafayette","24","100.0000","42101","Carbon monoxide","38900","Portland-Vancouver-Hillsboro, OR-WA","41","Oregon","051","Multnomah","45.496641","-122.602877"
"02/07/2020","AQS","410510080","1","0.1","ppm","1","Portland - SE Lafayette","24","100.0000","42101","Carbon monoxide","38900","Portland-Vancouver-Hillsboro, OR-WA","41","Oregon","051","Multnomah","45.496641","-122.602877"
"02/08/2020","AQS","410510080","1","0.2","ppm","2","Portland - SE Lafayette","24","100.0000","42101","Carbon monoxide","38900","Portland-Vancouver-Hillsboro, OR-WA","41","Oregon","051","Multnomah","45.496641","-122.602877"
"02/09/2020","AQS","410510080","1","0.4","ppm","5","Portland - SE Lafayette","24","100.0000","42101","Carbon monoxide","38900","Portland-Vancouver-Hillsboro, OR-WA","41","Oregon","051","Multnomah","45.496641","-122.602877"
"02/10/2020","AQS","410510080","1","0.5","ppm","6","Portland - SE Lafayette","24","100.0000","42101","Carbon monoxide","38900","Portland-Vancouver-Hillsboro, OR-WA","41","Oregon","051","Multnomah","45.496641","-122.602877"
"02/11/2020","AQS","410510080","1","0.4","ppm","5","Portland - SE Lafayette","24","100.0000","42101","Carbon monoxide","38900","Portland-Vancouver-Hillsboro, OR-WA","41","Oregon","051","Multnomah","45.496641","-122.602877"
"02/12/2020","AQS","410510080","1","0.6","ppm","7","Portland - SE Lafayette","24","100.0000","42101","Carbon monoxide","38900","Portland-Vancouver-Hillsboro, OR-WA","41","Oregon","051","Multnomah","45.496641","-122.602877"
"02/13/2020","AQS","410510080","1","1.1","ppm","13","Portland - SE Lafayette","24","100.0000","42101","Carbon monoxide","38900","Portland-Vancouver-Hillsboro, OR-WA","41","Oregon","051","Multnomah","45.496641","-122.602877"
"02/14/2020","AQS","410510080","1","0.2","ppm","2","Portland - SE Lafayette","24","100.0000","42101","Carbon monoxide","38900","Portland-Vancouver-Hillsboro, OR-WA","41","Oregon","051","Multnomah","45.496641","-122.602877"
"02/15/2020","AQS","410510080","1","0.2","ppm","2","Portland - SE Lafayette","24","100.0000","42101","Carbon monoxide","38900","Portland-Vancouver-Hillsboro, OR-WA","41","Oregon","051","Multnomah","45.496641","-122.602877"
"02/16/2020","AQS","410510080","1","0.2","ppm","2","Portland - SE Lafayette","24","100.0000","42101","Carbon monoxide","38900","Portland-Vancouver-Hillsboro, OR-WA","41","Oregon","051","Multnomah","45.496641","-122.602877"
"02/17/2020","AQS","410510080","1","0.4","ppm","5","Portland - SE Lafayette","24","100.0000","42101","Carbon monoxide","38900","Portland-Vancouver-Hillsboro, OR-WA","41","Oregon","051","Multnomah","45.496641","-122.602877"
"02/18/2020","AQS","410510080","1","0.7","ppm","8","Portland - SE Lafayette","24","100.0000","42101","Carbon monoxide","38900","Portland-Vancouver-Hillsboro, OR-WA","41","Oregon","051","Multnomah","45.496641","-122.602877"
"02/19/2020","AQS","410510080","1","0.1","ppm","1","Portland - SE Lafayette","24","100.0000","42101","Carbon monoxide","38900","Portland-Vancouver-Hillsboro, OR-WA","41","Oregon","051","Multnomah","45.496641","-122.602877"
"02/20/2020","AQS","410510080","1","0.1","ppm","1","Portland - SE Lafayette","24","100.0000","42101","Carbon monoxide","38900","Portland-Vancouver-Hillsboro, OR-WA","41","Oregon","051","Multnomah","45.496641","-122.602877"
"02/21/2020","AQS","410510080","1","0.4","ppm","5","Portland - SE Lafayette","24","100.0000","42101","Carbon monoxide","38900","Portland-Vancouver-Hillsboro, OR-WA","41","Oregon","051","Multnomah","45.496641","-122.602877"
"02/22/2020","AQS","410510080","1","0.4","ppm","5","Portland - SE Lafayette","24","100.0000","42101","Carbon monoxide","38900","Portland-Vancouver-Hillsboro, OR-WA","41","Oregon","051","Multnomah","45.496641","-122.602877"
"02/23/2020","AQS","410510080","1","0.5","ppm","6","Portland - SE Lafayette","24","100.0000","42101","Carbon monoxide","38900","Portland-Vancouver-Hillsboro, OR-WA","41","Oregon","051","Multnomah","45.496641","-122.602877"
"02/24/2020","AQS","410510080","1","0.3","ppm","3","Portland - SE Lafayette","24","100.0000","42101","Carbon monoxide","38900","Portland-Vancouver-Hillsboro, OR-WA","41","Oregon","051","Multnomah","45.496641","-122.602877"
"02/25/2020","AQS","410510080","1","0.5","ppm","6","Portland - SE Lafayette","24","100.0000","42101","Carbon monoxide","38900","Portland-Vancouver-Hillsboro, OR-WA","41","Oregon","051","Multnomah","45.496641","-122.602877"
"02/26/2020","AQS","410510080","1","0.6","ppm","7","Portland - SE Lafayette","24","100.0000","42101","Carbon monoxide","38900","Portland-Vancouver-Hillsboro, OR-WA","41","Oregon","051","Multnomah","45.496641","-122.602877"
"02/27/2020","AQS","410510080","1","1","ppm","11","Portland - SE Lafayette","24","100.0000","42101","Carbon monoxide","38900","Portland-Vancouver-Hillsboro, OR-WA","41","Oregon","051","Multnomah","45.496641","-122.602877"
"02/28/2020","AQS","410510080","1","1","ppm","11","Portland - SE Lafayette","24","100.0000","42101","Carbon monoxide","38900","Portland-Vancouver-Hillsboro, OR-WA","41","Oregon","051","Multnomah","45.496641","-122.602877"
"02/29/2020","AQS","410510080","1","0.2","ppm","2","Portland - SE Lafayette","24","100.0000","42101","Carbon monoxide","38900","Portland-Vancouver-Hillsboro, OR-WA","41","Oregon","051","Multnomah","45.496641","-122.602877"
"03/01/2020","AQS","410510080","1","0.2","ppm","2","Portland - SE Lafayette","24","100.0000","42101","Carbon monoxide","38900","Portland-Vancouver-Hillsboro, OR-WA","41","Oregon","051","Multnomah","45.496641","-122.602877"
"03/02/2020","AQS","410510080","1","0.2","ppm","2","Portland - SE Lafayette","24","100.0000","42101","Carbon monoxide","38900","Portland-Vancouver-Hillsboro, OR-WA","41","Oregon","051","Multnomah","45.496641","-122.602877"
"03/03/2020","AQS","410510080","1","0.1","ppm","1","Portland - SE Lafayette","24","100.0000","42101","Carbon monoxide","38900","Portland-Vancouver-Hillsboro, OR-WA","41","Oregon","051","Multnomah","45.496641","-122.602877"
"03/04/2020","AQS","410510080","1","0.4","ppm","5","Portland - SE Lafayette","24","100.0000","42101","Carbon monoxide","38900","Portland-Vancouver-Hillsboro, OR-WA","41","Oregon","051","Multnomah","45.496641","-122.602877"
"03/05/2020","AQS","410510080","1","1","ppm","11","Portland - SE Lafayette","24","100.0000","42101","Carbon monoxide","38900","Portland-Vancouver-Hillsboro, OR-WA","41","Oregon","051","Multnomah","45.496641","-122.602877"
"03/06/2020","AQS","410510080","1","0.1","ppm","1","Portland - SE Lafayette","24","100.0000","42101","Carbon monoxide","38900","Portland-Vancouver-Hillsboro, OR-WA","41","Oregon","051","Multnomah","45.496641","-122.602877"
"03/07/2020","AQS","410510080","1","0.2","ppm","2","Portland - SE Lafayette","24","100.0000","42101","Carbon monoxide","38900","Portland-Vancouver-Hillsboro, OR-WA","41","Oregon","051","Multnomah","45.496641","-122.602877"
"03/08/2020","AQS","410510080","1","0.3","ppm","3","Portland - SE Lafayette","24","100.0000","42101","Carbon monoxide","38900","Portland-Vancouver-Hillsboro, OR-WA","41","Oregon","051","Multnomah","45.496641","-122.602877"
"03/09/2020","AQS","410510080","1","0.6","ppm","7","Portland - SE Lafayette","24","100.0000","42101","Carbon monoxide","38900","Portland-Vancouver-Hillsboro, OR-WA","41","Oregon","051","Multnomah","45.496641","-122.602877"
"03/10/2020","AQS","410510080","1","1.3","ppm","15","Portland - SE Lafayette","24","100.0000","42101","Carbon monoxide","38900","Portland-Vancouver-Hillsboro, OR-WA","41","Oregon","051","Multnomah","45.496641","-122.602877"
"03/11/2020","AQS","410510080","1","0.2","ppm","2","Portland - SE Lafayette","24","100.0000","42101","Carbon monoxide","38900","Portland-Vancouver-Hillsboro, OR-WA","41","Oregon","051","Multnomah","45.496641","-122.602877"
"03/12/2020","AQS","410510080","1","0.6","ppm","7","Portland - SE Lafayette","24","100.0000","42101","Carbon monoxide","38900","Portland-Vancouver-Hillsboro, OR-WA","41","Oregon","051","Multnomah","45.496641","-122.602877"
"03/13/2020","AQS","410510080","1","0.2","ppm","2","Portland - SE Lafayette","24","100.0000","42101","Carbon monoxide","38900","Portland-Vancouver-Hillsboro, OR-WA","41","Oregon","051","Multnomah","45.496641","-122.602877"
"03/14/2020","AQS","410510080","1","0.2","ppm","2","Portland - SE Lafayette","24","100.0000","42101","Carbon monoxide","38900","Portland-Vancouver-Hillsboro, OR-WA","41","Oregon","051","Multnomah","45.496641","-122.602877"
"03/15/2020","AQS","410510080","1","0.1","ppm","1","Portland - SE Lafayette","24","100.0000","42101","Carbon monoxide","38900","Portland-Vancouver-Hillsboro, OR-WA","41","Oregon","051","Multnomah","45.496641","-122.602877"
"03/16/2020","AQS","410510080","1","0.2","ppm","2","Portland - SE Lafayette","24","100.0000","42101","Carbon monoxide","38900","Portland-Vancouver-Hillsboro, OR-WA","41","Oregon","051","Multnomah","45.496641","-122.602877"
"03/17/2020","AQS","410510080","1","0.2","ppm","2","Portland - SE Lafayette","24","100.0000","42101","Carbon monoxide","38900","Portland-Vancouver-Hillsboro, OR-WA","41","Oregon","051","Multnomah","45.496641","-122.602877"
"03/18/2020","AQS","410510080","1","0.2","ppm","2","Portland - SE Lafayette","24","100.0000","42101","Carbon monoxide","38900","Portland-Vancouver-Hillsboro, OR-WA","41","Oregon","051","Multnomah","45.496641","-122.602877"
"03/19/2020","AQS","410510080","1","0.7","ppm","8","Portland - SE Lafayette","24","100.0000","42101","Carbon monoxide","38900","Portland-Vancouver-Hillsboro, OR-WA","41","Oregon","051","Multnomah","45.496641","-122.602877"
"03/20/2020","AQS","410510080","1","0.3","ppm","3","Portland - SE Lafayette","24","100.0000","42101","Carbon monoxide","38900","Portland-Vancouver-Hillsboro, OR-WA","41","Oregon","051","Multnomah","45.496641","-122.602877"
"03/21/2020","AQS","410510080","1","0.4","ppm","5","Portland - SE Lafayette","24","100.0000","42101","Carbon monoxide","38900","Portland-Vancouver-Hillsboro, OR-WA","41","Oregon","051","Multnomah","45.496641","-122.602877"
"03/22/2020","AQS","410510080","1","0.9","ppm","10","Portland - SE Lafayette","24","100.0000","42101","Carbon monoxide","38900","Portland-Vancouver-Hillsboro, OR-WA","41","Oregon","051","Multnomah","45.496641","-122.602877"
"03/23/2020","AQS","410510080","1","0","ppm","0","Portland - SE Lafayette","24","100.0000","42101","Carbon monoxide","38900","Portland-Vancouver-Hillsboro, OR-WA","41","Oregon","051","Multnomah","45.496641","-122.602877"
"03/24/2020","AQS","410510080","1","0","ppm","0","Portland - SE Lafayette","24","100.0000","42101","Carbon monoxide","38900","Portland-Vancouver-Hillsboro, OR-WA","41","Oregon","051","Multnomah","45.496641","-122.602877"
"03/25/2020","AQS","410510080","1","0.1","ppm","1","Portland - SE Lafayette","24","100.0000","42101","Carbon monoxide","38900","Portland-Vancouver-Hillsboro, OR-WA","41","Oregon","051","Multnomah","45.496641","-122.602877"
"03/26/2020","AQS","410510080","1","0.1","ppm","1","Portland - SE Lafayette","24","100.0000","42101","Carbon monoxide","38900","Portland-Vancouver-Hillsboro, OR-WA","41","Oregon","051","Multnomah","45.496641","-122.602877"
"03/27/2020","AQS","410510080","1","0.1","ppm","1","Portland - SE Lafayette","24","100.0000","42101","Carbon monoxide","38900","Portland-Vancouver-Hillsboro, OR-WA","41","Oregon","051","Multnomah","45.496641","-122.602877"
"03/28/2020","AQS","410510080","1","0.1","ppm","1","Portland - SE Lafayette","24","100.0000","42101","Carbon monoxide","38900","Portland-Vancouver-Hillsboro, OR-WA","41","Oregon","051","Multnomah","45.496641","-122.602877"
"03/29/2020","AQS","410510080","1","0.1","ppm","1","Portland - SE Lafayette","24","100.0000","42101","Carbon monoxide","38900","Portland-Vancouver-Hillsboro, OR-WA","41","Oregon","051","Multnomah","45.496641","-122.602877"
"03/30/2020","AQS","410510080","1","0.1","ppm","1","Portland - SE Lafayette","24","100.0000","42101","Carbon monoxide","38900","Portland-Vancouver-Hillsboro, OR-WA","41","Oregon","051","Multnomah","45.496641","-122.602877"
"03/31/2020","AQS","410510080","1","0.1","ppm","1","Portland - SE Lafayette","24","100.0000","42101","Carbon monoxide","38900","Portland-Vancouver-Hillsboro, OR-WA","41","Oregon","051","Multnomah","45.496641","-122.602877"
"04/01/2020","AQS","410510080","1","0.1","ppm","1","Portland - SE Lafayette","24","100.0000","42101","Carbon monoxide","38900","Portland-Vancouver-Hillsboro, OR-WA","41","Oregon","051","Multnomah","45.496641","-122.602877"
"04/02/2020","AQS","410510080","1","0.2","ppm","2","Portland - SE Lafayette","17","71.0000","42101","Carbon monoxide","38900","Portland-Vancouver-Hillsboro, OR-WA","41","Oregon","051","Multnomah","45.496641","-122.602877"
"04/03/2020","AQS","410510080","1","0.2","ppm","2","Portland - SE Lafayette","24","100.0000","42101","Carbon monoxide","38900","Portland-Vancouver-Hillsboro, OR-WA","41","Oregon","051","Multnomah","45.496641","-122.602877"
"04/04/2020","AQS","410510080","1","0.2","ppm","2","Portland - SE Lafayette","24","100.0000","42101","Carbon monoxide","38900","Portland-Vancouver-Hillsboro, OR-WA","41","Oregon","051","Multnomah","45.496641","-122.602877"
"04/05/2020","AQS","410510080","1","0.1","ppm","1","Portland - SE Lafayette","24","100.0000","42101","Carbon monoxide","38900","Portland-Vancouver-Hillsboro, OR-WA","41","Oregon","051","Multnomah","45.496641","-122.602877"
"04/06/2020","AQS","410510080","1","0.2","ppm","2","Portland - SE Lafayette","24","100.0000","42101","Carbon monoxide","38900","Portland-Vancouver-Hillsboro, OR-WA","41","Oregon","051","Multnomah","45.496641","-122.602877"
"04/07/2020","AQS","410510080","1","0.1","ppm","1","Portland - SE Lafayette","24","100.0000","42101","Carbon monoxide","38900","Portland-Vancouver-Hillsboro, OR-WA","41","Oregon","051","Multnomah","45.496641","-122.602877"
"04/08/2020","AQS","410510080","1","0.2","ppm","2","Portland - SE Lafayette","24","100.0000","42101","Carbon monoxide","38900","Portland-Vancouver-Hillsboro, OR-WA","41","Oregon","051","Multnomah","45.496641","-122.602877"
"04/09/2020","AQS","410510080","1","0.1","ppm","1","Portland - SE Lafayette","24","100.0000","42101","Carbon monoxide","38900","Portland-Vancouver-Hillsboro, OR-WA","41","Oregon","051","Multnomah","45.496641","-122.602877"
"04/10/2020","AQS","410510080","1","0.1","ppm","1","Portland - SE Lafayette","24","100.0000","42101","Carbon monoxide","38900","Portland-Vancouver-Hillsboro, OR-WA","41","Oregon","051","Multnomah","45.496641","-122.602877"
"04/11/2020","AQS","410510080","1","0.2","ppm","2","Portland - SE Lafayette","24","100.0000","42101","Carbon monoxide","38900","Portland-Vancouver-Hillsboro, OR-WA","41","Oregon","051","Multnomah","45.496641","-122.602877"
"04/12/2020","AQS","410510080","1","0.2","ppm","2","Portland - SE Lafayette","24","100.0000","42101","Carbon monoxide","38900","Portland-Vancouver-Hillsboro, OR-WA","41","Oregon","051","Multnomah","45.496641","-122.602877"
"04/13/2020","AQS","410510080","1","0.3","ppm","3","Portland - SE Lafayette","24","100.0000","42101","Carbon monoxide","38900","Portland-Vancouver-Hillsboro, OR-WA","41","Oregon","051","Multnomah","45.496641","-122.602877"
"04/14/2020","AQS","410510080","1","0.3","ppm","3","Portland - SE Lafayette","24","100.0000","42101","Carbon monoxide","38900","Portland-Vancouver-Hillsboro, OR-WA","41","Oregon","051","Multnomah","45.496641","-122.602877"
"04/15/2020","AQS","410510080","1","0.1","ppm","1","Portland - SE Lafayette","24","100.0000","42101","Carbon monoxide","38900","Portland-Vancouver-Hillsboro, OR-WA","41","Oregon","051","Multnomah","45.496641","-122.602877"
"04/16/2020","AQS","410510080","1","0.1","ppm","1","Portland - SE Lafayette","24","100.0000","42101","Carbon monoxide","38900","Portland-Vancouver-Hillsboro, OR-WA","41","Oregon","051","Multnomah","45.496641","-122.602877"
"04/17/2020","AQS","410510080","1","0.2","ppm","2","Portland - SE Lafayette","24","100.0000","42101","Carbon monoxide","38900","Portland-Vancouver-Hillsboro, OR-WA","41","Oregon","051","Multnomah","45.496641","-122.602877"
"04/18/2020","AQS","410510080","1","0.2","ppm","2","Portland - SE Lafayette","24","100.0000","42101","Carbon monoxide","38900","Portland-Vancouver-Hillsboro, OR-WA","41","Oregon","051","Multnomah","45.496641","-122.602877"
"04/19/2020","AQS","410510080","1","0.1","ppm","1","Portland - SE Lafayette","24","100.0000","42101","Carbon monoxide","38900","Portland-Vancouver-Hillsboro, OR-WA","41","Oregon","051","Multnomah","45.496641","-122.602877"
"04/20/2020","AQS","410510080","1","0.3","ppm","3","Portland - SE Lafayette","24","100.0000","42101","Carbon monoxide","38900","Portland-Vancouver-Hillsboro, OR-WA","41","Oregon","051","Multnomah","45.496641","-122.602877"
"04/21/2020","AQS","410510080","1","0","ppm","0","Portland - SE Lafayette","24","100.0000","42101","Carbon monoxide","38900","Portland-Vancouver-Hillsboro, OR-WA","41","Oregon","051","Multnomah","45.496641","-122.602877"
"04/22/2020","AQS","410510080","1","0.1","ppm","1","Portland - SE Lafayette","24","100.0000","42101","Carbon monoxide","38900","Portland-Vancouver-Hillsboro, OR-WA","41","Oregon","051","Multnomah","45.496641","-122.602877"
"04/23/2020","AQS","410510080","1","0.1","ppm","1","Portland - SE Lafayette","24","100.0000","42101","Carbon monoxide","38900","Portland-Vancouver-Hillsboro, OR-WA","41","Oregon","051","Multnomah","45.496641","-122.602877"
"04/24/2020","AQS","410510080","1","0.1","ppm","1","Portland - SE Lafayette","24","100.0000","42101","Carbon monoxide","38900","Portland-Vancouver-Hillsboro, OR-WA","41","Oregon","051","Multnomah","45.496641","-122.602877"
"04/25/2020","AQS","410510080","1","0.1","ppm","1","Portland - SE Lafayette","18","75.0000","42101","Carbon monoxide","38900","Portland-Vancouver-Hillsboro, OR-WA","41","Oregon","051","Multnomah","45.496641","-122.602877"
"04/26/2020","AQS","410510080","1","0.4","ppm","5","Portland - SE Lafayette","24","100.0000","42101","Carbon monoxide","38900","Portland-Vancouver-Hillsboro, OR-WA","41","Oregon","051","Multnomah","45.496641","-122.602877"
"04/27/2020","AQS","410510080","1","0.1","ppm","1","Portland - SE Lafayette","24","100.0000","42101","Carbon monoxide","38900","Portland-Vancouver-Hillsboro, OR-WA","41","Oregon","051","Multnomah","45.496641","-122.602877"
"04/28/2020","AQS","410510080","1","0","ppm","0","Portland - SE Lafayette","24","100.0000","42101","Carbon monoxide","38900","Portland-Vancouver-Hillsboro, OR-WA","41","Oregon","051","Multnomah","45.496641","-122.602877"
"04/29/2020","AQS","410510080","1","0","ppm","0","Portland - SE Lafayette","24","100.0000","42101","Carbon monoxide","38900","Portland-Vancouver-Hillsboro, OR-WA","41","Oregon","051","Multnomah","45.496641","-122.602877"
"04/30/2020","AQS","410510080","1","0.1","ppm","1","Portland - SE Lafayette","15","63.0000","42101","Carbon monoxide","38900","Portland-Vancouver-Hillsboro, OR-WA","41","Oregon","051","Multnomah","45.496641","-122.602877"
"05/01/2020","AQS","410510080","1","0.1","ppm","1","Portland - SE Lafayette","24","100.0000","42101","Carbon monoxide","38900","Portland-Vancouver-Hillsboro, OR-WA","41","Oregon","051","Multnomah","45.496641","-122.602877"
"05/02/2020","AQS","410510080","1","0.2","ppm","2","Portland - SE Lafayette","24","100.0000","42101","Carbon monoxide","38900","Portland-Vancouver-Hillsboro, OR-WA","41","Oregon","051","Multnomah","45.496641","-122.602877"
"05/03/2020","AQS","410510080","1","0.1","ppm","1","Portland - SE Lafayette","24","100.0000","42101","Carbon monoxide","38900","Portland-Vancouver-Hillsboro, OR-WA","41","Oregon","051","Multnomah","45.496641","-122.602877"
"05/04/2020","AQS","410510080","1","0.3","ppm","3","Portland - SE Lafayette","24","100.0000","42101","Carbon monoxide","38900","Portland-Vancouver-Hillsboro, OR-WA","41","Oregon","051","Multnomah","45.496641","-122.602877"
"05/05/2020","AQS","410510080","1","0","ppm","0","Portland - SE Lafayette","24","100.0000","42101","Carbon monoxide","38900","Portland-Vancouver-Hillsboro, OR-WA","41","Oregon","051","Multnomah","45.496641","-122.602877"
"05/06/2020","AQS","410510080","1","0","ppm","0","Portland - SE Lafayette","24","100.0000","42101","Carbon monoxide","38900","Portland-Vancouver-Hillsboro, OR-WA","41","Oregon","051","Multnomah","45.496641","-122.602877"
"05/07/2020","AQS","410510080","1","0.1","ppm","1","Portland - SE Lafayette","24","100.0000","42101","Carbon monoxide","38900","Portland-Vancouver-Hillsboro, OR-WA","41","Oregon","051","Multnomah","45.496641","-122.602877"
"05/08/2020","AQS","410510080","1","0.1","ppm","1","Portland - SE Lafayette","24","100.0000","42101","Carbon monoxide","38900","Portland-Vancouver-Hillsboro, OR-WA","41","Oregon","051","Multnomah","45.496641","-122.602877"
"05/09/2020","AQS","410510080","1","0","ppm","0","Portland - SE Lafayette","24","100.0000","42101","Carbon monoxide","38900","Portland-Vancouver-Hillsboro, OR-WA","41","Oregon","051","Multnomah","45.496641","-122.602877"
"05/10/2020","AQS","410510080","1","0","ppm","0","Portland - SE Lafayette","24","100.0000","42101","Carbon monoxide","38900","Portland-Vancouver-Hillsboro, OR-WA","41","Oregon","051","Multnomah","45.496641","-122.602877"
"05/11/2020","AQS","410510080","1","0.1","ppm","1","Portland - SE Lafayette","24","100.0000","42101","Carbon monoxide","38900","Portland-Vancouver-Hillsboro, OR-WA","41","Oregon","051","Multnomah","45.496641","-122.602877"
"05/12/2020","AQS","410510080","1","0.1","ppm","1","Portland - SE Lafayette","16","67.0000","42101","Carbon monoxide","38900","Portland-Vancouver-Hillsboro, OR-WA","41","Oregon","051","Multnomah","45.496641","-122.602877"
"05/13/2020","AQS","410510080","1","0","ppm","0","Portland - SE Lafayette","24","100.0000","42101","Carbon monoxide","38900","Portland-Vancouver-Hillsboro, OR-WA","41","Oregon","051","Multnomah","45.496641","-122.602877"
"05/14/2020","AQS","410510080","1","0","ppm","0","Portland - SE Lafayette","24","100.0000","42101","Carbon monoxide","38900","Portland-Vancouver-Hillsboro, OR-WA","41","Oregon","051","Multnomah","45.496641","-122.602877"
"05/15/2020","AQS","410510080","1","0.2","ppm","2","Portland - SE Lafayette","24","100.0000","42101","Carbon monoxide","38900","Portland-Vancouver-Hillsboro, OR-WA","41","Oregon","051","Multnomah","45.496641","-122.602877"
"05/16/2020","AQS","410510080","1","0.2","ppm","2","Portland - SE Lafayette","24","100.0000","42101","Carbon monoxide","38900","Portland-Vancouver-Hillsboro, OR-WA","41","Oregon","051","Multnomah","45.496641","-122.602877"
"05/17/2020","AQS","410510080","1","0","ppm","0","Portland - SE Lafayette","24","100.0000","42101","Carbon monoxide","38900","Portland-Vancouver-Hillsboro, OR-WA","41","Oregon","051","Multnomah","45.496641","-122.602877"
"05/18/2020","AQS","410510080","1","0.1","ppm","1","Portland - SE Lafayette","24","100.0000","42101","Carbon monoxide","38900","Portland-Vancouver-Hillsboro, OR-WA","41","Oregon","051","Multnomah","45.496641","-122.602877"
"05/19/2020","AQS","410510080","1","0","ppm","0","Portland - SE Lafayette","24","100.0000","42101","Carbon monoxide","38900","Portland-Vancouver-Hillsboro, OR-WA","41","Oregon","051","Multnomah","45.496641","-122.602877"
"05/20/2020","AQS","410510080","1","0","ppm","0","Portland - SE Lafayette","24","100.0000","42101","Carbon monoxide","38900","Portland-Vancouver-Hillsboro, OR-WA","41","Oregon","051","Multnomah","45.496641","-122.602877"
"05/21/2020","AQS","410510080","1","0","ppm","0","Portland - SE Lafayette","24","100.0000","42101","Carbon monoxide","38900","Portland-Vancouver-Hillsboro, OR-WA","41","Oregon","051","Multnomah","45.496641","-122.602877"
"05/22/2020","AQS","410510080","1","0.2","ppm","2","Portland - SE Lafayette","24","100.0000","42101","Carbon monoxide","38900","Portland-Vancouver-Hillsboro, OR-WA","41","Oregon","051","Multnomah","45.496641","-122.602877"
"05/23/2020","AQS","410510080","1","0.3","ppm","3","Portland - SE Lafayette","24","100.0000","42101","Carbon monoxide","38900","Portland-Vancouver-Hillsboro, OR-WA","41","Oregon","051","Multnomah","45.496641","-122.602877"
"05/24/2020","AQS","410510080","1","0.6","ppm","7","Portland - SE Lafayette","24","100.0000","42101","Carbon monoxide","38900","Portland-Vancouver-Hillsboro, OR-WA","41","Oregon","051","Multnomah","45.496641","-122.602877"
"05/25/2020","AQS","410510080","1","0.1","ppm","1","Portland - SE Lafayette","24","100.0000","42101","Carbon monoxide","38900","Portland-Vancouver-Hillsboro, OR-WA","41","Oregon","051","Multnomah","45.496641","-122.602877"
"05/26/2020","AQS","410510080","1","0.2","ppm","2","Portland - SE Lafayette","24","100.0000","42101","Carbon monoxide","38900","Portland-Vancouver-Hillsboro, OR-WA","41","Oregon","051","Multnomah","45.496641","-122.602877"
"05/27/2020","AQS","410510080","1","0","ppm","0","Portland - SE Lafayette","24","100.0000","42101","Carbon monoxide","38900","Portland-Vancouver-Hillsboro, OR-WA","41","Oregon","051","Multnomah","45.496641","-122.602877"
"05/28/2020","AQS","410510080","1","0.2","ppm","2","Portland - SE Lafayette","24","100.0000","42101","Carbon monoxide","38900","Portland-Vancouver-Hillsboro, OR-WA","41","Oregon","051","Multnomah","45.496641","-122.602877"
"05/29/2020","AQS","410510080","1","0.2","ppm","2","Portland - SE Lafayette","24","100.0000","42101","Carbon monoxide","38900","Portland-Vancouver-Hillsboro, OR-WA","41","Oregon","051","Multnomah","45.496641","-122.602877"
"05/30/2020","AQS","410510080","1","0.2","ppm","2","Portland - SE Lafayette","24","100.0000","42101","Carbon monoxide","38900","Portland-Vancouver-Hillsboro, OR-WA","41","Oregon","051","Multnomah","45.496641","-122.602877"
"05/31/2020","AQS","410510080","1","0.1","ppm","1","Portland - SE Lafayette","24","100.0000","42101","Carbon monoxide","38900","Portland-Vancouver-Hillsboro, OR-WA","41","Oregon","051","Multnomah","45.496641","-122.602877"
"06/01/2020","AQS","410510080","1","0.1","ppm","1","Portland - SE Lafayette","24","100.0000","42101","Carbon monoxide","38900","Portland-Vancouver-Hillsboro, OR-WA","41","Oregon","051","Multnomah","45.496641","-122.602877"
"06/02/2020","AQS","410510080","1","0.1","ppm","1","Portland - SE Lafayette","24","100.0000","42101","Carbon monoxide","38900","Portland-Vancouver-Hillsboro, OR-WA","41","Oregon","051","Multnomah","45.496641","-122.602877"
"06/03/2020","AQS","410510080","1","0.1","ppm","1","Portland - SE Lafayette","24","100.0000","42101","Carbon monoxide","38900","Portland-Vancouver-Hillsboro, OR-WA","41","Oregon","051","Multnomah","45.496641","-122.602877"
"06/04/2020","AQS","410510080","1","0.1","ppm","1","Portland - SE Lafayette","24","100.0000","42101","Carbon monoxide","38900","Portland-Vancouver-Hillsboro, OR-WA","41","Oregon","051","Multnomah","45.496641","-122.602877"
"06/05/2020","AQS","410510080","1","0.1","ppm","1","Portland - SE Lafayette","24","100.0000","42101","Carbon monoxide","38900","Portland-Vancouver-Hillsboro, OR-WA","41","Oregon","051","Multnomah","45.496641","-122.602877"
"06/06/2020","AQS","410510080","1","0.1","ppm","1","Portland - SE Lafayette","24","100.0000","42101","Carbon monoxide","38900","Portland-Vancouver-Hillsboro, OR-WA","41","Oregon","051","Multnomah","45.496641","-122.602877"
"06/07/2020","AQS","410510080","1","0.1","ppm","1","Portland - SE Lafayette","24","100.0000","42101","Carbon monoxide","38900","Portland-Vancouver-Hillsboro, OR-WA","41","Oregon","051","Multnomah","45.496641","-122.602877"
"06/08/2020","AQS","410510080","1","0.1","ppm","1","Portland - SE Lafayette","24","100.0000","42101","Carbon monoxide","38900","Portland-Vancouver-Hillsboro, OR-WA","41","Oregon","051","Multnomah","45.496641","-122.602877"
"06/09/2020","AQS","410510080","1","0.1","ppm","1","Portland - SE Lafayette","24","100.0000","42101","Carbon monoxide","38900","Portland-Vancouver-Hillsboro, OR-WA","41","Oregon","051","Multnomah","45.496641","-122.602877"
"06/10/2020","AQS","410510080","1","0.1","ppm","1","Portland - SE Lafayette","24","100.0000","42101","Carbon monoxide","38900","Portland-Vancouver-Hillsboro, OR-WA","41","Oregon","051","Multnomah","45.496641","-122.602877"
"06/11/2020","AQS","410510080","1","0.2","ppm","2","Portland - SE Lafayette","24","100.0000","42101","Carbon monoxide","38900","Portland-Vancouver-Hillsboro, OR-WA","41","Oregon","051","Multnomah","45.496641","-122.602877"
"06/12/2020","AQS","410510080","1","0.1","ppm","1","Portland - SE Lafayette","24","100.0000","42101","Carbon monoxide","38900","Portland-Vancouver-Hillsboro, OR-WA","41","Oregon","051","Multnomah","45.496641","-122.602877"
"06/13/2020","AQS","410510080","1","0.1","ppm","1","Portland - SE Lafayette","24","100.0000","42101","Carbon monoxide","38900","Portland-Vancouver-Hillsboro, OR-WA","41","Oregon","051","Multnomah","45.496641","-122.602877"
"06/14/2020","AQS","410510080","1","0.1","ppm","1","Portland - SE Lafayette","24","100.0000","42101","Carbon monoxide","38900","Portland-Vancouver-Hillsboro, OR-WA","41","Oregon","051","Multnomah","45.496641","-122.602877"
"06/15/2020","AQS","410510080","1","0.1","ppm","1","Portland - SE Lafayette","24","100.0000","42101","Carbon monoxide","38900","Portland-Vancouver-Hillsboro, OR-WA","41","Oregon","051","Multnomah","45.496641","-122.602877"
"06/16/2020","AQS","410510080","1","0.1","ppm","1","Portland - SE Lafayette","24","100.0000","42101","Carbon monoxide","38900","Portland-Vancouver-Hillsboro, OR-WA","41","Oregon","051","Multnomah","45.496641","-122.602877"
"06/17/2020","AQS","410510080","1","0.1","ppm","1","Portland - SE Lafayette","24","100.0000","42101","Carbon monoxide","38900","Portland-Vancouver-Hillsboro, OR-WA","41","Oregon","051","Multnomah","45.496641","-122.602877"
"06/18/2020","AQS","410510080","1","0.1","ppm","1","Portland - SE Lafayette","24","100.0000","42101","Carbon monoxide","38900","Portland-Vancouver-Hillsboro, OR-WA","41","Oregon","051","Multnomah","45.496641","-122.602877"
"06/19/2020","AQS","410510080","1","0.1","ppm","1","Portland - SE Lafayette","24","100.0000","42101","Carbon monoxide","38900","Portland-Vancouver-Hillsboro, OR-WA","41","Oregon","051","Multnomah","45.496641","-122.602877"
"06/20/2020","AQS","410510080","1","0.1","ppm","1","Portland - SE Lafayette","24","100.0000","42101","Carbon monoxide","38900","Portland-Vancouver-Hillsboro, OR-WA","41","Oregon","051","Multnomah","45.496641","-122.602877"
"06/21/2020","AQS","410510080","1","0.1","ppm","1","Portland - SE Lafayette","24","100.0000","42101","Carbon monoxide","38900","Portland-Vancouver-Hillsboro, OR-WA","41","Oregon","051","Multnomah","45.496641","-122.602877"
"06/22/2020","AQS","410510080","1","0.1","ppm","1","Portland - SE Lafayette","24","100.0000","42101","Carbon monoxide","38900","Portland-Vancouver-Hillsboro, OR-WA","41","Oregon","051","Multnomah","45.496641","-122.602877"
"06/23/2020","AQS","410510080","1","0.1","ppm","1","Portland - SE Lafayette","24","100.0000","42101","Carbon monoxide","38900","Portland-Vancouver-Hillsboro, OR-WA","41","Oregon","051","Multnomah","45.496641","-122.602877"
"06/24/2020","AQS","410510080","1","0.1","ppm","1","Portland - SE Lafayette","24","100.0000","42101","Carbon monoxide","38900","Portland-Vancouver-Hillsboro, OR-WA","41","Oregon","051","Multnomah","45.496641","-122.602877"
"06/25/2020","AQS","410510080","1","0","ppm","0","Portland - SE Lafayette","24","100.0000","42101","Carbon monoxide","38900","Portland-Vancouver-Hillsboro, OR-WA","41","Oregon","051","Multnomah","45.496641","-122.602877"
"06/26/2020","AQS","410510080","1","0","ppm","0","Portland - SE Lafayette","24","100.0000","42101","Carbon monoxide","38900","Portland-Vancouver-Hillsboro, OR-WA","41","Oregon","051","Multnomah","45.496641","-122.602877"
"06/27/2020","AQS","410510080","1","0","ppm","0","Portland - SE Lafayette","24","100.0000","42101","Carbon monoxide","38900","Portland-Vancouver-Hillsboro, OR-WA","41","Oregon","051","Multnomah","45.496641","-122.602877"
"06/28/2020","AQS","410510080","1","0","ppm","0","Portland - SE Lafayette","24","100.0000","42101","Carbon monoxide","38900","Portland-Vancouver-Hillsboro, OR-WA","41","Oregon","051","Multnomah","45.496641","-122.602877"
"06/29/2020","AQS","410510080","1","0.1","ppm","1","Portland - SE Lafayette","24","100.0000","42101","Carbon monoxide","38900","Portland-Vancouver-Hillsboro, OR-WA","41","Oregon","051","Multnomah","45.496641","-122.602877"
"06/30/2020","AQS","410510080","1","0","ppm","0","Portland - SE Lafayette","24","100.0000","42101","Carbon monoxide","38900","Portland-Vancouver-Hillsboro, OR-WA","41","Oregon","051","Multnomah","45.496641","-122.602877"
"07/01/2020","AQS","410510080","1","0","ppm","0","Portland - SE Lafayette","3","13.0000","42101","Carbon monoxide","38900","Portland-Vancouver-Hillsboro, OR-WA","41","Oregon","051","Multnomah","45.496641","-122.602877"
"01/01/2020","AQS","410670005","1","0.2","ppm","2","Tualatin Bradbury Court (TBC) - Near Road Site","18","75.0000","42101","Carbon monoxide","38900","Portland-Vancouver-Hillsboro, OR-WA","41","Oregon","067","Washington","45.393497","-122.747894"
"01/02/2020","AQS","410670005","1","0.1","ppm","1","Tualatin Bradbury Court (TBC) - Near Road Site","24","100.0000","42101","Carbon monoxide","38900","Portland-Vancouver-Hillsboro, OR-WA","41","Oregon","067","Washington","45.393497","-122.747894"
"01/03/2020","AQS","410670005","1","0.2","ppm","2","Tualatin Bradbury Court (TBC) - Near Road Site","24","100.0000","42101","Carbon monoxide","38900","Portland-Vancouver-Hillsboro, OR-WA","41","Oregon","067","Washington","45.393497","-122.747894"
"01/04/2020","AQS","410670005","1","0.1","ppm","1","Tualatin Bradbury Court (TBC) - Near Road Site","24","100.0000","42101","Carbon monoxide","38900","Portland-Vancouver-Hillsboro, OR-WA","41","Oregon","067","Washington","45.393497","-122.747894"
"01/05/2020","AQS","410670005","1","0.2","ppm","2","Tualatin Bradbury Court (TBC) - Near Road Site","24","100.0000","42101","Carbon monoxide","38900","Portland-Vancouver-Hillsboro, OR-WA","41","Oregon","067","Washington","45.393497","-122.747894"
"01/06/2020","AQS","410670005","1","0.1","ppm","1","Tualatin Bradbury Court (TBC) - Near Road Site","24","100.0000","42101","Carbon monoxide","38900","Portland-Vancouver-Hillsboro, OR-WA","41","Oregon","067","Washington","45.393497","-122.747894"
"01/07/2020","AQS","410670005","1","0.1","ppm","1","Tualatin Bradbury Court (TBC) - Near Road Site","24","100.0000","42101","Carbon monoxide","38900","Portland-Vancouver-Hillsboro, OR-WA","41","Oregon","067","Washington","45.393497","-122.747894"
"01/08/2020","AQS","410670005","1","0.3","ppm","3","Tualatin Bradbury Court (TBC) - Near Road Site","24","100.0000","42101","Carbon monoxide","38900","Portland-Vancouver-Hillsboro, OR-WA","41","Oregon","067","Washington","45.393497","-122.747894"
"01/09/2020","AQS","410670005","1","0.3","ppm","3","Tualatin Bradbury Court (TBC) - Near Road Site","24","100.0000","42101","Carbon monoxide","38900","Portland-Vancouver-Hillsboro, OR-WA","41","Oregon","067","Washington","45.393497","-122.747894"
"01/10/2020","AQS","410670005","1","0.2","ppm","2","Tualatin Bradbury Court (TBC) - Near Road Site","24","100.0000","42101","Carbon monoxide","38900","Portland-Vancouver-Hillsboro, OR-WA","41","Oregon","067","Washington","45.393497","-122.747894"
"01/11/2020","AQS","410670005","1","0.2","ppm","2","Tualatin Bradbury Court (TBC) - Near Road Site","24","100.0000","42101","Carbon monoxide","38900","Portland-Vancouver-Hillsboro, OR-WA","41","Oregon","067","Washington","45.393497","-122.747894"
"01/12/2020","AQS","410670005","1","0.2","ppm","2","Tualatin Bradbury Court (TBC) - Near Road Site","24","100.0000","42101","Carbon monoxide","38900","Portland-Vancouver-Hillsboro, OR-WA","41","Oregon","067","Washington","45.393497","-122.747894"
"01/13/2020","AQS","410670005","1","0.2","ppm","2","Tualatin Bradbury Court (TBC) - Near Road Site","24","100.0000","42101","Carbon monoxide","38900","Portland-Vancouver-Hillsboro, OR-WA","41","Oregon","067","Washington","45.393497","-122.747894"
"01/14/2020","AQS","410670005","1","0.2","ppm","2","Tualatin Bradbury Court (TBC) - Near Road Site","24","100.0000","42101","Carbon monoxide","38900","Portland-Vancouver-Hillsboro, OR-WA","41","Oregon","067","Washington","45.393497","-122.747894"
"01/15/2020","AQS","410670005","1","0.2","ppm","2","Tualatin Bradbury Court (TBC) - Near Road Site","14","58.0000","42101","Carbon monoxide","38900","Portland-Vancouver-Hillsboro, OR-WA","41","Oregon","067","Washington","45.393497","-122.747894"
"01/23/2020","AQS","410670005","1","0.1","ppm","1","Tualatin Bradbury Court (TBC) - Near Road Site","1","4.0000","42101","Carbon monoxide","38900","Portland-Vancouver-Hillsboro, OR-WA","41","Oregon","067","Washington","45.393497","-122.747894"
"01/24/2020","AQS","410670005","1","0.3","ppm","3","Tualatin Bradbury Court (TBC) - Near Road Site","24","100.0000","42101","Carbon monoxide","38900","Portland-Vancouver-Hillsboro, OR-WA","41","Oregon","067","Washington","45.393497","-122.747894"
"01/25/2020","AQS","410670005","1","0.2","ppm","2","Tualatin Bradbury Court (TBC) - Near Road Site","24","100.0000","42101","Carbon monoxide","38900","Portland-Vancouver-Hillsboro, OR-WA","41","Oregon","067","Washington","45.393497","-122.747894"
"01/26/2020","AQS","410670005","1","0.2","ppm","2","Tualatin Bradbury Court (TBC) - Near Road Site","24","100.0000","42101","Carbon monoxide","38900","Portland-Vancouver-Hillsboro, OR-WA","41","Oregon","067","Washington","45.393497","-122.747894"
"01/27/2020","AQS","410670005","1","0.2","ppm","2","Tualatin Bradbury Court (TBC) - Near Road Site","24","100.0000","42101","Carbon monoxide","38900","Portland-Vancouver-Hillsboro, OR-WA","41","Oregon","067","Washington","45.393497","-122.747894"
"01/28/2020","AQS","410670005","1","0.2","ppm","2","Tualatin Bradbury Court (TBC) - Near Road Site","24","100.0000","42101","Carbon monoxide","38900","Portland-Vancouver-Hillsboro, OR-WA","41","Oregon","067","Washington","45.393497","-122.747894"
"01/29/2020","AQS","410670005","1","0.3","ppm","3","Tualatin Bradbury Court (TBC) - Near Road Site","24","100.0000","42101","Carbon monoxide","38900","Portland-Vancouver-Hillsboro, OR-WA","41","Oregon","067","Washington","45.393497","-122.747894"
"01/30/2020","AQS","410670005","1","0.3","ppm","3","Tualatin Bradbury Court (TBC) - Near Road Site","24","100.0000","42101","Carbon monoxide","38900","Portland-Vancouver-Hillsboro, OR-WA","41","Oregon","067","Washington","45.393497","-122.747894"
"01/31/2020","AQS","410670005","1","0.2","ppm","2","Tualatin Bradbury Court (TBC) - Near Road Site","24","100.0000","42101","Carbon monoxide","38900","Portland-Vancouver-Hillsboro, OR-WA","41","Oregon","067","Washington","45.393497","-122.747894"
"02/01/2020","AQS","410670005","1","0.3","ppm","3","Tualatin Bradbury Court (TBC) - Near Road Site","24","100.0000","42101","Carbon monoxide","38900","Portland-Vancouver-Hillsboro, OR-WA","41","Oregon","067","Washington","45.393497","-122.747894"
"02/02/2020","AQS","410670005","1","0.3","ppm","3","Tualatin Bradbury Court (TBC) - Near Road Site","24","100.0000","42101","Carbon monoxide","38900","Portland-Vancouver-Hillsboro, OR-WA","41","Oregon","067","Washington","45.393497","-122.747894"
"02/03/2020","AQS","410670005","1","0.5","ppm","6","Tualatin Bradbury Court (TBC) - Near Road Site","24","100.0000","42101","Carbon monoxide","38900","Portland-Vancouver-Hillsboro, OR-WA","41","Oregon","067","Washington","45.393497","-122.747894"
"02/04/2020","AQS","410670005","1","0.7","ppm","8","Tualatin Bradbury Court (TBC) - Near Road Site","24","100.0000","42101","Carbon monoxide","38900","Portland-Vancouver-Hillsboro, OR-WA","41","Oregon","067","Washington","45.393497","-122.747894"
"02/05/2020","AQS","410670005","1","0.2","ppm","2","Tualatin Bradbury Court (TBC) - Near Road Site","24","100.0000","42101","Carbon monoxide","38900","Portland-Vancouver-Hillsboro, OR-WA","41","Oregon","067","Washington","45.393497","-122.747894"
"02/06/2020","AQS","410670005","1","0.1","ppm","1","Tualatin Bradbury Court (TBC) - Near Road Site","24","100.0000","42101","Carbon monoxide","38900","Portland-Vancouver-Hillsboro, OR-WA","41","Oregon","067","Washington","45.393497","-122.747894"
"02/07/2020","AQS","410670005","1","0.1","ppm","1","Tualatin Bradbury Court (TBC) - Near Road Site","24","100.0000","42101","Carbon monoxide","38900","Portland-Vancouver-Hillsboro, OR-WA","41","Oregon","067","Washington","45.393497","-122.747894"
"02/08/2020","AQS","410670005","1","0.3","ppm","3","Tualatin Bradbury Court (TBC) - Near Road Site","24","100.0000","42101","Carbon monoxide","38900","Portland-Vancouver-Hillsboro, OR-WA","41","Oregon","067","Washington","45.393497","-122.747894"
"02/09/2020","AQS","410670005","1","0.3","ppm","3","Tualatin Bradbury Court (TBC) - Near Road Site","24","100.0000","42101","Carbon monoxide","38900","Portland-Vancouver-Hillsboro, OR-WA","41","Oregon","067","Washington","45.393497","-122.747894"
"02/10/2020","AQS","410670005","1","0.4","ppm","5","Tualatin Bradbury Court (TBC) - Near Road Site","24","100.0000","42101","Carbon monoxide","38900","Portland-Vancouver-Hillsboro, OR-WA","41","Oregon","067","Washington","45.393497","-122.747894"
"02/11/2020","AQS","410670005","1","0.5","ppm","6","Tualatin Bradbury Court (TBC) - Near Road Site","24","100.0000","42101","Carbon monoxide","38900","Portland-Vancouver-Hillsboro, OR-WA","41","Oregon","067","Washington","45.393497","-122.747894"
"02/12/2020","AQS","410670005","1","0.4","ppm","5","Tualatin Bradbury Court (TBC) - Near Road Site","24","100.0000","42101","Carbon monoxide","38900","Portland-Vancouver-Hillsboro, OR-WA","41","Oregon","067","Washington","45.393497","-122.747894"
"02/13/2020","AQS","410670005","1","0.5","ppm","6","Tualatin Bradbury Court (TBC) - Near Road Site","24","100.0000","42101","Carbon monoxide","38900","Portland-Vancouver-Hillsboro, OR-WA","41","Oregon","067","Washington","45.393497","-122.747894"
"02/14/2020","AQS","410670005","1","0.2","ppm","2","Tualatin Bradbury Court (TBC) - Near Road Site","24","100.0000","42101","Carbon monoxide","38900","Portland-Vancouver-Hillsboro, OR-WA","41","Oregon","067","Washington","45.393497","-122.747894"
"02/15/2020","AQS","410670005","1","0.2","ppm","2","Tualatin Bradbury Court (TBC) - Near Road Site","24","100.0000","42101","Carbon monoxide","38900","Portland-Vancouver-Hillsboro, OR-WA","41","Oregon","067","Washington","45.393497","-122.747894"
"02/16/2020","AQS","410670005","1","0.2","ppm","2","Tualatin Bradbury Court (TBC) - Near Road Site","24","100.0000","42101","Carbon monoxide","38900","Portland-Vancouver-Hillsboro, OR-WA","41","Oregon","067","Washington","45.393497","-122.747894"
"02/17/2020","AQS","410670005","1","0.3","ppm","3","Tualatin Bradbury Court (TBC) - Near Road Site","12","50.0000","42101","Carbon monoxide","38900","Portland-Vancouver-Hillsboro, OR-WA","41","Oregon","067","Washington","45.393497","-122.747894"
"02/18/2020","AQS","410670005","1","0.4","ppm","5","Tualatin Bradbury Court (TBC) - Near Road Site","14","58.0000","42101","Carbon monoxide","38900","Portland-Vancouver-Hillsboro, OR-WA","41","Oregon","067","Washington","45.393497","-122.747894"
"02/19/2020","AQS","410670005","1","0","ppm","0","Tualatin Bradbury Court (TBC) - Near Road Site","24","100.0000","42101","Carbon monoxide","38900","Portland-Vancouver-Hillsboro, OR-WA","41","Oregon","067","Washington","45.393497","-122.747894"
"02/20/2020","AQS","410670005","1","0.2","ppm","2","Tualatin Bradbury Court (TBC) - Near Road Site","24","100.0000","42101","Carbon monoxide","38900","Portland-Vancouver-Hillsboro, OR-WA","41","Oregon","067","Washington","45.393497","-122.747894"
"02/21/2020","AQS","410670005","1","0.5","ppm","6","Tualatin Bradbury Court (TBC) - Near Road Site","24","100.0000","42101","Carbon monoxide","38900","Portland-Vancouver-Hillsboro, OR-WA","41","Oregon","067","Washington","45.393497","-122.747894"
"02/22/2020","AQS","410670005","1","0.6","ppm","7","Tualatin Bradbury Court (TBC) - Near Road Site","24","100.0000","42101","Carbon monoxide","38900","Portland-Vancouver-Hillsboro, OR-WA","41","Oregon","067","Washington","45.393497","-122.747894"
"02/23/2020","AQS","410670005","1","0.3","ppm","3","Tualatin Bradbury Court (TBC) - Near Road Site","24","100.0000","42101","Carbon monoxide","38900","Portland-Vancouver-Hillsboro, OR-WA","41","Oregon","067","Washington","45.393497","-122.747894"
"02/24/2020","AQS","410670005","1","0.2","ppm","2","Tualatin Bradbury Court (TBC) - Near Road Site","24","100.0000","42101","Carbon monoxide","38900","Portland-Vancouver-Hillsboro, OR-WA","41","Oregon","067","Washington","45.393497","-122.747894"
"02/25/2020","AQS","410670005","1","0.5","ppm","6","Tualatin Bradbury Court (TBC) - Near Road Site","24","100.0000","42101","Carbon monoxide","38900","Portland-Vancouver-Hillsboro, OR-WA","41","Oregon","067","Washington","45.393497","-122.747894"
"02/26/2020","AQS","410670005","1","0.4","ppm","5","Tualatin Bradbury Court (TBC) - Near Road Site","14","58.0000","42101","Carbon monoxide","38900","Portland-Vancouver-Hillsboro, OR-WA","41","Oregon","067","Washington","45.393497","-122.747894"
"02/27/2020","AQS","410670005","1","0.7","ppm","8","Tualatin Bradbury Court (TBC) - Near Road Site","24","100.0000","42101","Carbon monoxide","38900","Portland-Vancouver-Hillsboro, OR-WA","41","Oregon","067","Washington","45.393497","-122.747894"
"02/28/2020","AQS","410670005","1","0.6","ppm","7","Tualatin Bradbury Court (TBC) - Near Road Site","24","100.0000","42101","Carbon monoxide","38900","Portland-Vancouver-Hillsboro, OR-WA","41","Oregon","067","Washington","45.393497","-122.747894"
"02/29/2020","AQS","410670005","1","0.2","ppm","2","Tualatin Bradbury Court (TBC) - Near Road Site","24","100.0000","42101","Carbon monoxide","38900","Portland-Vancouver-Hillsboro, OR-WA","41","Oregon","067","Washington","45.393497","-122.747894"
"03/01/2020","AQS","410670005","1","0.3","ppm","3","Tualatin Bradbury Court (TBC) - Near Road Site","24","100.0000","42101","Carbon monoxide","38900","Portland-Vancouver-Hillsboro, OR-WA","41","Oregon","067","Washington","45.393497","-122.747894"
"03/02/2020","AQS","410670005","1","0.3","ppm","3","Tualatin Bradbury Court (TBC) - Near Road Site","24","100.0000","42101","Carbon monoxide","38900","Portland-Vancouver-Hillsboro, OR-WA","41","Oregon","067","Washington","45.393497","-122.747894"
"03/03/2020","AQS","410670005","1","0.2","ppm","2","Tualatin Bradbury Court (TBC) - Near Road Site","24","100.0000","42101","Carbon monoxide","38900","Portland-Vancouver-Hillsboro, OR-WA","41","Oregon","067","Washington","45.393497","-122.747894"
"03/04/2020","AQS","410670005","1","0.3","ppm","3","Tualatin Bradbury Court (TBC) - Near Road Site","24","100.0000","42101","Carbon monoxide","38900","Portland-Vancouver-Hillsboro, OR-WA","41","Oregon","067","Washington","45.393497","-122.747894"
"03/05/2020","AQS","410670005","1","0.6","ppm","7","Tualatin Bradbury Court (TBC) - Near Road Site","24","100.0000","42101","Carbon monoxide","38900","Portland-Vancouver-Hillsboro, OR-WA","41","Oregon","067","Washington","45.393497","-122.747894"
"03/06/2020","AQS","410670005","1","0.3","ppm","3","Tualatin Bradbury Court (TBC) - Near Road Site","24","100.0000","42101","Carbon monoxide","38900","Portland-Vancouver-Hillsboro, OR-WA","41","Oregon","067","Washington","45.393497","-122.747894"
"03/07/2020","AQS","410670005","1","0.2","ppm","2","Tualatin Bradbury Court (TBC) - Near Road Site","24","100.0000","42101","Carbon monoxide","38900","Portland-Vancouver-Hillsboro, OR-WA","41","Oregon","067","Washington","45.393497","-122.747894"
"03/08/2020","AQS","410670005","1","0.3","ppm","3","Tualatin Bradbury Court (TBC) - Near Road Site","24","100.0000","42101","Carbon monoxide","38900","Portland-Vancouver-Hillsboro, OR-WA","41","Oregon","067","Washington","45.393497","-122.747894"
"03/09/2020","AQS","410670005","1","0.6","ppm","7","Tualatin Bradbury Court (TBC) - Near Road Site","24","100.0000","42101","Carbon monoxide","38900","Portland-Vancouver-Hillsboro, OR-WA","41","Oregon","067","Washington","45.393497","-122.747894"
"03/10/2020","AQS","410670005","1","0.8","ppm","9","Tualatin Bradbury Court (TBC) - Near Road Site","24","100.0000","42101","Carbon monoxide","38900","Portland-Vancouver-Hillsboro, OR-WA","41","Oregon","067","Washington","45.393497","-122.747894"
"03/11/2020","AQS","410670005","1","0.3","ppm","3","Tualatin Bradbury Court (TBC) - Near Road Site","24","100.0000","42101","Carbon monoxide","38900","Portland-Vancouver-Hillsboro, OR-WA","41","Oregon","067","Washington","45.393497","-122.747894"
"03/12/2020","AQS","410670005","1","0.4","ppm","5","Tualatin Bradbury Court (TBC) - Near Road Site","24","100.0000","42101","Carbon monoxide","38900","Portland-Vancouver-Hillsboro, OR-WA","41","Oregon","067","Washington","45.393497","-122.747894"
"03/13/2020","AQS","410670005","1","0.3","ppm","3","Tualatin Bradbury Court (TBC) - Near Road Site","24","100.0000","42101","Carbon monoxide","38900","Portland-Vancouver-Hillsboro, OR-WA","41","Oregon","067","Washington","45.393497","-122.747894"
"03/14/2020","AQS","410670005","1","0.2","ppm","2","Tualatin Bradbury Court (TBC) - Near Road Site","24","100.0000","42101","Carbon monoxide","38900","Portland-Vancouver-Hillsboro, OR-WA","41","Oregon","067","Washington","45.393497","-122.747894"
"03/15/2020","AQS","410670005","1","0.1","ppm","1","Tualatin Bradbury Court (TBC) - Near Road Site","24","100.0000","42101","Carbon monoxide","38900","Portland-Vancouver-Hillsboro, OR-WA","41","Oregon","067","Washington","45.393497","-122.747894"
"03/16/2020","AQS","410670005","1","0.1","ppm","1","Tualatin Bradbury Court (TBC) - Near Road Site","24","100.0000","42101","Carbon monoxide","38900","Portland-Vancouver-Hillsboro, OR-WA","41","Oregon","067","Washington","45.393497","-122.747894"
"03/17/2020","AQS","410670005","1","0.4","ppm","5","Tualatin Bradbury Court (TBC) - Near Road Site","24","100.0000","42101","Carbon monoxide","38900","Portland-Vancouver-Hillsboro, OR-WA","41","Oregon","067","Washington","45.393497","-122.747894"
"03/18/2020","AQS","410670005","1","0.3","ppm","3","Tualatin Bradbury Court (TBC) - Near Road Site","24","100.0000","42101","Carbon monoxide","38900","Portland-Vancouver-Hillsboro, OR-WA","41","Oregon","067","Washington","45.393497","-122.747894"
"03/19/2020","AQS","410670005","1","0.4","ppm","5","Tualatin Bradbury Court (TBC) - Near Road Site","24","100.0000","42101","Carbon monoxide","38900","Portland-Vancouver-Hillsboro, OR-WA","41","Oregon","067","Washington","45.393497","-122.747894"
"03/20/2020","AQS","410670005","1","0.4","ppm","5","Tualatin Bradbury Court (TBC) - Near Road Site","24","100.0000","42101","Carbon monoxide","38900","Portland-Vancouver-Hillsboro, OR-WA","41","Oregon","067","Washington","45.393497","-122.747894"
"03/21/2020","AQS","410670005","1","0.3","ppm","3","Tualatin Bradbury Court (TBC) - Near Road Site","24","100.0000","42101","Carbon monoxide","38900","Portland-Vancouver-Hillsboro, OR-WA","41","Oregon","067","Washington","45.393497","-122.747894"
"03/22/2020","AQS","410670005","1","0.3","ppm","3","Tualatin Bradbury Court (TBC) - Near Road Site","24","100.0000","42101","Carbon monoxide","38900","Portland-Vancouver-Hillsboro, OR-WA","41","Oregon","067","Washington","45.393497","-122.747894"
"03/23/2020","AQS","410670005","1","0.1","ppm","1","Tualatin Bradbury Court (TBC) - Near Road Site","24","100.0000","42101","Carbon monoxide","38900","Portland-Vancouver-Hillsboro, OR-WA","41","Oregon","067","Washington","45.393497","-122.747894"
"03/24/2020","AQS","410670005","1","0.2","ppm","2","Tualatin Bradbury Court (TBC) - Near Road Site","24","100.0000","42101","Carbon monoxide","38900","Portland-Vancouver-Hillsboro, OR-WA","41","Oregon","067","Washington","45.393497","-122.747894"
"03/25/2020","AQS","410670005","1","0.3","ppm","3","Tualatin Bradbury Court (TBC) - Near Road Site","24","100.0000","42101","Carbon monoxide","38900","Portland-Vancouver-Hillsboro, OR-WA","41","Oregon","067","Washington","45.393497","-122.747894"
"03/26/2020","AQS","410670005","1","0.3","ppm","3","Tualatin Bradbury Court (TBC) - Near Road Site","24","100.0000","42101","Carbon monoxide","38900","Portland-Vancouver-Hillsboro, OR-WA","41","Oregon","067","Washington","45.393497","-122.747894"
"03/27/2020","AQS","410670005","1","0.3","ppm","3","Tualatin Bradbury Court (TBC) - Near Road Site","24","100.0000","42101","Carbon monoxide","38900","Portland-Vancouver-Hillsboro, OR-WA","41","Oregon","067","Washington","45.393497","-122.747894"
"03/28/2020","AQS","410670005","1","0.1","ppm","1","Tualatin Bradbury Court (TBC) - Near Road Site","24","100.0000","42101","Carbon monoxide","38900","Portland-Vancouver-Hillsboro, OR-WA","41","Oregon","067","Washington","45.393497","-122.747894"
"03/29/2020","AQS","410670005","1","0.2","ppm","2","Tualatin Bradbury Court (TBC) - Near Road Site","24","100.0000","42101","Carbon monoxide","38900","Portland-Vancouver-Hillsboro, OR-WA","41","Oregon","067","Washington","45.393497","-122.747894"
"03/30/2020","AQS","410670005","1","0.2","ppm","2","Tualatin Bradbury Court (TBC) - Near Road Site","18","75.0000","42101","Carbon monoxide","38900","Portland-Vancouver-Hillsboro, OR-WA","41","Oregon","067","Washington","45.393497","-122.747894"
"03/31/2020","AQS","410670005","1","0.2","ppm","2","Tualatin Bradbury Court (TBC) - Near Road Site","24","100.0000","42101","Carbon monoxide","38900","Portland-Vancouver-Hillsboro, OR-WA","41","Oregon","067","Washington","45.393497","-122.747894"
"04/01/2020","AQS","410670005","1","0.2","ppm","2","Tualatin Bradbury Court (TBC) - Near Road Site","24","100.0000","42101","Carbon monoxide","38900","Portland-Vancouver-Hillsboro, OR-WA","41","Oregon","067","Washington","45.393497","-122.747894"
"04/02/2020","AQS","410670005","1","0.3","ppm","3","Tualatin Bradbury Court (TBC) - Near Road Site","24","100.0000","42101","Carbon monoxide","38900","Portland-Vancouver-Hillsboro, OR-WA","41","Oregon","067","Washington","45.393497","-122.747894"
"04/03/2020","AQS","410670005","1","0.3","ppm","3","Tualatin Bradbury Court (TBC) - Near Road Site","24","100.0000","42101","Carbon monoxide","38900","Portland-Vancouver-Hillsboro, OR-WA","41","Oregon","067","Washington","45.393497","-122.747894"
"04/04/2020","AQS","410670005","1","0.3","ppm","3","Tualatin Bradbury Court (TBC) - Near Road Site","24","100.0000","42101","Carbon monoxide","38900","Portland-Vancouver-Hillsboro, OR-WA","41","Oregon","067","Washington","45.393497","-122.747894"
"04/05/2020","AQS","410670005","1","0.3","ppm","3","Tualatin Bradbury Court (TBC) - Near Road Site","24","100.0000","42101","Carbon monoxide","38900","Portland-Vancouver-Hillsboro, OR-WA","41","Oregon","067","Washington","45.393497","-122.747894"
"04/06/2020","AQS","410670005","1","0.3","ppm","3","Tualatin Bradbury Court (TBC) - Near Road Site","24","100.0000","42101","Carbon monoxide","38900","Portland-Vancouver-Hillsboro, OR-WA","41","Oregon","067","Washington","45.393497","-122.747894"
"04/07/2020","AQS","410670005","1","0.3","ppm","3","Tualatin Bradbury Court (TBC) - Near Road Site","24","100.0000","42101","Carbon monoxide","38900","Portland-Vancouver-Hillsboro, OR-WA","41","Oregon","067","Washington","45.393497","-122.747894"
"04/08/2020","AQS","410670005","1","0.4","ppm","5","Tualatin Bradbury Court (TBC) - Near Road Site","24","100.0000","42101","Carbon monoxide","38900","Portland-Vancouver-Hillsboro, OR-WA","41","Oregon","067","Washington","45.393497","-122.747894"
"04/09/2020","AQS","410670005","1","0.3","ppm","3","Tualatin Bradbury Court (TBC) - Near Road Site","24","100.0000","42101","Carbon monoxide","38900","Portland-Vancouver-Hillsboro, OR-WA","41","Oregon","067","Washington","45.393497","-122.747894"
"04/10/2020","AQS","410670005","1","0.2","ppm","2","Tualatin Bradbury Court (TBC) - Near Road Site","11","46.0000","42101","Carbon monoxide","38900","Portland-Vancouver-Hillsboro, OR-WA","41","Oregon","067","Washington","45.393497","-122.747894"
"04/11/2020","AQS","410670005","1","0.2","ppm","2","Tualatin Bradbury Court (TBC) - Near Road Site","24","100.0000","42101","Carbon monoxide","38900","Portland-Vancouver-Hillsboro, OR-WA","41","Oregon","067","Washington","45.393497","-122.747894"
"04/12/2020","AQS","410670005","1","0.3","ppm","3","Tualatin Bradbury Court (TBC) - Near Road Site","24","100.0000","42101","Carbon monoxide","38900","Portland-Vancouver-Hillsboro, OR-WA","41","Oregon","067","Washington","45.393497","-122.747894"
"04/13/2020","AQS","410670005","1","0.3","ppm","3","Tualatin Bradbury Court (TBC) - Near Road Site","24","100.0000","42101","Carbon monoxide","38900","Portland-Vancouver-Hillsboro, OR-WA","41","Oregon","067","Washington","45.393497","-122.747894"
"04/14/2020","AQS","410670005","1","0.3","ppm","3","Tualatin Bradbury Court (TBC) - Near Road Site","24","100.0000","42101","Carbon monoxide","38900","Portland-Vancouver-Hillsboro, OR-WA","41","Oregon","067","Washington","45.393497","-122.747894"
"04/15/2020","AQS","410670005","1","0.2","ppm","2","Tualatin Bradbury Court (TBC) - Near Road Site","24","100.0000","42101","Carbon monoxide","38900","Portland-Vancouver-Hillsboro, OR-WA","41","Oregon","067","Washington","45.393497","-122.747894"
"04/16/2020","AQS","410670005","1","0.2","ppm","2","Tualatin Bradbury Court (TBC) - Near Road Site","24","100.0000","42101","Carbon monoxide","38900","Portland-Vancouver-Hillsboro, OR-WA","41","Oregon","067","Washington","45.393497","-122.747894"
"04/17/2020","AQS","410670005","1","0.3","ppm","3","Tualatin Bradbury Court (TBC) - Near Road Site","24","100.0000","42101","Carbon monoxide","38900","Portland-Vancouver-Hillsboro, OR-WA","41","Oregon","067","Washington","45.393497","-122.747894"
"04/18/2020","AQS","410670005","1","0.3","ppm","3","Tualatin Bradbury Court (TBC) - Near Road Site","24","100.0000","42101","Carbon monoxide","38900","Portland-Vancouver-Hillsboro, OR-WA","41","Oregon","067","Washington","45.393497","-122.747894"
"04/19/2020","AQS","410670005","1","0.2","ppm","2","Tualatin Bradbury Court (TBC) - Near Road Site","24","100.0000","42101","Carbon monoxide","38900","Portland-Vancouver-Hillsboro, OR-WA","41","Oregon","067","Washington","45.393497","-122.747894"
"04/20/2020","AQS","410670005","1","0.4","ppm","5","Tualatin Bradbury Court (TBC) - Near Road Site","24","100.0000","42101","Carbon monoxide","38900","Portland-Vancouver-Hillsboro, OR-WA","41","Oregon","067","Washington","45.393497","-122.747894"
"04/21/2020","AQS","410670005","1","0.1","ppm","1","Tualatin Bradbury Court (TBC) - Near Road Site","24","100.0000","42101","Carbon monoxide","38900","Portland-Vancouver-Hillsboro, OR-WA","41","Oregon","067","Washington","45.393497","-122.747894"
"04/22/2020","AQS","410670005","1","0.2","ppm","2","Tualatin Bradbury Court (TBC) - Near Road Site","24","100.0000","42101","Carbon monoxide","38900","Portland-Vancouver-Hillsboro, OR-WA","41","Oregon","067","Washington","45.393497","-122.747894"
"04/23/2020","AQS","410670005","1","0.2","ppm","2","Tualatin Bradbury Court (TBC) - Near Road Site","24","100.0000","42101","Carbon monoxide","38900","Portland-Vancouver-Hillsboro, OR-WA","41","Oregon","067","Washington","45.393497","-122.747894"
"04/24/2020","AQS","410670005","1","0.1","ppm","1","Tualatin Bradbury Court (TBC) - Near Road Site","24","100.0000","42101","Carbon monoxide","38900","Portland-Vancouver-Hillsboro, OR-WA","41","Oregon","067","Washington","45.393497","-122.747894"
"04/25/2020","AQS","410670005","1","0.2","ppm","2","Tualatin Bradbury Court (TBC) - Near Road Site","24","100.0000","42101","Carbon monoxide","38900","Portland-Vancouver-Hillsboro, OR-WA","41","Oregon","067","Washington","45.393497","-122.747894"
"04/26/2020","AQS","410670005","1","0.2","ppm","2","Tualatin Bradbury Court (TBC) - Near Road Site","24","100.0000","42101","Carbon monoxide","38900","Portland-Vancouver-Hillsboro, OR-WA","41","Oregon","067","Washington","45.393497","-122.747894"
"04/27/2020","AQS","410670005","1","0.1","ppm","1","Tualatin Bradbury Court (TBC) - Near Road Site","24","100.0000","42101","Carbon monoxide","38900","Portland-Vancouver-Hillsboro, OR-WA","41","Oregon","067","Washington","45.393497","-122.747894"
"04/28/2020","AQS","410670005","1","0.2","ppm","2","Tualatin Bradbury Court (TBC) - Near Road Site","24","100.0000","42101","Carbon monoxide","38900","Portland-Vancouver-Hillsboro, OR-WA","41","Oregon","067","Washington","45.393497","-122.747894"
"04/29/2020","AQS","410670005","1","0.2","ppm","2","Tualatin Bradbury Court (TBC) - Near Road Site","24","100.0000","42101","Carbon monoxide","38900","Portland-Vancouver-Hillsboro, OR-WA","41","Oregon","067","Washington","45.393497","-122.747894"
"04/30/2020","AQS","410670005","1","0.2","ppm","2","Tualatin Bradbury Court (TBC) - Near Road Site","24","100.0000","42101","Carbon monoxide","38900","Portland-Vancouver-Hillsboro, OR-WA","41","Oregon","067","Washington","45.393497","-122.747894"
"05/01/2020","AQS","410670005","1","0.2","ppm","2","Tualatin Bradbury Court (TBC) - Near Road Site","24","100.0000","42101","Carbon monoxide","38900","Portland-Vancouver-Hillsboro, OR-WA","41","Oregon","067","Washington","45.393497","-122.747894"
"05/02/2020","AQS","410670005","1","0.1","ppm","1","Tualatin Bradbury Court (TBC) - Near Road Site","24","100.0000","42101","Carbon monoxide","38900","Portland-Vancouver-Hillsboro, OR-WA","41","Oregon","067","Washington","45.393497","-122.747894"
"05/03/2020","AQS","410670005","1","0.1","ppm","1","Tualatin Bradbury Court (TBC) - Near Road Site","24","100.0000","42101","Carbon monoxide","38900","Portland-Vancouver-Hillsboro, OR-WA","41","Oregon","067","Washington","45.393497","-122.747894"
"05/04/2020","AQS","410670005","1","0.2","ppm","2","Tualatin Bradbury Court (TBC) - Near Road Site","24","100.0000","42101","Carbon monoxide","38900","Portland-Vancouver-Hillsboro, OR-WA","41","Oregon","067","Washington","45.393497","-122.747894"
"05/05/2020","AQS","410670005","1","0.2","ppm","2","Tualatin Bradbury Court (TBC) - Near Road Site","24","100.0000","42101","Carbon monoxide","38900","Portland-Vancouver-Hillsboro, OR-WA","41","Oregon","067","Washington","45.393497","-122.747894"
"05/06/2020","AQS","410670005","1","0.1","ppm","1","Tualatin Bradbury Court (TBC) - Near Road Site","24","100.0000","42101","Carbon monoxide","38900","Portland-Vancouver-Hillsboro, OR-WA","41","Oregon","067","Washington","45.393497","-122.747894"
"05/07/2020","AQS","410670005","1","0.2","ppm","2","Tualatin Bradbury Court (TBC) - Near Road Site","24","100.0000","42101","Carbon monoxide","38900","Portland-Vancouver-Hillsboro, OR-WA","41","Oregon","067","Washington","45.393497","-122.747894"
"05/08/2020","AQS","410670005","1","0","ppm","0","Tualatin Bradbury Court (TBC) - Near Road Site","24","100.0000","42101","Carbon monoxide","38900","Portland-Vancouver-Hillsboro, OR-WA","41","Oregon","067","Washington","45.393497","-122.747894"
"05/09/2020","AQS","410670005","1","0","ppm","0","Tualatin Bradbury Court (TBC) - Near Road Site","24","100.0000","42101","Carbon monoxide","38900","Portland-Vancouver-Hillsboro, OR-WA","41","Oregon","067","Washington","45.393497","-122.747894"
"05/10/2020","AQS","410670005","1","0","ppm","0","Tualatin Bradbury Court (TBC) - Near Road Site","23","96.0000","42101","Carbon monoxide","38900","Portland-Vancouver-Hillsboro, OR-WA","41","Oregon","067","Washington","45.393497","-122.747894"
"05/11/2020","AQS","410670005","1","0.1","ppm","1","Tualatin Bradbury Court (TBC) - Near Road Site","19","79.0000","42101","Carbon monoxide","38900","Portland-Vancouver-Hillsboro, OR-WA","41","Oregon","067","Washington","45.393497","-122.747894"
"05/12/2020","AQS","410670005","1","0.2","ppm","2","Tualatin Bradbury Court (TBC) - Near Road Site","16","67.0000","42101","Carbon monoxide","38900","Portland-Vancouver-Hillsboro, OR-WA","41","Oregon","067","Washington","45.393497","-122.747894"
"05/13/2020","AQS","410670005","1","0.2","ppm","2","Tualatin Bradbury Court (TBC) - Near Road Site","24","100.0000","42101","Carbon monoxide","38900","Portland-Vancouver-Hillsboro, OR-WA","41","Oregon","067","Washington","45.393497","-122.747894"
"05/14/2020","AQS","410670005","1","0.2","ppm","2","Tualatin Bradbury Court (TBC) - Near Road Site","24","100.0000","42101","Carbon monoxide","38900","Portland-Vancouver-Hillsboro, OR-WA","41","Oregon","067","Washington","45.393497","-122.747894"
"05/15/2020","AQS","410670005","1","0.2","ppm","2","Tualatin Bradbury Court (TBC) - Near Road Site","24","100.0000","42101","Carbon monoxide","38900","Portland-Vancouver-Hillsboro, OR-WA","41","Oregon","067","Washington","45.393497","-122.747894"
"05/16/2020","AQS","410670005","1","0.2","ppm","2","Tualatin Bradbury Court (TBC) - Near Road Site","24","100.0000","42101","Carbon monoxide","38900","Portland-Vancouver-Hillsboro, OR-WA","41","Oregon","067","Washington","45.393497","-122.747894"
"05/17/2020","AQS","410670005","1","0.2","ppm","2","Tualatin Bradbury Court (TBC) - Near Road Site","24","100.0000","42101","Carbon monoxide","38900","Portland-Vancouver-Hillsboro, OR-WA","41","Oregon","067","Washington","45.393497","-122.747894"
"05/18/2020","AQS","410670005","1","0.2","ppm","2","Tualatin Bradbury Court (TBC) - Near Road Site","24","100.0000","42101","Carbon monoxide","38900","Portland-Vancouver-Hillsboro, OR-WA","41","Oregon","067","Washington","45.393497","-122.747894"
"05/19/2020","AQS","410670005","1","0.2","ppm","2","Tualatin Bradbury Court (TBC) - Near Road Site","24","100.0000","42101","Carbon monoxide","38900","Portland-Vancouver-Hillsboro, OR-WA","41","Oregon","067","Washington","45.393497","-122.747894"
"05/20/2020","AQS","410670005","1","0.2","ppm","2","Tualatin Bradbury Court (TBC) - Near Road Site","24","100.0000","42101","Carbon monoxide","38900","Portland-Vancouver-Hillsboro, OR-WA","41","Oregon","067","Washington","45.393497","-122.747894"
"05/21/2020","AQS","410670005","1","0.2","ppm","2","Tualatin Bradbury Court (TBC) - Near Road Site","24","100.0000","42101","Carbon monoxide","38900","Portland-Vancouver-Hillsboro, OR-WA","41","Oregon","067","Washington","45.393497","-122.747894"
"05/22/2020","AQS","410670005","1","0.2","ppm","2","Tualatin Bradbury Court (TBC) - Near Road Site","24","100.0000","42101","Carbon monoxide","38900","Portland-Vancouver-Hillsboro, OR-WA","41","Oregon","067","Washington","45.393497","-122.747894"
"05/23/2020","AQS","410670005","1","0.2","ppm","2","Tualatin Bradbury Court (TBC) - Near Road Site","24","100.0000","42101","Carbon monoxide","38900","Portland-Vancouver-Hillsboro, OR-WA","41","Oregon","067","Washington","45.393497","-122.747894"
"05/24/2020","AQS","410670005","1","0.2","ppm","2","Tualatin Bradbury Court (TBC) - Near Road Site","24","100.0000","42101","Carbon monoxide","38900","Portland-Vancouver-Hillsboro, OR-WA","41","Oregon","067","Washington","45.393497","-122.747894"
"05/25/2020","AQS","410670005","1","0.2","ppm","2","Tualatin Bradbury Court (TBC) - Near Road Site","24","100.0000","42101","Carbon monoxide","38900","Portland-Vancouver-Hillsboro, OR-WA","41","Oregon","067","Washington","45.393497","-122.747894"
"05/26/2020","AQS","410670005","1","0.1","ppm","1","Tualatin Bradbury Court (TBC) - Near Road Site","24","100.0000","42101","Carbon monoxide","38900","Portland-Vancouver-Hillsboro, OR-WA","41","Oregon","067","Washington","45.393497","-122.747894"
"05/27/2020","AQS","410670005","1","0.2","ppm","2","Tualatin Bradbury Court (TBC) - Near Road Site","24","100.0000","42101","Carbon monoxide","38900","Portland-Vancouver-Hillsboro, OR-WA","41","Oregon","067","Washington","45.393497","-122.747894"
"05/28/2020","AQS","410670005","1","0.3","ppm","3","Tualatin Bradbury Court (TBC) - Near Road Site","24","100.0000","42101","Carbon monoxide","38900","Portland-Vancouver-Hillsboro, OR-WA","41","Oregon","067","Washington","45.393497","-122.747894"
"05/29/2020","AQS","410670005","1","0.2","ppm","2","Tualatin Bradbury Court (TBC) - Near Road Site","24","100.0000","42101","Carbon monoxide","38900","Portland-Vancouver-Hillsboro, OR-WA","41","Oregon","067","Washington","45.393497","-122.747894"
"05/30/2020","AQS","410670005","1","0.2","ppm","2","Tualatin Bradbury Court (TBC) - Near Road Site","24","100.0000","42101","Carbon monoxide","38900","Portland-Vancouver-Hillsboro, OR-WA","41","Oregon","067","Washington","45.393497","-122.747894"
"05/31/2020","AQS","410670005","1","0.1","ppm","1","Tualatin Bradbury Court (TBC) - Near Road Site","24","100.0000","42101","Carbon monoxide","38900","Portland-Vancouver-Hillsboro, OR-WA","41","Oregon","067","Washington","45.393497","-122.747894"
"06/01/2020","AQS","410670005","1","0.2","ppm","2","Tualatin Bradbury Court (TBC) - Near Road Site","24","100.0000","42101","Carbon monoxide","38900","Portland-Vancouver-Hillsboro, OR-WA","41","Oregon","067","Washington","45.393497","-122.747894"
"06/02/2020","AQS","410670005","1","0.2","ppm","2","Tualatin Bradbury Court (TBC) - Near Road Site","24","100.0000","42101","Carbon monoxide","38900","Portland-Vancouver-Hillsboro, OR-WA","41","Oregon","067","Washington","45.393497","-122.747894"
"06/03/2020","AQS","410670005","1","0.2","ppm","2","Tualatin Bradbury Court (TBC) - Near Road Site","24","100.0000","42101","Carbon monoxide","38900","Portland-Vancouver-Hillsboro, OR-WA","41","Oregon","067","Washington","45.393497","-122.747894"
"06/04/2020","AQS","410670005","1","0.1","ppm","1","Tualatin Bradbury Court (TBC) - Near Road Site","24","100.0000","42101","Carbon monoxide","38900","Portland-Vancouver-Hillsboro, OR-WA","41","Oregon","067","Washington","45.393497","-122.747894"
"06/05/2020","AQS","410670005","1","0.2","ppm","2","Tualatin Bradbury Court (TBC) - Near Road Site","24","100.0000","42101","Carbon monoxide","38900","Portland-Vancouver-Hillsboro, OR-WA","41","Oregon","067","Washington","45.393497","-122.747894"
"06/06/2020","AQS","410670005","1","0.1","ppm","1","Tualatin Bradbury Court (TBC) - Near Road Site","24","100.0000","42101","Carbon monoxide","38900","Portland-Vancouver-Hillsboro, OR-WA","41","Oregon","067","Washington","45.393497","-122.747894"
"06/07/2020","AQS","410670005","1","0.1","ppm","1","Tualatin Bradbury Court (TBC) - Near Road Site","24","100.0000","42101","Carbon monoxide","38900","Portland-Vancouver-Hillsboro, OR-WA","41","Oregon","067","Washington","45.393497","-122.747894"
"06/08/2020","AQS","410670005","1","0.1","ppm","1","Tualatin Bradbury Court (TBC) - Near Road Site","24","100.0000","42101","Carbon monoxide","38900","Portland-Vancouver-Hillsboro, OR-WA","41","Oregon","067","Washington","45.393497","-122.747894"
"06/09/2020","AQS","410670005","1","0.1","ppm","1","Tualatin Bradbury Court (TBC) - Near Road Site","24","100.0000","42101","Carbon monoxide","38900","Portland-Vancouver-Hillsboro, OR-WA","41","Oregon","067","Washington","45.393497","-122.747894"
"06/10/2020","AQS","410670005","1","0.1","ppm","1","Tualatin Bradbury Court (TBC) - Near Road Site","24","100.0000","42101","Carbon monoxide","38900","Portland-Vancouver-Hillsboro, OR-WA","41","Oregon","067","Washington","45.393497","-122.747894"
"06/11/2020","AQS","410670005","1","0.1","ppm","1","Tualatin Bradbury Court (TBC) - Near Road Site","24","100.0000","42101","Carbon monoxide","38900","Portland-Vancouver-Hillsboro, OR-WA","41","Oregon","067","Washington","45.393497","-122.747894"
"06/12/2020","AQS","410670005","1","0.1","ppm","1","Tualatin Bradbury Court (TBC) - Near Road Site","24","100.0000","42101","Carbon monoxide","38900","Portland-Vancouver-Hillsboro, OR-WA","41","Oregon","067","Washington","45.393497","-122.747894"
"06/13/2020","AQS","410670005","1","0.1","ppm","1","Tualatin Bradbury Court (TBC) - Near Road Site","24","100.0000","42101","Carbon monoxide","38900","Portland-Vancouver-Hillsboro, OR-WA","41","Oregon","067","Washington","45.393497","-122.747894"
"06/14/2020","AQS","410670005","1","0.1","ppm","1","Tualatin Bradbury Court (TBC) - Near Road Site","24","100.0000","42101","Carbon monoxide","38900","Portland-Vancouver-Hillsboro, OR-WA","41","Oregon","067","Washington","45.393497","-122.747894"
"06/15/2020","AQS","410670005","1","0.2","ppm","2","Tualatin Bradbury Court (TBC) - Near Road Site","17","71.0000","42101","Carbon monoxide","38900","Portland-Vancouver-Hillsboro, OR-WA","41","Oregon","067","Washington","45.393497","-122.747894"
"06/16/2020","AQS","410670005","1","0.2","ppm","2","Tualatin Bradbury Court (TBC) - Near Road Site","24","100.0000","42101","Carbon monoxide","38900","Portland-Vancouver-Hillsboro, OR-WA","41","Oregon","067","Washington","45.393497","-122.747894"
"06/17/2020","AQS","410670005","1","0.3","ppm","3","Tualatin Bradbury Court (TBC) - Near Road Site","24","100.0000","42101","Carbon monoxide","38900","Portland-Vancouver-Hillsboro, OR-WA","41","Oregon","067","Washington","45.393497","-122.747894"
"06/18/2020","AQS","410670005","1","0.3","ppm","3","Tualatin Bradbury Court (TBC) - Near Road Site","24","100.0000","42101","Carbon monoxide","38900","Portland-Vancouver-Hillsboro, OR-WA","41","Oregon","067","Washington","45.393497","-122.747894"
"06/19/2020","AQS","410670005","1","0.3","ppm","3","Tualatin Bradbury Court (TBC) - Near Road Site","24","100.0000","42101","Carbon monoxide","38900","Portland-Vancouver-Hillsboro, OR-WA","41","Oregon","067","Washington","45.393497","-122.747894"
"06/20/2020","AQS","410670005","1","0.3","ppm","3","Tualatin Bradbury Court (TBC) - Near Road Site","24","100.0000","42101","Carbon monoxide","38900","Portland-Vancouver-Hillsboro, OR-WA","41","Oregon","067","Washington","45.393497","-122.747894"
"06/21/2020","AQS","410670005","1","0.2","ppm","2","Tualatin Bradbury Court (TBC) - Near Road Site","24","100.0000","42101","Carbon monoxide","38900","Portland-Vancouver-Hillsboro, OR-WA","41","Oregon","067","Washington","45.393497","-122.747894"
"06/22/2020","AQS","410670005","1","0.2","ppm","2","Tualatin Bradbury Court (TBC) - Near Road Site","24","100.0000","42101","Carbon monoxide","38900","Portland-Vancouver-Hillsboro, OR-WA","41","Oregon","067","Washington","45.393497","-122.747894"
"06/23/2020","AQS","410670005","1","0.3","ppm","3","Tualatin Bradbury Court (TBC) - Near Road Site","24","100.0000","42101","Carbon monoxide","38900","Portland-Vancouver-Hillsboro, OR-WA","41","Oregon","067","Washington","45.393497","-122.747894"
"06/24/2020","AQS","410670005","1","0.2","ppm","2","Tualatin Bradbury Court (TBC) - Near Road Site","24","100.0000","42101","Carbon monoxide","38900","Portland-Vancouver-Hillsboro, OR-WA","41","Oregon","067","Washington","45.393497","-122.747894"
"06/25/2020","AQS","410670005","1","0.2","ppm","2","Tualatin Bradbury Court (TBC) - Near Road Site","24","100.0000","42101","Carbon monoxide","38900","Portland-Vancouver-Hillsboro, OR-WA","41","Oregon","067","Washington","45.393497","-122.747894"
"06/26/2020","AQS","410670005","1","0.2","ppm","2","Tualatin Bradbury Court (TBC) - Near Road Site","24","100.0000","42101","Carbon monoxide","38900","Portland-Vancouver-Hillsboro, OR-WA","41","Oregon","067","Washington","45.393497","-122.747894"
"06/27/2020","AQS","410670005","1","0.2","ppm","2","Tualatin Bradbury Court (TBC) - Near Road Site","24","100.0000","42101","Carbon monoxide","38900","Portland-Vancouver-Hillsboro, OR-WA","41","Oregon","067","Washington","45.393497","-122.747894"
"06/28/2020","AQS","410670005","1","0.1","ppm","1","Tualatin Bradbury Court (TBC) - Near Road Site","24","100.0000","42101","Carbon monoxide","38900","Portland-Vancouver-Hillsboro, OR-WA","41","Oregon","067","Washington","45.393497","-122.747894"
"06/29/2020","AQS","410670005","1","0.1","ppm","1","Tualatin Bradbury Court (TBC) - Near Road Site","24","100.0000","42101","Carbon monoxide","38900","Portland-Vancouver-Hillsboro, OR-WA","41","Oregon","067","Washington","45.393497","-122.747894"
"06/30/2020","AQS","410670005","1","0.2","ppm","2","Tualatin Bradbury Court (TBC) - Near Road Site","24","100.0000","42101","Carbon monoxide","38900","Portland-Vancouver-Hillsboro, OR-WA","41","Oregon","067","Washington","45.393497","-122.747894"
"07/01/2020","AQS","410670005","1","0.1","ppm","1","Tualatin Bradbury Court (TBC) - Near Road Site","3","13.0000","42101","Carbon monoxide","38900","Portland-Vancouver-Hillsboro, OR-WA","41","Oregon","067","Washington","45.393497","-122.747894"
