"Date","Source","Site ID","POC","Daily Max 1-hour NO2 Concentration","UNITS","DAILY_AQI_VALUE","Site Name","DAILY_OBS_COUNT","PERCENT_COMPLETE","AQS_PARAMETER_CODE","AQS_PARAMETER_DESC","CBSA_CODE","CBSA_NAME","STATE_CODE","STATE","COUNTY_CODE","COUNTY","SITE_LATITUDE","SITE_LONGITUDE"
"01/01/2020","AQS","410510080","1","5","ppb","5","Portland - SE Lafayette","24","100.0000","42602","Nitrogen dioxide (NO2)","38900","Portland-Vancouver-Hillsboro, OR-WA","41","Oregon","051","Multnomah","45.496641","-122.602877"
"01/02/2020","AQS","410510080","1","13.9","ppb","12","Portland - SE Lafayette","24","100.0000","42602","Nitrogen dioxide (NO2)","38900","Portland-Vancouver-Hillsboro, OR-WA","41","Oregon","051","Multnomah","45.496641","-122.602877"
"01/03/2020","AQS","410510080","1","19","ppb","18","Portland - SE Lafayette","23","96.0000","42602","Nitrogen dioxide (NO2)","38900","Portland-Vancouver-Hillsboro, OR-WA","41","Oregon","051","Multnomah","45.496641","-122.602877"
"01/04/2020","AQS","410510080","1","8.1","ppb","8","Portland - SE Lafayette","24","100.0000","42602","Nitrogen dioxide (NO2)","38900","Portland-Vancouver-Hillsboro, OR-WA","41","Oregon","051","Multnomah","45.496641","-122.602877"
"01/05/2020","AQS","410510080","1","6.2","ppb","6","Portland - SE Lafayette","24","100.0000","42602","Nitrogen dioxide (NO2)","38900","Portland-Vancouver-Hillsboro, OR-WA","41","Oregon","051","Multnomah","45.496641","-122.602877"
"01/06/2020","AQS","410510080","1","2.9","ppb","2","Portland - SE Lafayette","24","100.0000","42602","Nitrogen dioxide (NO2)","38900","Portland-Vancouver-Hillsboro, OR-WA","41","Oregon","051","Multnomah","45.496641","-122.602877"
"01/07/2020","AQS","410510080","1","3.4","ppb","3","Portland - SE Lafayette","24","100.0000","42602","Nitrogen dioxide (NO2)","38900","Portland-Vancouver-Hillsboro, OR-WA","41","Oregon","051","Multnomah","45.496641","-122.602877"
"01/08/2020","AQS","410510080","1","21.2","ppb","20","Portland - SE Lafayette","24","100.0000","42602","Nitrogen dioxide (NO2)","38900","Portland-Vancouver-Hillsboro, OR-WA","41","Oregon","051","Multnomah","45.496641","-122.602877"
"01/09/2020","AQS","410510080","1","21.4","ppb","20","Portland - SE Lafayette","24","100.0000","42602","Nitrogen dioxide (NO2)","38900","Portland-Vancouver-Hillsboro, OR-WA","41","Oregon","051","Multnomah","45.496641","-122.602877"
"01/10/2020","AQS","410510080","1","9.4","ppb","8","Portland - SE Lafayette","23","96.0000","42602","Nitrogen dioxide (NO2)","38900","Portland-Vancouver-Hillsboro, OR-WA","41","Oregon","051","Multnomah","45.496641","-122.602877"
"01/11/2020","AQS","410510080","1","4.6","ppb","4","Portland - SE Lafayette","24","100.0000","42602","Nitrogen dioxide (NO2)","38900","Portland-Vancouver-Hillsboro, OR-WA","41","Oregon","051","Multnomah","45.496641","-122.602877"
"01/12/2020","AQS","410510080","1","3.8","ppb","3","Portland - SE Lafayette","24","100.0000","42602","Nitrogen dioxide (NO2)","38900","Portland-Vancouver-Hillsboro, OR-WA","41","Oregon","051","Multnomah","45.496641","-122.602877"
"01/13/2020","AQS","410510080","1","22.1","ppb","21","Portland - SE Lafayette","24","100.0000","42602","Nitrogen dioxide (NO2)","38900","Portland-Vancouver-Hillsboro, OR-WA","41","Oregon","051","Multnomah","45.496641","-122.602877"
"01/14/2020","AQS","410510080","1","26.4","ppb","25","Portland - SE Lafayette","24","100.0000","42602","Nitrogen dioxide (NO2)","38900","Portland-Vancouver-Hillsboro, OR-WA","41","Oregon","051","Multnomah","45.496641","-122.602877"
"01/15/2020","AQS","410510080","1","21.6","ppb","20","Portland - SE Lafayette","24","100.0000","42602","Nitrogen dioxide (NO2)","38900","Portland-Vancouver-Hillsboro, OR-WA","41","Oregon","051","Multnomah","45.496641","-122.602877"
"01/16/2020","AQS","410510080","1","25.6","ppb","24","Portland - SE Lafayette","23","96.0000","42602","Nitrogen dioxide (NO2)","38900","Portland-Vancouver-Hillsboro, OR-WA","41","Oregon","051","Multnomah","45.496641","-122.602877"
"01/17/2020","AQS","410510080","1","23.7","ppb","22","Portland - SE Lafayette","24","100.0000","42602","Nitrogen dioxide (NO2)","38900","Portland-Vancouver-Hillsboro, OR-WA","41","Oregon","051","Multnomah","45.496641","-122.602877"
"01/18/2020","AQS","410510080","1","13.3","ppb","12","Portland - SE Lafayette","24","100.0000","42602","Nitrogen dioxide (NO2)","38900","Portland-Vancouver-Hillsboro, OR-WA","41","Oregon","051","Multnomah","45.496641","-122.602877"
"01/19/2020","AQS","410510080","1","4.2","ppb","4","Portland - SE Lafayette","24","100.0000","42602","Nitrogen dioxide (NO2)","38900","Portland-Vancouver-Hillsboro, OR-WA","41","Oregon","051","Multnomah","45.496641","-122.602877"
"01/20/2020","AQS","410510080","1","10.2","ppb","9","Portland - SE Lafayette","24","100.0000","42602","Nitrogen dioxide (NO2)","38900","Portland-Vancouver-Hillsboro, OR-WA","41","Oregon","051","Multnomah","45.496641","-122.602877"
"01/21/2020","AQS","410510080","1","19.5","ppb","18","Portland - SE Lafayette","24","100.0000","42602","Nitrogen dioxide (NO2)","38900","Portland-Vancouver-Hillsboro, OR-WA","41","Oregon","051","Multnomah","45.496641","-122.602877"
"01/22/2020","AQS","410510080","1","12","ppb","11","Portland - SE Lafayette","23","96.0000","42602","Nitrogen dioxide (NO2)","38900","Portland-Vancouver-Hillsboro, OR-WA","41","Oregon","051","Multnomah","45.496641","-122.602877"
"01/23/2020","AQS","410510080","1","19.8","ppb","18","Portland - SE Lafayette","24","100.0000","42602","Nitrogen dioxide (NO2)","38900","Portland-Vancouver-Hillsboro, OR-WA","41","Oregon","051","Multnomah","45.496641","-122.602877"
"01/24/2020","AQS","410510080","1","24.8","ppb","23","Portland - SE Lafayette","23","96.0000","42602","Nitrogen dioxide (NO2)","38900","Portland-Vancouver-Hillsboro, OR-WA","41","Oregon","051","Multnomah","45.496641","-122.602877"
"01/25/2020","AQS","410510080","1","10.7","ppb","9","Portland - SE Lafayette","24","100.0000","42602","Nitrogen dioxide (NO2)","38900","Portland-Vancouver-Hillsboro, OR-WA","41","Oregon","051","Multnomah","45.496641","-122.602877"
"01/26/2020","AQS","410510080","1","8.2","ppb","8","Portland - SE Lafayette","24","100.0000","42602","Nitrogen dioxide (NO2)","38900","Portland-Vancouver-Hillsboro, OR-WA","41","Oregon","051","Multnomah","45.496641","-122.602877"
"01/27/2020","AQS","410510080","1","23.3","ppb","22","Portland - SE Lafayette","24","100.0000","42602","Nitrogen dioxide (NO2)","38900","Portland-Vancouver-Hillsboro, OR-WA","41","Oregon","051","Multnomah","45.496641","-122.602877"
"01/28/2020","AQS","410510080","1","4.9","ppb","4","Portland - SE Lafayette","24","100.0000","42602","Nitrogen dioxide (NO2)","38900","Portland-Vancouver-Hillsboro, OR-WA","41","Oregon","051","Multnomah","45.496641","-122.602877"
"01/29/2020","AQS","410510080","1","21.7","ppb","20","Portland - SE Lafayette","24","100.0000","42602","Nitrogen dioxide (NO2)","38900","Portland-Vancouver-Hillsboro, OR-WA","41","Oregon","051","Multnomah","45.496641","-122.602877"
"01/30/2020","AQS","410510080","1","20.5","ppb","19","Portland - SE Lafayette","23","96.0000","42602","Nitrogen dioxide (NO2)","38900","Portland-Vancouver-Hillsboro, OR-WA","41","Oregon","051","Multnomah","45.496641","-122.602877"
"01/31/2020","AQS","410510080","1","3.2","ppb","3","Portland - SE Lafayette","24","100.0000","42602","Nitrogen dioxide (NO2)","38900","Portland-Vancouver-Hillsboro, OR-WA","41","Oregon","051","Multnomah","45.496641","-122.602877"
"02/01/2020","AQS","410510080","1","11.4","ppb","10","Portland - SE Lafayette","24","100.0000","42602","Nitrogen dioxide (NO2)","38900","Portland-Vancouver-Hillsboro, OR-WA","41","Oregon","051","Multnomah","45.496641","-122.602877"
"02/02/2020","AQS","410510080","1","24.2","ppb","23","Portland - SE Lafayette","24","100.0000","42602","Nitrogen dioxide (NO2)","38900","Portland-Vancouver-Hillsboro, OR-WA","41","Oregon","051","Multnomah","45.496641","-122.602877"
"02/03/2020","AQS","410510080","1","26.9","ppb","25","Portland - SE Lafayette","24","100.0000","42602","Nitrogen dioxide (NO2)","38900","Portland-Vancouver-Hillsboro, OR-WA","41","Oregon","051","Multnomah","45.496641","-122.602877"
"02/04/2020","AQS","410510080","1","19.2","ppb","18","Portland - SE Lafayette","24","100.0000","42602","Nitrogen dioxide (NO2)","38900","Portland-Vancouver-Hillsboro, OR-WA","41","Oregon","051","Multnomah","45.496641","-122.602877"
"02/05/2020","AQS","410510080","1","5.7","ppb","5","Portland - SE Lafayette","23","96.0000","42602","Nitrogen dioxide (NO2)","38900","Portland-Vancouver-Hillsboro, OR-WA","41","Oregon","051","Multnomah","45.496641","-122.602877"
"02/06/2020","AQS","410510080","1","4.8","ppb","4","Portland - SE Lafayette","23","96.0000","42602","Nitrogen dioxide (NO2)","38900","Portland-Vancouver-Hillsboro, OR-WA","41","Oregon","051","Multnomah","45.496641","-122.602877"
"02/07/2020","AQS","410510080","1","3.7","ppb","3","Portland - SE Lafayette","23","96.0000","42602","Nitrogen dioxide (NO2)","38900","Portland-Vancouver-Hillsboro, OR-WA","41","Oregon","051","Multnomah","45.496641","-122.602877"
"02/08/2020","AQS","410510080","1","22.3","ppb","21","Portland - SE Lafayette","24","100.0000","42602","Nitrogen dioxide (NO2)","38900","Portland-Vancouver-Hillsboro, OR-WA","41","Oregon","051","Multnomah","45.496641","-122.602877"
"02/09/2020","AQS","410510080","1","20.1","ppb","19","Portland - SE Lafayette","24","100.0000","42602","Nitrogen dioxide (NO2)","38900","Portland-Vancouver-Hillsboro, OR-WA","41","Oregon","051","Multnomah","45.496641","-122.602877"
"02/10/2020","AQS","410510080","1","22","ppb","21","Portland - SE Lafayette","23","96.0000","42602","Nitrogen dioxide (NO2)","38900","Portland-Vancouver-Hillsboro, OR-WA","41","Oregon","051","Multnomah","45.496641","-122.602877"
"02/11/2020","AQS","410510080","1","16.3","ppb","15","Portland - SE Lafayette","24","100.0000","42602","Nitrogen dioxide (NO2)","38900","Portland-Vancouver-Hillsboro, OR-WA","41","Oregon","051","Multnomah","45.496641","-122.602877"
"02/12/2020","AQS","410510080","1","29.4","ppb","27","Portland - SE Lafayette","24","100.0000","42602","Nitrogen dioxide (NO2)","38900","Portland-Vancouver-Hillsboro, OR-WA","41","Oregon","051","Multnomah","45.496641","-122.602877"
"02/13/2020","AQS","410510080","1","23.5","ppb","22","Portland - SE Lafayette","24","100.0000","42602","Nitrogen dioxide (NO2)","38900","Portland-Vancouver-Hillsboro, OR-WA","41","Oregon","051","Multnomah","45.496641","-122.602877"
"02/14/2020","AQS","410510080","1","11.1","ppb","10","Portland - SE Lafayette","24","100.0000","42602","Nitrogen dioxide (NO2)","38900","Portland-Vancouver-Hillsboro, OR-WA","41","Oregon","051","Multnomah","45.496641","-122.602877"
"02/15/2020","AQS","410510080","1","16.9","ppb","15","Portland - SE Lafayette","24","100.0000","42602","Nitrogen dioxide (NO2)","38900","Portland-Vancouver-Hillsboro, OR-WA","41","Oregon","051","Multnomah","45.496641","-122.602877"
"02/16/2020","AQS","410510080","1","19.3","ppb","18","Portland - SE Lafayette","24","100.0000","42602","Nitrogen dioxide (NO2)","38900","Portland-Vancouver-Hillsboro, OR-WA","41","Oregon","051","Multnomah","45.496641","-122.602877"
"02/17/2020","AQS","410510080","1","26.8","ppb","25","Portland - SE Lafayette","24","100.0000","42602","Nitrogen dioxide (NO2)","38900","Portland-Vancouver-Hillsboro, OR-WA","41","Oregon","051","Multnomah","45.496641","-122.602877"
"02/18/2020","AQS","410510080","1","21.7","ppb","20","Portland - SE Lafayette","24","100.0000","42602","Nitrogen dioxide (NO2)","38900","Portland-Vancouver-Hillsboro, OR-WA","41","Oregon","051","Multnomah","45.496641","-122.602877"
"02/19/2020","AQS","410510080","1","5.2","ppb","5","Portland - SE Lafayette","24","100.0000","42602","Nitrogen dioxide (NO2)","38900","Portland-Vancouver-Hillsboro, OR-WA","41","Oregon","051","Multnomah","45.496641","-122.602877"
"02/20/2020","AQS","410510080","1","7.1","ppb","7","Portland - SE Lafayette","24","100.0000","42602","Nitrogen dioxide (NO2)","38900","Portland-Vancouver-Hillsboro, OR-WA","41","Oregon","051","Multnomah","45.496641","-122.602877"
"02/21/2020","AQS","410510080","1","32.8","ppb","30","Portland - SE Lafayette","23","96.0000","42602","Nitrogen dioxide (NO2)","38900","Portland-Vancouver-Hillsboro, OR-WA","41","Oregon","051","Multnomah","45.496641","-122.602877"
"02/22/2020","AQS","410510080","1","23.1","ppb","22","Portland - SE Lafayette","24","100.0000","42602","Nitrogen dioxide (NO2)","38900","Portland-Vancouver-Hillsboro, OR-WA","41","Oregon","051","Multnomah","45.496641","-122.602877"
"02/23/2020","AQS","410510080","1","19.8","ppb","18","Portland - SE Lafayette","24","100.0000","42602","Nitrogen dioxide (NO2)","38900","Portland-Vancouver-Hillsboro, OR-WA","41","Oregon","051","Multnomah","45.496641","-122.602877"
"02/24/2020","AQS","410510080","1","27.6","ppb","25","Portland - SE Lafayette","24","100.0000","42602","Nitrogen dioxide (NO2)","38900","Portland-Vancouver-Hillsboro, OR-WA","41","Oregon","051","Multnomah","45.496641","-122.602877"
"02/25/2020","AQS","410510080","1","30.2","ppb","28","Portland - SE Lafayette","24","100.0000","42602","Nitrogen dioxide (NO2)","38900","Portland-Vancouver-Hillsboro, OR-WA","41","Oregon","051","Multnomah","45.496641","-122.602877"
"02/26/2020","AQS","410510080","1","27.6","ppb","25","Portland - SE Lafayette","22","92.0000","42602","Nitrogen dioxide (NO2)","38900","Portland-Vancouver-Hillsboro, OR-WA","41","Oregon","051","Multnomah","45.496641","-122.602877"
"02/27/2020","AQS","410510080","1","27.9","ppb","25","Portland - SE Lafayette","24","100.0000","42602","Nitrogen dioxide (NO2)","38900","Portland-Vancouver-Hillsboro, OR-WA","41","Oregon","051","Multnomah","45.496641","-122.602877"
"02/28/2020","AQS","410510080","1","21","ppb","20","Portland - SE Lafayette","24","100.0000","42602","Nitrogen dioxide (NO2)","38900","Portland-Vancouver-Hillsboro, OR-WA","41","Oregon","051","Multnomah","45.496641","-122.602877"
"02/29/2020","AQS","410510080","1","12.9","ppb","11","Portland - SE Lafayette","24","100.0000","42602","Nitrogen dioxide (NO2)","38900","Portland-Vancouver-Hillsboro, OR-WA","41","Oregon","051","Multnomah","45.496641","-122.602877"
"03/01/2020","AQS","410510080","1","14.2","ppb","13","Portland - SE Lafayette","24","100.0000","42602","Nitrogen dioxide (NO2)","38900","Portland-Vancouver-Hillsboro, OR-WA","41","Oregon","051","Multnomah","45.496641","-122.602877"
"03/02/2020","AQS","410510080","1","17.2","ppb","16","Portland - SE Lafayette","24","100.0000","42602","Nitrogen dioxide (NO2)","38900","Portland-Vancouver-Hillsboro, OR-WA","41","Oregon","051","Multnomah","45.496641","-122.602877"
"03/03/2020","AQS","410510080","1","5.4","ppb","5","Portland - SE Lafayette","24","100.0000","42602","Nitrogen dioxide (NO2)","38900","Portland-Vancouver-Hillsboro, OR-WA","41","Oregon","051","Multnomah","45.496641","-122.602877"
"03/04/2020","AQS","410510080","1","29.4","ppb","27","Portland - SE Lafayette","24","100.0000","42602","Nitrogen dioxide (NO2)","38900","Portland-Vancouver-Hillsboro, OR-WA","41","Oregon","051","Multnomah","45.496641","-122.602877"
"03/05/2020","AQS","410510080","1","22.5","ppb","21","Portland - SE Lafayette","23","96.0000","42602","Nitrogen dioxide (NO2)","38900","Portland-Vancouver-Hillsboro, OR-WA","41","Oregon","051","Multnomah","45.496641","-122.602877"
"03/06/2020","AQS","410510080","1","14.9","ppb","13","Portland - SE Lafayette","24","100.0000","42602","Nitrogen dioxide (NO2)","38900","Portland-Vancouver-Hillsboro, OR-WA","41","Oregon","051","Multnomah","45.496641","-122.602877"
"03/07/2020","AQS","410510080","1","21.5","ppb","20","Portland - SE Lafayette","24","100.0000","42602","Nitrogen dioxide (NO2)","38900","Portland-Vancouver-Hillsboro, OR-WA","41","Oregon","051","Multnomah","45.496641","-122.602877"
"03/08/2020","AQS","410510080","1","24.3","ppb","23","Portland - SE Lafayette","24","100.0000","42602","Nitrogen dioxide (NO2)","38900","Portland-Vancouver-Hillsboro, OR-WA","41","Oregon","051","Multnomah","45.496641","-122.602877"
"03/09/2020","AQS","410510080","1","29.2","ppb","27","Portland - SE Lafayette","24","100.0000","42602","Nitrogen dioxide (NO2)","38900","Portland-Vancouver-Hillsboro, OR-WA","41","Oregon","051","Multnomah","45.496641","-122.602877"
"03/10/2020","AQS","410510080","1","24.5","ppb","23","Portland - SE Lafayette","24","100.0000","42602","Nitrogen dioxide (NO2)","38900","Portland-Vancouver-Hillsboro, OR-WA","41","Oregon","051","Multnomah","45.496641","-122.602877"
"03/11/2020","AQS","410510080","1","20.1","ppb","19","Portland - SE Lafayette","24","100.0000","42602","Nitrogen dioxide (NO2)","38900","Portland-Vancouver-Hillsboro, OR-WA","41","Oregon","051","Multnomah","45.496641","-122.602877"
"03/12/2020","AQS","410510080","1","25","ppb","24","Portland - SE Lafayette","24","100.0000","42602","Nitrogen dioxide (NO2)","38900","Portland-Vancouver-Hillsboro, OR-WA","41","Oregon","051","Multnomah","45.496641","-122.602877"
"03/13/2020","AQS","410510080","1","31.1","ppb","29","Portland - SE Lafayette","24","100.0000","42602","Nitrogen dioxide (NO2)","38900","Portland-Vancouver-Hillsboro, OR-WA","41","Oregon","051","Multnomah","45.496641","-122.602877"
"03/14/2020","AQS","410510080","1","19.1","ppb","18","Portland - SE Lafayette","23","96.0000","42602","Nitrogen dioxide (NO2)","38900","Portland-Vancouver-Hillsboro, OR-WA","41","Oregon","051","Multnomah","45.496641","-122.602877"
"03/15/2020","AQS","410510080","1","4.4","ppb","4","Portland - SE Lafayette","24","100.0000","42602","Nitrogen dioxide (NO2)","38900","Portland-Vancouver-Hillsboro, OR-WA","41","Oregon","051","Multnomah","45.496641","-122.602877"
"03/16/2020","AQS","410510080","1","29.7","ppb","27","Portland - SE Lafayette","24","100.0000","42602","Nitrogen dioxide (NO2)","38900","Portland-Vancouver-Hillsboro, OR-WA","41","Oregon","051","Multnomah","45.496641","-122.602877"
"03/17/2020","AQS","410510080","1","28.4","ppb","26","Portland - SE Lafayette","24","100.0000","42602","Nitrogen dioxide (NO2)","38900","Portland-Vancouver-Hillsboro, OR-WA","41","Oregon","051","Multnomah","45.496641","-122.602877"
"03/18/2020","AQS","410510080","1","28.2","ppb","26","Portland - SE Lafayette","21","88.0000","42602","Nitrogen dioxide (NO2)","38900","Portland-Vancouver-Hillsboro, OR-WA","41","Oregon","051","Multnomah","45.496641","-122.602877"
"03/19/2020","AQS","410510080","1","27.1","ppb","25","Portland - SE Lafayette","23","96.0000","42602","Nitrogen dioxide (NO2)","38900","Portland-Vancouver-Hillsboro, OR-WA","41","Oregon","051","Multnomah","45.496641","-122.602877"
"03/20/2020","AQS","410510080","1","21.5","ppb","20","Portland - SE Lafayette","24","100.0000","42602","Nitrogen dioxide (NO2)","38900","Portland-Vancouver-Hillsboro, OR-WA","41","Oregon","051","Multnomah","45.496641","-122.602877"
"03/21/2020","AQS","410510080","1","25.8","ppb","24","Portland - SE Lafayette","24","100.0000","42602","Nitrogen dioxide (NO2)","38900","Portland-Vancouver-Hillsboro, OR-WA","41","Oregon","051","Multnomah","45.496641","-122.602877"
"03/22/2020","AQS","410510080","1","20.5","ppb","19","Portland - SE Lafayette","23","96.0000","42602","Nitrogen dioxide (NO2)","38900","Portland-Vancouver-Hillsboro, OR-WA","41","Oregon","051","Multnomah","45.496641","-122.602877"
"03/23/2020","AQS","410510080","1","4","ppb","4","Portland - SE Lafayette","24","100.0000","42602","Nitrogen dioxide (NO2)","38900","Portland-Vancouver-Hillsboro, OR-WA","41","Oregon","051","Multnomah","45.496641","-122.602877"
"03/24/2020","AQS","410510080","1","5.3","ppb","5","Portland - SE Lafayette","24","100.0000","42602","Nitrogen dioxide (NO2)","38900","Portland-Vancouver-Hillsboro, OR-WA","41","Oregon","051","Multnomah","45.496641","-122.602877"
"03/25/2020","AQS","410510080","1","20.2","ppb","19","Portland - SE Lafayette","24","100.0000","42602","Nitrogen dioxide (NO2)","38900","Portland-Vancouver-Hillsboro, OR-WA","41","Oregon","051","Multnomah","45.496641","-122.602877"
"03/26/2020","AQS","410510080","1","14.6","ppb","13","Portland - SE Lafayette","23","96.0000","42602","Nitrogen dioxide (NO2)","38900","Portland-Vancouver-Hillsboro, OR-WA","41","Oregon","051","Multnomah","45.496641","-122.602877"
"03/27/2020","AQS","410510080","1","17.4","ppb","16","Portland - SE Lafayette","24","100.0000","42602","Nitrogen dioxide (NO2)","38900","Portland-Vancouver-Hillsboro, OR-WA","41","Oregon","051","Multnomah","45.496641","-122.602877"
"03/28/2020","AQS","410510080","1","4.6","ppb","4","Portland - SE Lafayette","24","100.0000","42602","Nitrogen dioxide (NO2)","38900","Portland-Vancouver-Hillsboro, OR-WA","41","Oregon","051","Multnomah","45.496641","-122.602877"
"03/29/2020","AQS","410510080","1","3","ppb","3","Portland - SE Lafayette","24","100.0000","42602","Nitrogen dioxide (NO2)","38900","Portland-Vancouver-Hillsboro, OR-WA","41","Oregon","051","Multnomah","45.496641","-122.602877"
"03/30/2020","AQS","410510080","1","5.3","ppb","5","Portland - SE Lafayette","24","100.0000","42602","Nitrogen dioxide (NO2)","38900","Portland-Vancouver-Hillsboro, OR-WA","41","Oregon","051","Multnomah","45.496641","-122.602877"
"03/31/2020","AQS","410510080","1","6.2","ppb","6","Portland - SE Lafayette","23","96.0000","42602","Nitrogen dioxide (NO2)","38900","Portland-Vancouver-Hillsboro, OR-WA","41","Oregon","051","Multnomah","45.496641","-122.602877"
"04/01/2020","AQS","410510080","1","8.8","ppb","8","Portland - SE Lafayette","24","100.0000","42602","Nitrogen dioxide (NO2)","38900","Portland-Vancouver-Hillsboro, OR-WA","41","Oregon","051","Multnomah","45.496641","-122.602877"
"04/02/2020","AQS","410510080","1","13.4","ppb","12","Portland - SE Lafayette","24","100.0000","42602","Nitrogen dioxide (NO2)","38900","Portland-Vancouver-Hillsboro, OR-WA","41","Oregon","051","Multnomah","45.496641","-122.602877"
"04/03/2020","AQS","410510080","1","14.9","ppb","13","Portland - SE Lafayette","24","100.0000","42602","Nitrogen dioxide (NO2)","38900","Portland-Vancouver-Hillsboro, OR-WA","41","Oregon","051","Multnomah","45.496641","-122.602877"
"04/04/2020","AQS","410510080","1","15","ppb","14","Portland - SE Lafayette","24","100.0000","42602","Nitrogen dioxide (NO2)","38900","Portland-Vancouver-Hillsboro, OR-WA","41","Oregon","051","Multnomah","45.496641","-122.602877"
"04/05/2020","AQS","410510080","1","7.2","ppb","7","Portland - SE Lafayette","24","100.0000","42602","Nitrogen dioxide (NO2)","38900","Portland-Vancouver-Hillsboro, OR-WA","41","Oregon","051","Multnomah","45.496641","-122.602877"
"04/06/2020","AQS","410510080","1","18.5","ppb","17","Portland - SE Lafayette","24","100.0000","42602","Nitrogen dioxide (NO2)","38900","Portland-Vancouver-Hillsboro, OR-WA","41","Oregon","051","Multnomah","45.496641","-122.602877"
"04/07/2020","AQS","410510080","1","19.4","ppb","18","Portland - SE Lafayette","24","100.0000","42602","Nitrogen dioxide (NO2)","38900","Portland-Vancouver-Hillsboro, OR-WA","41","Oregon","051","Multnomah","45.496641","-122.602877"
"04/08/2020","AQS","410510080","1","20.9","ppb","19","Portland - SE Lafayette","22","92.0000","42602","Nitrogen dioxide (NO2)","38900","Portland-Vancouver-Hillsboro, OR-WA","41","Oregon","051","Multnomah","45.496641","-122.602877"
"04/09/2020","AQS","410510080","1","17.4","ppb","16","Portland - SE Lafayette","23","96.0000","42602","Nitrogen dioxide (NO2)","38900","Portland-Vancouver-Hillsboro, OR-WA","41","Oregon","051","Multnomah","45.496641","-122.602877"
"04/10/2020","AQS","410510080","1","17.5","ppb","16","Portland - SE Lafayette","24","100.0000","42602","Nitrogen dioxide (NO2)","38900","Portland-Vancouver-Hillsboro, OR-WA","41","Oregon","051","Multnomah","45.496641","-122.602877"
"04/11/2020","AQS","410510080","1","8","ppb","8","Portland - SE Lafayette","24","100.0000","42602","Nitrogen dioxide (NO2)","38900","Portland-Vancouver-Hillsboro, OR-WA","41","Oregon","051","Multnomah","45.496641","-122.602877"
"04/12/2020","AQS","410510080","1","17.7","ppb","16","Portland - SE Lafayette","24","100.0000","42602","Nitrogen dioxide (NO2)","38900","Portland-Vancouver-Hillsboro, OR-WA","41","Oregon","051","Multnomah","45.496641","-122.602877"
"04/13/2020","AQS","410510080","1","27.9","ppb","25","Portland - SE Lafayette","24","100.0000","42602","Nitrogen dioxide (NO2)","38900","Portland-Vancouver-Hillsboro, OR-WA","41","Oregon","051","Multnomah","45.496641","-122.602877"
"04/14/2020","AQS","410510080","1","21.2","ppb","20","Portland - SE Lafayette","24","100.0000","42602","Nitrogen dioxide (NO2)","38900","Portland-Vancouver-Hillsboro, OR-WA","41","Oregon","051","Multnomah","45.496641","-122.602877"
"04/15/2020","AQS","410510080","1","9","ppb","8","Portland - SE Lafayette","24","100.0000","42602","Nitrogen dioxide (NO2)","38900","Portland-Vancouver-Hillsboro, OR-WA","41","Oregon","051","Multnomah","45.496641","-122.602877"
"04/16/2020","AQS","410510080","1","15","ppb","14","Portland - SE Lafayette","23","96.0000","42602","Nitrogen dioxide (NO2)","38900","Portland-Vancouver-Hillsboro, OR-WA","41","Oregon","051","Multnomah","45.496641","-122.602877"
"04/17/2020","AQS","410510080","1","18","ppb","17","Portland - SE Lafayette","24","100.0000","42602","Nitrogen dioxide (NO2)","38900","Portland-Vancouver-Hillsboro, OR-WA","41","Oregon","051","Multnomah","45.496641","-122.602877"
"04/18/2020","AQS","410510080","1","9.2","ppb","8","Portland - SE Lafayette","24","100.0000","42602","Nitrogen dioxide (NO2)","38900","Portland-Vancouver-Hillsboro, OR-WA","41","Oregon","051","Multnomah","45.496641","-122.602877"
"04/19/2020","AQS","410510080","1","15.2","ppb","14","Portland - SE Lafayette","24","100.0000","42602","Nitrogen dioxide (NO2)","38900","Portland-Vancouver-Hillsboro, OR-WA","41","Oregon","051","Multnomah","45.496641","-122.602877"
"04/20/2020","AQS","410510080","1","13.8","ppb","12","Portland - SE Lafayette","24","100.0000","42602","Nitrogen dioxide (NO2)","38900","Portland-Vancouver-Hillsboro, OR-WA","41","Oregon","051","Multnomah","45.496641","-122.602877"
"04/21/2020","AQS","410510080","1","12.3","ppb","11","Portland - SE Lafayette","24","100.0000","42602","Nitrogen dioxide (NO2)","38900","Portland-Vancouver-Hillsboro, OR-WA","41","Oregon","051","Multnomah","45.496641","-122.602877"
"04/22/2020","AQS","410510080","1","10.1","ppb","9","Portland - SE Lafayette","24","100.0000","42602","Nitrogen dioxide (NO2)","38900","Portland-Vancouver-Hillsboro, OR-WA","41","Oregon","051","Multnomah","45.496641","-122.602877"
"04/23/2020","AQS","410510080","1","16.1","ppb","15","Portland - SE Lafayette","23","96.0000","42602","Nitrogen dioxide (NO2)","38900","Portland-Vancouver-Hillsboro, OR-WA","41","Oregon","051","Multnomah","45.496641","-122.602877"
"04/24/2020","AQS","410510080","1","15.3","ppb","14","Portland - SE Lafayette","24","100.0000","42602","Nitrogen dioxide (NO2)","38900","Portland-Vancouver-Hillsboro, OR-WA","41","Oregon","051","Multnomah","45.496641","-122.602877"
"04/25/2020","AQS","410510080","1","11.4","ppb","10","Portland - SE Lafayette","24","100.0000","42602","Nitrogen dioxide (NO2)","38900","Portland-Vancouver-Hillsboro, OR-WA","41","Oregon","051","Multnomah","45.496641","-122.602877"
"04/26/2020","AQS","410510080","1","11.9","ppb","10","Portland - SE Lafayette","24","100.0000","42602","Nitrogen dioxide (NO2)","38900","Portland-Vancouver-Hillsboro, OR-WA","41","Oregon","051","Multnomah","45.496641","-122.602877"
"04/27/2020","AQS","410510080","1","7.6","ppb","7","Portland - SE Lafayette","24","100.0000","42602","Nitrogen dioxide (NO2)","38900","Portland-Vancouver-Hillsboro, OR-WA","41","Oregon","051","Multnomah","45.496641","-122.602877"
"04/28/2020","AQS","410510080","1","14.9","ppb","13","Portland - SE Lafayette","24","100.0000","42602","Nitrogen dioxide (NO2)","38900","Portland-Vancouver-Hillsboro, OR-WA","41","Oregon","051","Multnomah","45.496641","-122.602877"
"04/29/2020","AQS","410510080","1","12.3","ppb","11","Portland - SE Lafayette","24","100.0000","42602","Nitrogen dioxide (NO2)","38900","Portland-Vancouver-Hillsboro, OR-WA","41","Oregon","051","Multnomah","45.496641","-122.602877"
"04/30/2020","AQS","410510080","1","9.1","ppb","8","Portland - SE Lafayette","22","92.0000","42602","Nitrogen dioxide (NO2)","38900","Portland-Vancouver-Hillsboro, OR-WA","41","Oregon","051","Multnomah","45.496641","-122.602877"
"05/01/2020","AQS","410510080","1","15.7","ppb","14","Portland - SE Lafayette","24","100.0000","42602","Nitrogen dioxide (NO2)","38900","Portland-Vancouver-Hillsboro, OR-WA","41","Oregon","051","Multnomah","45.496641","-122.602877"
"05/02/2020","AQS","410510080","1","7.8","ppb","7","Portland - SE Lafayette","24","100.0000","42602","Nitrogen dioxide (NO2)","38900","Portland-Vancouver-Hillsboro, OR-WA","41","Oregon","051","Multnomah","45.496641","-122.602877"
"05/03/2020","AQS","410510080","1","16.7","ppb","15","Portland - SE Lafayette","24","100.0000","42602","Nitrogen dioxide (NO2)","38900","Portland-Vancouver-Hillsboro, OR-WA","41","Oregon","051","Multnomah","45.496641","-122.602877"
"05/04/2020","AQS","410510080","1","12.9","ppb","11","Portland - SE Lafayette","24","100.0000","42602","Nitrogen dioxide (NO2)","38900","Portland-Vancouver-Hillsboro, OR-WA","41","Oregon","051","Multnomah","45.496641","-122.602877"
"05/05/2020","AQS","410510080","1","16.2","ppb","15","Portland - SE Lafayette","24","100.0000","42602","Nitrogen dioxide (NO2)","38900","Portland-Vancouver-Hillsboro, OR-WA","41","Oregon","051","Multnomah","45.496641","-122.602877"
"05/06/2020","AQS","410510080","1","4","ppb","4","Portland - SE Lafayette","24","100.0000","42602","Nitrogen dioxide (NO2)","38900","Portland-Vancouver-Hillsboro, OR-WA","41","Oregon","051","Multnomah","45.496641","-122.602877"
"05/07/2020","AQS","410510080","1","13.2","ppb","12","Portland - SE Lafayette","23","96.0000","42602","Nitrogen dioxide (NO2)","38900","Portland-Vancouver-Hillsboro, OR-WA","41","Oregon","051","Multnomah","45.496641","-122.602877"
"05/08/2020","AQS","410510080","1","2.7","ppb","2","Portland - SE Lafayette","24","100.0000","42602","Nitrogen dioxide (NO2)","38900","Portland-Vancouver-Hillsboro, OR-WA","41","Oregon","051","Multnomah","45.496641","-122.602877"
"05/09/2020","AQS","410510080","1","3.8","ppb","3","Portland - SE Lafayette","24","100.0000","42602","Nitrogen dioxide (NO2)","38900","Portland-Vancouver-Hillsboro, OR-WA","41","Oregon","051","Multnomah","45.496641","-122.602877"
"05/10/2020","AQS","410510080","1","22.4","ppb","21","Portland - SE Lafayette","24","100.0000","42602","Nitrogen dioxide (NO2)","38900","Portland-Vancouver-Hillsboro, OR-WA","41","Oregon","051","Multnomah","45.496641","-122.602877"
"05/11/2020","AQS","410510080","1","13.2","ppb","12","Portland - SE Lafayette","24","100.0000","42602","Nitrogen dioxide (NO2)","38900","Portland-Vancouver-Hillsboro, OR-WA","41","Oregon","051","Multnomah","45.496641","-122.602877"
"05/12/2020","AQS","410510080","1","10","ppb","9","Portland - SE Lafayette","24","100.0000","42602","Nitrogen dioxide (NO2)","38900","Portland-Vancouver-Hillsboro, OR-WA","41","Oregon","051","Multnomah","45.496641","-122.602877"
"05/13/2020","AQS","410510080","1","5.2","ppb","5","Portland - SE Lafayette","23","96.0000","42602","Nitrogen dioxide (NO2)","38900","Portland-Vancouver-Hillsboro, OR-WA","41","Oregon","051","Multnomah","45.496641","-122.602877"
"05/14/2020","AQS","410510080","1","12.5","ppb","11","Portland - SE Lafayette","24","100.0000","42602","Nitrogen dioxide (NO2)","38900","Portland-Vancouver-Hillsboro, OR-WA","41","Oregon","051","Multnomah","45.496641","-122.602877"
"05/15/2020","AQS","410510080","1","25.3","ppb","24","Portland - SE Lafayette","24","100.0000","42602","Nitrogen dioxide (NO2)","38900","Portland-Vancouver-Hillsboro, OR-WA","41","Oregon","051","Multnomah","45.496641","-122.602877"
"05/16/2020","AQS","410510080","1","12.6","ppb","11","Portland - SE Lafayette","24","100.0000","42602","Nitrogen dioxide (NO2)","38900","Portland-Vancouver-Hillsboro, OR-WA","41","Oregon","051","Multnomah","45.496641","-122.602877"
"05/17/2020","AQS","410510080","1","8.6","ppb","8","Portland - SE Lafayette","24","100.0000","42602","Nitrogen dioxide (NO2)","38900","Portland-Vancouver-Hillsboro, OR-WA","41","Oregon","051","Multnomah","45.496641","-122.602877"
"05/18/2020","AQS","410510080","1","6.8","ppb","6","Portland - SE Lafayette","24","100.0000","42602","Nitrogen dioxide (NO2)","38900","Portland-Vancouver-Hillsboro, OR-WA","41","Oregon","051","Multnomah","45.496641","-122.602877"
"05/19/2020","AQS","410510080","1","7.5","ppb","7","Portland - SE Lafayette","24","100.0000","42602","Nitrogen dioxide (NO2)","38900","Portland-Vancouver-Hillsboro, OR-WA","41","Oregon","051","Multnomah","45.496641","-122.602877"
"05/20/2020","AQS","410510080","1","3.9","ppb","3","Portland - SE Lafayette","23","96.0000","42602","Nitrogen dioxide (NO2)","38900","Portland-Vancouver-Hillsboro, OR-WA","41","Oregon","051","Multnomah","45.496641","-122.602877"
"05/21/2020","AQS","410510080","1","10.7","ppb","9","Portland - SE Lafayette","24","100.0000","42602","Nitrogen dioxide (NO2)","38900","Portland-Vancouver-Hillsboro, OR-WA","41","Oregon","051","Multnomah","45.496641","-122.602877"
"05/22/2020","AQS","410510080","1","7.3","ppb","7","Portland - SE Lafayette","24","100.0000","42602","Nitrogen dioxide (NO2)","38900","Portland-Vancouver-Hillsboro, OR-WA","41","Oregon","051","Multnomah","45.496641","-122.602877"
"05/23/2020","AQS","410510080","1","16.8","ppb","15","Portland - SE Lafayette","24","100.0000","42602","Nitrogen dioxide (NO2)","38900","Portland-Vancouver-Hillsboro, OR-WA","41","Oregon","051","Multnomah","45.496641","-122.602877"
"05/24/2020","AQS","410510080","1","14.5","ppb","13","Portland - SE Lafayette","24","100.0000","42602","Nitrogen dioxide (NO2)","38900","Portland-Vancouver-Hillsboro, OR-WA","41","Oregon","051","Multnomah","45.496641","-122.602877"
"05/25/2020","AQS","410510080","1","10.8","ppb","9","Portland - SE Lafayette","24","100.0000","42602","Nitrogen dioxide (NO2)","38900","Portland-Vancouver-Hillsboro, OR-WA","41","Oregon","051","Multnomah","45.496641","-122.602877"
"05/26/2020","AQS","410510080","1","11","ppb","10","Portland - SE Lafayette","24","100.0000","42602","Nitrogen dioxide (NO2)","38900","Portland-Vancouver-Hillsboro, OR-WA","41","Oregon","051","Multnomah","45.496641","-122.602877"
"05/27/2020","AQS","410510080","1","10.3","ppb","9","Portland - SE Lafayette","24","100.0000","42602","Nitrogen dioxide (NO2)","38900","Portland-Vancouver-Hillsboro, OR-WA","41","Oregon","051","Multnomah","45.496641","-122.602877"
"05/28/2020","AQS","410510080","1","14.1","ppb","13","Portland - SE Lafayette","24","100.0000","42602","Nitrogen dioxide (NO2)","38900","Portland-Vancouver-Hillsboro, OR-WA","41","Oregon","051","Multnomah","45.496641","-122.602877"
"05/29/2020","AQS","410510080","1","8.7","ppb","8","Portland - SE Lafayette","23","96.0000","42602","Nitrogen dioxide (NO2)","38900","Portland-Vancouver-Hillsboro, OR-WA","41","Oregon","051","Multnomah","45.496641","-122.602877"
"05/30/2020","AQS","410510080","1","5","ppb","5","Portland - SE Lafayette","24","100.0000","42602","Nitrogen dioxide (NO2)","38900","Portland-Vancouver-Hillsboro, OR-WA","41","Oregon","051","Multnomah","45.496641","-122.602877"
"05/31/2020","AQS","410510080","1","4.5","ppb","4","Portland - SE Lafayette","24","100.0000","42602","Nitrogen dioxide (NO2)","38900","Portland-Vancouver-Hillsboro, OR-WA","41","Oregon","051","Multnomah","45.496641","-122.602877"
"06/01/2020","AQS","410510080","1","9.9","ppb","8","Portland - SE Lafayette","24","100.0000","42602","Nitrogen dioxide (NO2)","38900","Portland-Vancouver-Hillsboro, OR-WA","41","Oregon","051","Multnomah","45.496641","-122.602877"
"06/02/2020","AQS","410510080","1","9.9","ppb","8","Portland - SE Lafayette","24","100.0000","42602","Nitrogen dioxide (NO2)","38900","Portland-Vancouver-Hillsboro, OR-WA","41","Oregon","051","Multnomah","45.496641","-122.602877"
"06/03/2020","AQS","410510080","1","4.6","ppb","4","Portland - SE Lafayette","18","75.0000","42602","Nitrogen dioxide (NO2)","38900","Portland-Vancouver-Hillsboro, OR-WA","41","Oregon","051","Multnomah","45.496641","-122.602877"
"06/07/2020","AQS","410510080","1","148","ppb","110","Portland - SE Lafayette","24","100.0000","42602","Nitrogen dioxide (NO2)","38900","Portland-Vancouver-Hillsboro, OR-WA","41","Oregon","051","Multnomah","45.496641","-122.602877"
"06/08/2020","AQS","410510080","1","6.3","ppb","6","Portland - SE Lafayette","24","100.0000","42602","Nitrogen dioxide (NO2)","38900","Portland-Vancouver-Hillsboro, OR-WA","41","Oregon","051","Multnomah","45.496641","-122.602877"
"06/09/2020","AQS","410510080","1","5.1","ppb","5","Portland - SE Lafayette","24","100.0000","42602","Nitrogen dioxide (NO2)","38900","Portland-Vancouver-Hillsboro, OR-WA","41","Oregon","051","Multnomah","45.496641","-122.602877"
"06/10/2020","AQS","410510080","1","100.5","ppb","100","Portland - SE Lafayette","24","100.0000","42602","Nitrogen dioxide (NO2)","38900","Portland-Vancouver-Hillsboro, OR-WA","41","Oregon","051","Multnomah","45.496641","-122.602877"
"06/11/2020","AQS","410510080","1","156.8","ppb","111","Portland - SE Lafayette","24","100.0000","42602","Nitrogen dioxide (NO2)","38900","Portland-Vancouver-Hillsboro, OR-WA","41","Oregon","051","Multnomah","45.496641","-122.602877"
"06/13/2020","AQS","410510080","1","4.9","ppb","4","Portland - SE Lafayette","24","100.0000","42602","Nitrogen dioxide (NO2)","38900","Portland-Vancouver-Hillsboro, OR-WA","41","Oregon","051","Multnomah","45.496641","-122.602877"
"06/14/2020","AQS","410510080","1","7.1","ppb","7","Portland - SE Lafayette","24","100.0000","42602","Nitrogen dioxide (NO2)","38900","Portland-Vancouver-Hillsboro, OR-WA","41","Oregon","051","Multnomah","45.496641","-122.602877"
"06/15/2020","AQS","410510080","1","4","ppb","4","Portland - SE Lafayette","24","100.0000","42602","Nitrogen dioxide (NO2)","38900","Portland-Vancouver-Hillsboro, OR-WA","41","Oregon","051","Multnomah","45.496641","-122.602877"
"06/16/2020","AQS","410510080","1","6.6","ppb","6","Portland - SE Lafayette","24","100.0000","42602","Nitrogen dioxide (NO2)","38900","Portland-Vancouver-Hillsboro, OR-WA","41","Oregon","051","Multnomah","45.496641","-122.602877"
"06/17/2020","AQS","410510080","1","8.6","ppb","8","Portland - SE Lafayette","24","100.0000","42602","Nitrogen dioxide (NO2)","38900","Portland-Vancouver-Hillsboro, OR-WA","41","Oregon","051","Multnomah","45.496641","-122.602877"
"06/18/2020","AQS","410510080","1","7.4","ppb","7","Portland - SE Lafayette","24","100.0000","42602","Nitrogen dioxide (NO2)","38900","Portland-Vancouver-Hillsboro, OR-WA","41","Oregon","051","Multnomah","45.496641","-122.602877"
"06/19/2020","AQS","410510080","1","10.1","ppb","9","Portland - SE Lafayette","24","100.0000","42602","Nitrogen dioxide (NO2)","38900","Portland-Vancouver-Hillsboro, OR-WA","41","Oregon","051","Multnomah","45.496641","-122.602877"
"06/20/2020","AQS","410510080","1","10.5","ppb","9","Portland - SE Lafayette","23","96.0000","42602","Nitrogen dioxide (NO2)","38900","Portland-Vancouver-Hillsboro, OR-WA","41","Oregon","051","Multnomah","45.496641","-122.602877"
"06/22/2020","AQS","410510080","1","7.2","ppb","7","Portland - SE Lafayette","24","100.0000","42602","Nitrogen dioxide (NO2)","38900","Portland-Vancouver-Hillsboro, OR-WA","41","Oregon","051","Multnomah","45.496641","-122.602877"
"06/23/2020","AQS","410510080","1","11.8","ppb","10","Portland - SE Lafayette","24","100.0000","42602","Nitrogen dioxide (NO2)","38900","Portland-Vancouver-Hillsboro, OR-WA","41","Oregon","051","Multnomah","45.496641","-122.602877"
"06/24/2020","AQS","410510080","1","6.4","ppb","6","Portland - SE Lafayette","24","100.0000","42602","Nitrogen dioxide (NO2)","38900","Portland-Vancouver-Hillsboro, OR-WA","41","Oregon","051","Multnomah","45.496641","-122.602877"
"06/25/2020","AQS","410510080","1","5.9","ppb","5","Portland - SE Lafayette","23","96.0000","42602","Nitrogen dioxide (NO2)","38900","Portland-Vancouver-Hillsboro, OR-WA","41","Oregon","051","Multnomah","45.496641","-122.602877"
"06/26/2020","AQS","410510080","1","5.6","ppb","5","Portland - SE Lafayette","24","100.0000","42602","Nitrogen dioxide (NO2)","38900","Portland-Vancouver-Hillsboro, OR-WA","41","Oregon","051","Multnomah","45.496641","-122.602877"
"06/27/2020","AQS","410510080","1","2.7","ppb","2","Portland - SE Lafayette","23","96.0000","42602","Nitrogen dioxide (NO2)","38900","Portland-Vancouver-Hillsboro, OR-WA","41","Oregon","051","Multnomah","45.496641","-122.602877"
"06/28/2020","AQS","410510080","1","5","ppb","5","Portland - SE Lafayette","24","100.0000","42602","Nitrogen dioxide (NO2)","38900","Portland-Vancouver-Hillsboro, OR-WA","41","Oregon","051","Multnomah","45.496641","-122.602877"
"06/29/2020","AQS","410510080","1","7.1","ppb","7","Portland - SE Lafayette","24","100.0000","42602","Nitrogen dioxide (NO2)","38900","Portland-Vancouver-Hillsboro, OR-WA","41","Oregon","051","Multnomah","45.496641","-122.602877"
"06/30/2020","AQS","410510080","1","2.9","ppb","2","Portland - SE Lafayette","24","100.0000","42602","Nitrogen dioxide (NO2)","38900","Portland-Vancouver-Hillsboro, OR-WA","41","Oregon","051","Multnomah","45.496641","-122.602877"
"01/01/2020","AQS","410670005","1","20","ppb","19","Tualatin Bradbury Court (TBC) - Near Road Site","23","96.0000","42602","Nitrogen dioxide (NO2)","38900","Portland-Vancouver-Hillsboro, OR-WA","41","Oregon","067","Washington","45.393497","-122.747894"
"01/02/2020","AQS","410670005","1","21","ppb","20","Tualatin Bradbury Court (TBC) - Near Road Site","24","100.0000","42602","Nitrogen dioxide (NO2)","38900","Portland-Vancouver-Hillsboro, OR-WA","41","Oregon","067","Washington","45.393497","-122.747894"
"01/03/2020","AQS","410670005","1","20.4","ppb","19","Tualatin Bradbury Court (TBC) - Near Road Site","24","100.0000","42602","Nitrogen dioxide (NO2)","38900","Portland-Vancouver-Hillsboro, OR-WA","41","Oregon","067","Washington","45.393497","-122.747894"
"01/04/2020","AQS","410670005","1","17.5","ppb","16","Tualatin Bradbury Court (TBC) - Near Road Site","24","100.0000","42602","Nitrogen dioxide (NO2)","38900","Portland-Vancouver-Hillsboro, OR-WA","41","Oregon","067","Washington","45.393497","-122.747894"
"01/05/2020","AQS","410670005","1","22.9","ppb","21","Tualatin Bradbury Court (TBC) - Near Road Site","24","100.0000","42602","Nitrogen dioxide (NO2)","38900","Portland-Vancouver-Hillsboro, OR-WA","41","Oregon","067","Washington","45.393497","-122.747894"
"01/06/2020","AQS","410670005","1","12.4","ppb","11","Tualatin Bradbury Court (TBC) - Near Road Site","23","96.0000","42602","Nitrogen dioxide (NO2)","38900","Portland-Vancouver-Hillsboro, OR-WA","41","Oregon","067","Washington","45.393497","-122.747894"
"01/07/2020","AQS","410670005","1","15.8","ppb","14","Tualatin Bradbury Court (TBC) - Near Road Site","24","100.0000","42602","Nitrogen dioxide (NO2)","38900","Portland-Vancouver-Hillsboro, OR-WA","41","Oregon","067","Washington","45.393497","-122.747894"
"01/08/2020","AQS","410670005","1","28.6","ppb","26","Tualatin Bradbury Court (TBC) - Near Road Site","24","100.0000","42602","Nitrogen dioxide (NO2)","38900","Portland-Vancouver-Hillsboro, OR-WA","41","Oregon","067","Washington","45.393497","-122.747894"
"01/09/2020","AQS","410670005","1","22","ppb","21","Tualatin Bradbury Court (TBC) - Near Road Site","24","100.0000","42602","Nitrogen dioxide (NO2)","38900","Portland-Vancouver-Hillsboro, OR-WA","41","Oregon","067","Washington","45.393497","-122.747894"
"01/10/2020","AQS","410670005","1","13.5","ppb","12","Tualatin Bradbury Court (TBC) - Near Road Site","24","100.0000","42602","Nitrogen dioxide (NO2)","38900","Portland-Vancouver-Hillsboro, OR-WA","41","Oregon","067","Washington","45.393497","-122.747894"
"01/11/2020","AQS","410670005","1","17.4","ppb","16","Tualatin Bradbury Court (TBC) - Near Road Site","24","100.0000","42602","Nitrogen dioxide (NO2)","38900","Portland-Vancouver-Hillsboro, OR-WA","41","Oregon","067","Washington","45.393497","-122.747894"
"01/12/2020","AQS","410670005","1","16.8","ppb","15","Tualatin Bradbury Court (TBC) - Near Road Site","24","100.0000","42602","Nitrogen dioxide (NO2)","38900","Portland-Vancouver-Hillsboro, OR-WA","41","Oregon","067","Washington","45.393497","-122.747894"
"01/13/2020","AQS","410670005","1","25.1","ppb","24","Tualatin Bradbury Court (TBC) - Near Road Site","24","100.0000","42602","Nitrogen dioxide (NO2)","38900","Portland-Vancouver-Hillsboro, OR-WA","41","Oregon","067","Washington","45.393497","-122.747894"
"01/14/2020","AQS","410670005","1","28.4","ppb","26","Tualatin Bradbury Court (TBC) - Near Road Site","23","96.0000","42602","Nitrogen dioxide (NO2)","38900","Portland-Vancouver-Hillsboro, OR-WA","41","Oregon","067","Washington","45.393497","-122.747894"
"01/15/2020","AQS","410670005","1","18.5","ppb","17","Tualatin Bradbury Court (TBC) - Near Road Site","24","100.0000","42602","Nitrogen dioxide (NO2)","38900","Portland-Vancouver-Hillsboro, OR-WA","41","Oregon","067","Washington","45.393497","-122.747894"
"01/16/2020","AQS","410670005","1","28.3","ppb","26","Tualatin Bradbury Court (TBC) - Near Road Site","24","100.0000","42602","Nitrogen dioxide (NO2)","38900","Portland-Vancouver-Hillsboro, OR-WA","41","Oregon","067","Washington","45.393497","-122.747894"
"01/17/2020","AQS","410670005","1","17.2","ppb","16","Tualatin Bradbury Court (TBC) - Near Road Site","24","100.0000","42602","Nitrogen dioxide (NO2)","38900","Portland-Vancouver-Hillsboro, OR-WA","41","Oregon","067","Washington","45.393497","-122.747894"
"01/18/2020","AQS","410670005","1","16.2","ppb","15","Tualatin Bradbury Court (TBC) - Near Road Site","24","100.0000","42602","Nitrogen dioxide (NO2)","38900","Portland-Vancouver-Hillsboro, OR-WA","41","Oregon","067","Washington","45.393497","-122.747894"
"01/19/2020","AQS","410670005","1","10","ppb","9","Tualatin Bradbury Court (TBC) - Near Road Site","24","100.0000","42602","Nitrogen dioxide (NO2)","38900","Portland-Vancouver-Hillsboro, OR-WA","41","Oregon","067","Washington","45.393497","-122.747894"
"01/20/2020","AQS","410670005","1","23.8","ppb","22","Tualatin Bradbury Court (TBC) - Near Road Site","24","100.0000","42602","Nitrogen dioxide (NO2)","38900","Portland-Vancouver-Hillsboro, OR-WA","41","Oregon","067","Washington","45.393497","-122.747894"
"01/21/2020","AQS","410670005","1","17.4","ppb","16","Tualatin Bradbury Court (TBC) - Near Road Site","23","96.0000","42602","Nitrogen dioxide (NO2)","38900","Portland-Vancouver-Hillsboro, OR-WA","41","Oregon","067","Washington","45.393497","-122.747894"
"01/22/2020","AQS","410670005","1","11.9","ppb","10","Tualatin Bradbury Court (TBC) - Near Road Site","22","92.0000","42602","Nitrogen dioxide (NO2)","38900","Portland-Vancouver-Hillsboro, OR-WA","41","Oregon","067","Washington","45.393497","-122.747894"
"01/23/2020","AQS","410670005","1","24.2","ppb","23","Tualatin Bradbury Court (TBC) - Near Road Site","24","100.0000","42602","Nitrogen dioxide (NO2)","38900","Portland-Vancouver-Hillsboro, OR-WA","41","Oregon","067","Washington","45.393497","-122.747894"
"01/24/2020","AQS","410670005","1","22.8","ppb","21","Tualatin Bradbury Court (TBC) - Near Road Site","24","100.0000","42602","Nitrogen dioxide (NO2)","38900","Portland-Vancouver-Hillsboro, OR-WA","41","Oregon","067","Washington","45.393497","-122.747894"
"01/25/2020","AQS","410670005","1","17","ppb","16","Tualatin Bradbury Court (TBC) - Near Road Site","24","100.0000","42602","Nitrogen dioxide (NO2)","38900","Portland-Vancouver-Hillsboro, OR-WA","41","Oregon","067","Washington","45.393497","-122.747894"
"01/26/2020","AQS","410670005","1","17.5","ppb","16","Tualatin Bradbury Court (TBC) - Near Road Site","24","100.0000","42602","Nitrogen dioxide (NO2)","38900","Portland-Vancouver-Hillsboro, OR-WA","41","Oregon","067","Washington","45.393497","-122.747894"
"01/27/2020","AQS","410670005","1","20.5","ppb","19","Tualatin Bradbury Court (TBC) - Near Road Site","24","100.0000","42602","Nitrogen dioxide (NO2)","38900","Portland-Vancouver-Hillsboro, OR-WA","41","Oregon","067","Washington","45.393497","-122.747894"
"01/28/2020","AQS","410670005","1","20.7","ppb","19","Tualatin Bradbury Court (TBC) - Near Road Site","24","100.0000","42602","Nitrogen dioxide (NO2)","38900","Portland-Vancouver-Hillsboro, OR-WA","41","Oregon","067","Washington","45.393497","-122.747894"
"01/29/2020","AQS","410670005","1","24.6","ppb","23","Tualatin Bradbury Court (TBC) - Near Road Site","24","100.0000","42602","Nitrogen dioxide (NO2)","38900","Portland-Vancouver-Hillsboro, OR-WA","41","Oregon","067","Washington","45.393497","-122.747894"
"01/30/2020","AQS","410670005","1","18.3","ppb","17","Tualatin Bradbury Court (TBC) - Near Road Site","22","92.0000","42602","Nitrogen dioxide (NO2)","38900","Portland-Vancouver-Hillsboro, OR-WA","41","Oregon","067","Washington","45.393497","-122.747894"
"01/31/2020","AQS","410670005","1","15","ppb","14","Tualatin Bradbury Court (TBC) - Near Road Site","24","100.0000","42602","Nitrogen dioxide (NO2)","38900","Portland-Vancouver-Hillsboro, OR-WA","41","Oregon","067","Washington","45.393497","-122.747894"
"02/01/2020","AQS","410670005","1","17.6","ppb","16","Tualatin Bradbury Court (TBC) - Near Road Site","24","100.0000","42602","Nitrogen dioxide (NO2)","38900","Portland-Vancouver-Hillsboro, OR-WA","41","Oregon","067","Washington","45.393497","-122.747894"
"02/02/2020","AQS","410670005","1","18.5","ppb","17","Tualatin Bradbury Court (TBC) - Near Road Site","24","100.0000","42602","Nitrogen dioxide (NO2)","38900","Portland-Vancouver-Hillsboro, OR-WA","41","Oregon","067","Washington","45.393497","-122.747894"
"02/03/2020","AQS","410670005","1","25.4","ppb","24","Tualatin Bradbury Court (TBC) - Near Road Site","23","96.0000","42602","Nitrogen dioxide (NO2)","38900","Portland-Vancouver-Hillsboro, OR-WA","41","Oregon","067","Washington","45.393497","-122.747894"
"02/04/2020","AQS","410670005","1","19.2","ppb","18","Tualatin Bradbury Court (TBC) - Near Road Site","24","100.0000","42602","Nitrogen dioxide (NO2)","38900","Portland-Vancouver-Hillsboro, OR-WA","41","Oregon","067","Washington","45.393497","-122.747894"
"02/05/2020","AQS","410670005","1","22.5","ppb","21","Tualatin Bradbury Court (TBC) - Near Road Site","24","100.0000","42602","Nitrogen dioxide (NO2)","38900","Portland-Vancouver-Hillsboro, OR-WA","41","Oregon","067","Washington","45.393497","-122.747894"
"02/06/2020","AQS","410670005","1","20.3","ppb","19","Tualatin Bradbury Court (TBC) - Near Road Site","24","100.0000","42602","Nitrogen dioxide (NO2)","38900","Portland-Vancouver-Hillsboro, OR-WA","41","Oregon","067","Washington","45.393497","-122.747894"
"02/07/2020","AQS","410670005","1","22.3","ppb","21","Tualatin Bradbury Court (TBC) - Near Road Site","24","100.0000","42602","Nitrogen dioxide (NO2)","38900","Portland-Vancouver-Hillsboro, OR-WA","41","Oregon","067","Washington","45.393497","-122.747894"
"02/08/2020","AQS","410670005","1","22","ppb","21","Tualatin Bradbury Court (TBC) - Near Road Site","24","100.0000","42602","Nitrogen dioxide (NO2)","38900","Portland-Vancouver-Hillsboro, OR-WA","41","Oregon","067","Washington","45.393497","-122.747894"
"02/09/2020","AQS","410670005","1","18.8","ppb","17","Tualatin Bradbury Court (TBC) - Near Road Site","24","100.0000","42602","Nitrogen dioxide (NO2)","38900","Portland-Vancouver-Hillsboro, OR-WA","41","Oregon","067","Washington","45.393497","-122.747894"
"02/10/2020","AQS","410670005","1","20.4","ppb","19","Tualatin Bradbury Court (TBC) - Near Road Site","24","100.0000","42602","Nitrogen dioxide (NO2)","38900","Portland-Vancouver-Hillsboro, OR-WA","41","Oregon","067","Washington","45.393497","-122.747894"
"02/11/2020","AQS","410670005","1","16.7","ppb","15","Tualatin Bradbury Court (TBC) - Near Road Site","24","100.0000","42602","Nitrogen dioxide (NO2)","38900","Portland-Vancouver-Hillsboro, OR-WA","41","Oregon","067","Washington","45.393497","-122.747894"
"02/12/2020","AQS","410670005","1","25.3","ppb","24","Tualatin Bradbury Court (TBC) - Near Road Site","24","100.0000","42602","Nitrogen dioxide (NO2)","38900","Portland-Vancouver-Hillsboro, OR-WA","41","Oregon","067","Washington","45.393497","-122.747894"
"02/13/2020","AQS","410670005","1","22","ppb","21","Tualatin Bradbury Court (TBC) - Near Road Site","24","100.0000","42602","Nitrogen dioxide (NO2)","38900","Portland-Vancouver-Hillsboro, OR-WA","41","Oregon","067","Washington","45.393497","-122.747894"
"02/14/2020","AQS","410670005","1","25.5","ppb","24","Tualatin Bradbury Court (TBC) - Near Road Site","23","96.0000","42602","Nitrogen dioxide (NO2)","38900","Portland-Vancouver-Hillsboro, OR-WA","41","Oregon","067","Washington","45.393497","-122.747894"
"02/15/2020","AQS","410670005","1","16.3","ppb","15","Tualatin Bradbury Court (TBC) - Near Road Site","24","100.0000","42602","Nitrogen dioxide (NO2)","38900","Portland-Vancouver-Hillsboro, OR-WA","41","Oregon","067","Washington","45.393497","-122.747894"
"02/16/2020","AQS","410670005","1","15.7","ppb","14","Tualatin Bradbury Court (TBC) - Near Road Site","24","100.0000","42602","Nitrogen dioxide (NO2)","38900","Portland-Vancouver-Hillsboro, OR-WA","41","Oregon","067","Washington","45.393497","-122.747894"
"02/17/2020","AQS","410670005","1","30","ppb","28","Tualatin Bradbury Court (TBC) - Near Road Site","24","100.0000","42602","Nitrogen dioxide (NO2)","38900","Portland-Vancouver-Hillsboro, OR-WA","41","Oregon","067","Washington","45.393497","-122.747894"
"02/18/2020","AQS","410670005","1","28.8","ppb","26","Tualatin Bradbury Court (TBC) - Near Road Site","23","96.0000","42602","Nitrogen dioxide (NO2)","38900","Portland-Vancouver-Hillsboro, OR-WA","41","Oregon","067","Washington","45.393497","-122.747894"
"02/19/2020","AQS","410670005","1","5.1","ppb","5","Tualatin Bradbury Court (TBC) - Near Road Site","23","96.0000","42602","Nitrogen dioxide (NO2)","38900","Portland-Vancouver-Hillsboro, OR-WA","41","Oregon","067","Washington","45.393497","-122.747894"
"02/20/2020","AQS","410670005","1","27.5","ppb","25","Tualatin Bradbury Court (TBC) - Near Road Site","23","96.0000","42602","Nitrogen dioxide (NO2)","38900","Portland-Vancouver-Hillsboro, OR-WA","41","Oregon","067","Washington","45.393497","-122.747894"
"02/21/2020","AQS","410670005","1","28.4","ppb","26","Tualatin Bradbury Court (TBC) - Near Road Site","23","96.0000","42602","Nitrogen dioxide (NO2)","38900","Portland-Vancouver-Hillsboro, OR-WA","41","Oregon","067","Washington","45.393497","-122.747894"
"02/22/2020","AQS","410670005","1","21.6","ppb","20","Tualatin Bradbury Court (TBC) - Near Road Site","24","100.0000","42602","Nitrogen dioxide (NO2)","38900","Portland-Vancouver-Hillsboro, OR-WA","41","Oregon","067","Washington","45.393497","-122.747894"
"02/24/2020","AQS","410670005","1","26.1","ppb","25","Tualatin Bradbury Court (TBC) - Near Road Site","24","100.0000","42602","Nitrogen dioxide (NO2)","38900","Portland-Vancouver-Hillsboro, OR-WA","41","Oregon","067","Washington","45.393497","-122.747894"
"02/25/2020","AQS","410670005","1","28.6","ppb","26","Tualatin Bradbury Court (TBC) - Near Road Site","24","100.0000","42602","Nitrogen dioxide (NO2)","38900","Portland-Vancouver-Hillsboro, OR-WA","41","Oregon","067","Washington","45.393497","-122.747894"
"02/26/2020","AQS","410670005","1","27.3","ppb","25","Tualatin Bradbury Court (TBC) - Near Road Site","24","100.0000","42602","Nitrogen dioxide (NO2)","38900","Portland-Vancouver-Hillsboro, OR-WA","41","Oregon","067","Washington","45.393497","-122.747894"
"02/27/2020","AQS","410670005","1","28","ppb","26","Tualatin Bradbury Court (TBC) - Near Road Site","24","100.0000","42602","Nitrogen dioxide (NO2)","38900","Portland-Vancouver-Hillsboro, OR-WA","41","Oregon","067","Washington","45.393497","-122.747894"
"02/28/2020","AQS","410670005","1","20","ppb","19","Tualatin Bradbury Court (TBC) - Near Road Site","23","96.0000","42602","Nitrogen dioxide (NO2)","38900","Portland-Vancouver-Hillsboro, OR-WA","41","Oregon","067","Washington","45.393497","-122.747894"
"02/29/2020","AQS","410670005","1","16.1","ppb","15","Tualatin Bradbury Court (TBC) - Near Road Site","23","96.0000","42602","Nitrogen dioxide (NO2)","38900","Portland-Vancouver-Hillsboro, OR-WA","41","Oregon","067","Washington","45.393497","-122.747894"
"03/01/2020","AQS","410670005","1","19.1","ppb","18","Tualatin Bradbury Court (TBC) - Near Road Site","24","100.0000","42602","Nitrogen dioxide (NO2)","38900","Portland-Vancouver-Hillsboro, OR-WA","41","Oregon","067","Washington","45.393497","-122.747894"
"03/02/2020","AQS","410670005","1","20.9","ppb","19","Tualatin Bradbury Court (TBC) - Near Road Site","24","100.0000","42602","Nitrogen dioxide (NO2)","38900","Portland-Vancouver-Hillsboro, OR-WA","41","Oregon","067","Washington","45.393497","-122.747894"
"03/03/2020","AQS","410670005","1","16.9","ppb","15","Tualatin Bradbury Court (TBC) - Near Road Site","24","100.0000","42602","Nitrogen dioxide (NO2)","38900","Portland-Vancouver-Hillsboro, OR-WA","41","Oregon","067","Washington","45.393497","-122.747894"
"03/04/2020","AQS","410670005","1","26.6","ppb","25","Tualatin Bradbury Court (TBC) - Near Road Site","24","100.0000","42602","Nitrogen dioxide (NO2)","38900","Portland-Vancouver-Hillsboro, OR-WA","41","Oregon","067","Washington","45.393497","-122.747894"
"03/05/2020","AQS","410670005","1","21.7","ppb","20","Tualatin Bradbury Court (TBC) - Near Road Site","24","100.0000","42602","Nitrogen dioxide (NO2)","38900","Portland-Vancouver-Hillsboro, OR-WA","41","Oregon","067","Washington","45.393497","-122.747894"
"03/06/2020","AQS","410670005","1","29.7","ppb","27","Tualatin Bradbury Court (TBC) - Near Road Site","23","96.0000","42602","Nitrogen dioxide (NO2)","38900","Portland-Vancouver-Hillsboro, OR-WA","41","Oregon","067","Washington","45.393497","-122.747894"
"03/07/2020","AQS","410670005","1","12.3","ppb","11","Tualatin Bradbury Court (TBC) - Near Road Site","24","100.0000","42602","Nitrogen dioxide (NO2)","38900","Portland-Vancouver-Hillsboro, OR-WA","41","Oregon","067","Washington","45.393497","-122.747894"
"03/08/2020","AQS","410670005","1","17.5","ppb","16","Tualatin Bradbury Court (TBC) - Near Road Site","24","100.0000","42602","Nitrogen dioxide (NO2)","38900","Portland-Vancouver-Hillsboro, OR-WA","41","Oregon","067","Washington","45.393497","-122.747894"
"03/09/2020","AQS","410670005","1","25.5","ppb","24","Tualatin Bradbury Court (TBC) - Near Road Site","24","100.0000","42602","Nitrogen dioxide (NO2)","38900","Portland-Vancouver-Hillsboro, OR-WA","41","Oregon","067","Washington","45.393497","-122.747894"
"03/10/2020","AQS","410670005","1","29.8","ppb","27","Tualatin Bradbury Court (TBC) - Near Road Site","22","92.0000","42602","Nitrogen dioxide (NO2)","38900","Portland-Vancouver-Hillsboro, OR-WA","41","Oregon","067","Washington","45.393497","-122.747894"
"03/11/2020","AQS","410670005","1","21.9","ppb","20","Tualatin Bradbury Court (TBC) - Near Road Site","23","96.0000","42602","Nitrogen dioxide (NO2)","38900","Portland-Vancouver-Hillsboro, OR-WA","41","Oregon","067","Washington","45.393497","-122.747894"
"03/12/2020","AQS","410670005","1","21.7","ppb","20","Tualatin Bradbury Court (TBC) - Near Road Site","23","96.0000","42602","Nitrogen dioxide (NO2)","38900","Portland-Vancouver-Hillsboro, OR-WA","41","Oregon","067","Washington","45.393497","-122.747894"
"03/13/2020","AQS","410670005","1","36.9","ppb","34","Tualatin Bradbury Court (TBC) - Near Road Site","24","100.0000","42602","Nitrogen dioxide (NO2)","38900","Portland-Vancouver-Hillsboro, OR-WA","41","Oregon","067","Washington","45.393497","-122.747894"
"03/14/2020","AQS","410670005","1","20.1","ppb","19","Tualatin Bradbury Court (TBC) - Near Road Site","24","100.0000","42602","Nitrogen dioxide (NO2)","38900","Portland-Vancouver-Hillsboro, OR-WA","41","Oregon","067","Washington","45.393497","-122.747894"
"03/15/2020","AQS","410670005","1","3.2","ppb","3","Tualatin Bradbury Court (TBC) - Near Road Site","24","100.0000","42602","Nitrogen dioxide (NO2)","38900","Portland-Vancouver-Hillsboro, OR-WA","41","Oregon","067","Washington","45.393497","-122.747894"
"03/16/2020","AQS","410670005","1","26.8","ppb","25","Tualatin Bradbury Court (TBC) - Near Road Site","24","100.0000","42602","Nitrogen dioxide (NO2)","38900","Portland-Vancouver-Hillsboro, OR-WA","41","Oregon","067","Washington","45.393497","-122.747894"
"03/17/2020","AQS","410670005","1","35.7","ppb","33","Tualatin Bradbury Court (TBC) - Near Road Site","23","96.0000","42602","Nitrogen dioxide (NO2)","38900","Portland-Vancouver-Hillsboro, OR-WA","41","Oregon","067","Washington","45.393497","-122.747894"
"03/18/2020","AQS","410670005","1","26.3","ppb","25","Tualatin Bradbury Court (TBC) - Near Road Site","24","100.0000","42602","Nitrogen dioxide (NO2)","38900","Portland-Vancouver-Hillsboro, OR-WA","41","Oregon","067","Washington","45.393497","-122.747894"
"03/19/2020","AQS","410670005","1","27.1","ppb","25","Tualatin Bradbury Court (TBC) - Near Road Site","23","96.0000","42602","Nitrogen dioxide (NO2)","38900","Portland-Vancouver-Hillsboro, OR-WA","41","Oregon","067","Washington","45.393497","-122.747894"
"03/20/2020","AQS","410670005","1","23.2","ppb","22","Tualatin Bradbury Court (TBC) - Near Road Site","24","100.0000","42602","Nitrogen dioxide (NO2)","38900","Portland-Vancouver-Hillsboro, OR-WA","41","Oregon","067","Washington","45.393497","-122.747894"
"03/21/2020","AQS","410670005","1","23.3","ppb","22","Tualatin Bradbury Court (TBC) - Near Road Site","24","100.0000","42602","Nitrogen dioxide (NO2)","38900","Portland-Vancouver-Hillsboro, OR-WA","41","Oregon","067","Washington","45.393497","-122.747894"
"03/22/2020","AQS","410670005","1","21.8","ppb","20","Tualatin Bradbury Court (TBC) - Near Road Site","24","100.0000","42602","Nitrogen dioxide (NO2)","38900","Portland-Vancouver-Hillsboro, OR-WA","41","Oregon","067","Washington","45.393497","-122.747894"
"03/23/2020","AQS","410670005","1","22.4","ppb","21","Tualatin Bradbury Court (TBC) - Near Road Site","24","100.0000","42602","Nitrogen dioxide (NO2)","38900","Portland-Vancouver-Hillsboro, OR-WA","41","Oregon","067","Washington","45.393497","-122.747894"
"03/24/2020","AQS","410670005","1","21.9","ppb","20","Tualatin Bradbury Court (TBC) - Near Road Site","24","100.0000","42602","Nitrogen dioxide (NO2)","38900","Portland-Vancouver-Hillsboro, OR-WA","41","Oregon","067","Washington","45.393497","-122.747894"
"03/25/2020","AQS","410670005","1","22","ppb","21","Tualatin Bradbury Court (TBC) - Near Road Site","24","100.0000","42602","Nitrogen dioxide (NO2)","38900","Portland-Vancouver-Hillsboro, OR-WA","41","Oregon","067","Washington","45.393497","-122.747894"
"03/26/2020","AQS","410670005","1","19.2","ppb","18","Tualatin Bradbury Court (TBC) - Near Road Site","24","100.0000","42602","Nitrogen dioxide (NO2)","38900","Portland-Vancouver-Hillsboro, OR-WA","41","Oregon","067","Washington","45.393497","-122.747894"
"03/27/2020","AQS","410670005","1","16.6","ppb","15","Tualatin Bradbury Court (TBC) - Near Road Site","20","83.0000","42602","Nitrogen dioxide (NO2)","38900","Portland-Vancouver-Hillsboro, OR-WA","41","Oregon","067","Washington","45.393497","-122.747894"
"03/28/2020","AQS","410670005","1","5.3","ppb","5","Tualatin Bradbury Court (TBC) - Near Road Site","22","92.0000","42602","Nitrogen dioxide (NO2)","38900","Portland-Vancouver-Hillsboro, OR-WA","41","Oregon","067","Washington","45.393497","-122.747894"
"03/29/2020","AQS","410670005","1","8.8","ppb","8","Tualatin Bradbury Court (TBC) - Near Road Site","24","100.0000","42602","Nitrogen dioxide (NO2)","38900","Portland-Vancouver-Hillsboro, OR-WA","41","Oregon","067","Washington","45.393497","-122.747894"
"03/30/2020","AQS","410670005","1","23.1","ppb","22","Tualatin Bradbury Court (TBC) - Near Road Site","24","100.0000","42602","Nitrogen dioxide (NO2)","38900","Portland-Vancouver-Hillsboro, OR-WA","41","Oregon","067","Washington","45.393497","-122.747894"
"03/31/2020","AQS","410670005","1","27.1","ppb","25","Tualatin Bradbury Court (TBC) - Near Road Site","24","100.0000","42602","Nitrogen dioxide (NO2)","38900","Portland-Vancouver-Hillsboro, OR-WA","41","Oregon","067","Washington","45.393497","-122.747894"
"04/01/2020","AQS","410670005","1","19.4","ppb","18","Tualatin Bradbury Court (TBC) - Near Road Site","24","100.0000","42602","Nitrogen dioxide (NO2)","38900","Portland-Vancouver-Hillsboro, OR-WA","41","Oregon","067","Washington","45.393497","-122.747894"
"04/02/2020","AQS","410670005","1","17.9","ppb","16","Tualatin Bradbury Court (TBC) - Near Road Site","24","100.0000","42602","Nitrogen dioxide (NO2)","38900","Portland-Vancouver-Hillsboro, OR-WA","41","Oregon","067","Washington","45.393497","-122.747894"
"04/03/2020","AQS","410670005","1","17.9","ppb","16","Tualatin Bradbury Court (TBC) - Near Road Site","24","100.0000","42602","Nitrogen dioxide (NO2)","38900","Portland-Vancouver-Hillsboro, OR-WA","41","Oregon","067","Washington","45.393497","-122.747894"
"04/04/2020","AQS","410670005","1","17","ppb","16","Tualatin Bradbury Court (TBC) - Near Road Site","24","100.0000","42602","Nitrogen dioxide (NO2)","38900","Portland-Vancouver-Hillsboro, OR-WA","41","Oregon","067","Washington","45.393497","-122.747894"
"04/05/2020","AQS","410670005","1","21","ppb","20","Tualatin Bradbury Court (TBC) - Near Road Site","24","100.0000","42602","Nitrogen dioxide (NO2)","38900","Portland-Vancouver-Hillsboro, OR-WA","41","Oregon","067","Washington","45.393497","-122.747894"
"04/06/2020","AQS","410670005","1","18.5","ppb","17","Tualatin Bradbury Court (TBC) - Near Road Site","22","92.0000","42602","Nitrogen dioxide (NO2)","38900","Portland-Vancouver-Hillsboro, OR-WA","41","Oregon","067","Washington","45.393497","-122.747894"
"04/07/2020","AQS","410670005","1","23.3","ppb","22","Tualatin Bradbury Court (TBC) - Near Road Site","24","100.0000","42602","Nitrogen dioxide (NO2)","38900","Portland-Vancouver-Hillsboro, OR-WA","41","Oregon","067","Washington","45.393497","-122.747894"
"04/08/2020","AQS","410670005","1","22.4","ppb","21","Tualatin Bradbury Court (TBC) - Near Road Site","24","100.0000","42602","Nitrogen dioxide (NO2)","38900","Portland-Vancouver-Hillsboro, OR-WA","41","Oregon","067","Washington","45.393497","-122.747894"
"04/09/2020","AQS","410670005","1","29.8","ppb","27","Tualatin Bradbury Court (TBC) - Near Road Site","24","100.0000","42602","Nitrogen dioxide (NO2)","38900","Portland-Vancouver-Hillsboro, OR-WA","41","Oregon","067","Washington","45.393497","-122.747894"
"04/11/2020","AQS","410670005","1","12.4","ppb","11","Tualatin Bradbury Court (TBC) - Near Road Site","24","100.0000","42602","Nitrogen dioxide (NO2)","38900","Portland-Vancouver-Hillsboro, OR-WA","41","Oregon","067","Washington","45.393497","-122.747894"
"04/12/2020","AQS","410670005","1","18.5","ppb","17","Tualatin Bradbury Court (TBC) - Near Road Site","24","100.0000","42602","Nitrogen dioxide (NO2)","38900","Portland-Vancouver-Hillsboro, OR-WA","41","Oregon","067","Washington","45.393497","-122.747894"
"04/13/2020","AQS","410670005","1","35.2","ppb","33","Tualatin Bradbury Court (TBC) - Near Road Site","24","100.0000","42602","Nitrogen dioxide (NO2)","38900","Portland-Vancouver-Hillsboro, OR-WA","41","Oregon","067","Washington","45.393497","-122.747894"
"04/14/2020","AQS","410670005","1","29.3","ppb","27","Tualatin Bradbury Court (TBC) - Near Road Site","22","92.0000","42602","Nitrogen dioxide (NO2)","38900","Portland-Vancouver-Hillsboro, OR-WA","41","Oregon","067","Washington","45.393497","-122.747894"
"04/15/2020","AQS","410670005","1","15.7","ppb","14","Tualatin Bradbury Court (TBC) - Near Road Site","23","96.0000","42602","Nitrogen dioxide (NO2)","38900","Portland-Vancouver-Hillsboro, OR-WA","41","Oregon","067","Washington","45.393497","-122.747894"
"04/16/2020","AQS","410670005","1","23.4","ppb","22","Tualatin Bradbury Court (TBC) - Near Road Site","22","92.0000","42602","Nitrogen dioxide (NO2)","38900","Portland-Vancouver-Hillsboro, OR-WA","41","Oregon","067","Washington","45.393497","-122.747894"
"04/17/2020","AQS","410670005","1","33.7","ppb","31","Tualatin Bradbury Court (TBC) - Near Road Site","24","100.0000","42602","Nitrogen dioxide (NO2)","38900","Portland-Vancouver-Hillsboro, OR-WA","41","Oregon","067","Washington","45.393497","-122.747894"
"04/18/2020","AQS","410670005","1","16.6","ppb","15","Tualatin Bradbury Court (TBC) - Near Road Site","24","100.0000","42602","Nitrogen dioxide (NO2)","38900","Portland-Vancouver-Hillsboro, OR-WA","41","Oregon","067","Washington","45.393497","-122.747894"
"04/19/2020","AQS","410670005","1","12.2","ppb","11","Tualatin Bradbury Court (TBC) - Near Road Site","24","100.0000","42602","Nitrogen dioxide (NO2)","38900","Portland-Vancouver-Hillsboro, OR-WA","41","Oregon","067","Washington","45.393497","-122.747894"
"04/20/2020","AQS","410670005","1","15.8","ppb","14","Tualatin Bradbury Court (TBC) - Near Road Site","22","92.0000","42602","Nitrogen dioxide (NO2)","38900","Portland-Vancouver-Hillsboro, OR-WA","41","Oregon","067","Washington","45.393497","-122.747894"
"04/21/2020","AQS","410670005","1","20.1","ppb","19","Tualatin Bradbury Court (TBC) - Near Road Site","24","100.0000","42602","Nitrogen dioxide (NO2)","38900","Portland-Vancouver-Hillsboro, OR-WA","41","Oregon","067","Washington","45.393497","-122.747894"
"04/22/2020","AQS","410670005","1","14.7","ppb","13","Tualatin Bradbury Court (TBC) - Near Road Site","24","100.0000","42602","Nitrogen dioxide (NO2)","38900","Portland-Vancouver-Hillsboro, OR-WA","41","Oregon","067","Washington","45.393497","-122.747894"
"04/23/2020","AQS","410670005","1","26","ppb","25","Tualatin Bradbury Court (TBC) - Near Road Site","24","100.0000","42602","Nitrogen dioxide (NO2)","38900","Portland-Vancouver-Hillsboro, OR-WA","41","Oregon","067","Washington","45.393497","-122.747894"
"04/24/2020","AQS","410670005","1","16.3","ppb","15","Tualatin Bradbury Court (TBC) - Near Road Site","23","96.0000","42602","Nitrogen dioxide (NO2)","38900","Portland-Vancouver-Hillsboro, OR-WA","41","Oregon","067","Washington","45.393497","-122.747894"
"04/25/2020","AQS","410670005","1","10.5","ppb","9","Tualatin Bradbury Court (TBC) - Near Road Site","24","100.0000","42602","Nitrogen dioxide (NO2)","38900","Portland-Vancouver-Hillsboro, OR-WA","41","Oregon","067","Washington","45.393497","-122.747894"
"04/26/2020","AQS","410670005","1","14.4","ppb","13","Tualatin Bradbury Court (TBC) - Near Road Site","24","100.0000","42602","Nitrogen dioxide (NO2)","38900","Portland-Vancouver-Hillsboro, OR-WA","41","Oregon","067","Washington","45.393497","-122.747894"
"04/27/2020","AQS","410670005","1","19.7","ppb","18","Tualatin Bradbury Court (TBC) - Near Road Site","24","100.0000","42602","Nitrogen dioxide (NO2)","38900","Portland-Vancouver-Hillsboro, OR-WA","41","Oregon","067","Washington","45.393497","-122.747894"
"04/28/2020","AQS","410670005","1","20.8","ppb","19","Tualatin Bradbury Court (TBC) - Near Road Site","23","96.0000","42602","Nitrogen dioxide (NO2)","38900","Portland-Vancouver-Hillsboro, OR-WA","41","Oregon","067","Washington","45.393497","-122.747894"
"04/29/2020","AQS","410670005","1","20.2","ppb","19","Tualatin Bradbury Court (TBC) - Near Road Site","24","100.0000","42602","Nitrogen dioxide (NO2)","38900","Portland-Vancouver-Hillsboro, OR-WA","41","Oregon","067","Washington","45.393497","-122.747894"
"04/30/2020","AQS","410670005","1","26","ppb","25","Tualatin Bradbury Court (TBC) - Near Road Site","24","100.0000","42602","Nitrogen dioxide (NO2)","38900","Portland-Vancouver-Hillsboro, OR-WA","41","Oregon","067","Washington","45.393497","-122.747894"
"05/01/2020","AQS","410670005","1","21.7","ppb","20","Tualatin Bradbury Court (TBC) - Near Road Site","24","100.0000","42602","Nitrogen dioxide (NO2)","38900","Portland-Vancouver-Hillsboro, OR-WA","41","Oregon","067","Washington","45.393497","-122.747894"
"05/02/2020","AQS","410670005","1","12.5","ppb","11","Tualatin Bradbury Court (TBC) - Near Road Site","24","100.0000","42602","Nitrogen dioxide (NO2)","38900","Portland-Vancouver-Hillsboro, OR-WA","41","Oregon","067","Washington","45.393497","-122.747894"
"05/03/2020","AQS","410670005","1","8.4","ppb","8","Tualatin Bradbury Court (TBC) - Near Road Site","24","100.0000","42602","Nitrogen dioxide (NO2)","38900","Portland-Vancouver-Hillsboro, OR-WA","41","Oregon","067","Washington","45.393497","-122.747894"
"05/04/2020","AQS","410670005","1","19.1","ppb","18","Tualatin Bradbury Court (TBC) - Near Road Site","23","96.0000","42602","Nitrogen dioxide (NO2)","38900","Portland-Vancouver-Hillsboro, OR-WA","41","Oregon","067","Washington","45.393497","-122.747894"
"05/05/2020","AQS","410670005","1","19.2","ppb","18","Tualatin Bradbury Court (TBC) - Near Road Site","24","100.0000","42602","Nitrogen dioxide (NO2)","38900","Portland-Vancouver-Hillsboro, OR-WA","41","Oregon","067","Washington","45.393497","-122.747894"
"05/06/2020","AQS","410670005","1","21.3","ppb","20","Tualatin Bradbury Court (TBC) - Near Road Site","24","100.0000","42602","Nitrogen dioxide (NO2)","38900","Portland-Vancouver-Hillsboro, OR-WA","41","Oregon","067","Washington","45.393497","-122.747894"
"05/07/2020","AQS","410670005","1","24.2","ppb","23","Tualatin Bradbury Court (TBC) - Near Road Site","24","100.0000","42602","Nitrogen dioxide (NO2)","38900","Portland-Vancouver-Hillsboro, OR-WA","41","Oregon","067","Washington","45.393497","-122.747894"
"05/08/2020","AQS","410670005","1","2.8","ppb","2","Tualatin Bradbury Court (TBC) - Near Road Site","24","100.0000","42602","Nitrogen dioxide (NO2)","38900","Portland-Vancouver-Hillsboro, OR-WA","41","Oregon","067","Washington","45.393497","-122.747894"
"05/09/2020","AQS","410670005","1","7.4","ppb","7","Tualatin Bradbury Court (TBC) - Near Road Site","24","100.0000","42602","Nitrogen dioxide (NO2)","38900","Portland-Vancouver-Hillsboro, OR-WA","41","Oregon","067","Washington","45.393497","-122.747894"
"05/10/2020","AQS","410670005","1","15.2","ppb","14","Tualatin Bradbury Court (TBC) - Near Road Site","24","100.0000","42602","Nitrogen dioxide (NO2)","38900","Portland-Vancouver-Hillsboro, OR-WA","41","Oregon","067","Washington","45.393497","-122.747894"
"05/11/2020","AQS","410670005","1","21.4","ppb","20","Tualatin Bradbury Court (TBC) - Near Road Site","24","100.0000","42602","Nitrogen dioxide (NO2)","38900","Portland-Vancouver-Hillsboro, OR-WA","41","Oregon","067","Washington","45.393497","-122.747894"
"05/12/2020","AQS","410670005","1","15.1","ppb","14","Tualatin Bradbury Court (TBC) - Near Road Site","23","96.0000","42602","Nitrogen dioxide (NO2)","38900","Portland-Vancouver-Hillsboro, OR-WA","41","Oregon","067","Washington","45.393497","-122.747894"
"05/13/2020","AQS","410670005","1","10.4","ppb","9","Tualatin Bradbury Court (TBC) - Near Road Site","24","100.0000","42602","Nitrogen dioxide (NO2)","38900","Portland-Vancouver-Hillsboro, OR-WA","41","Oregon","067","Washington","45.393497","-122.747894"
"05/14/2020","AQS","410670005","1","28.1","ppb","26","Tualatin Bradbury Court (TBC) - Near Road Site","24","100.0000","42602","Nitrogen dioxide (NO2)","38900","Portland-Vancouver-Hillsboro, OR-WA","41","Oregon","067","Washington","45.393497","-122.747894"
"05/15/2020","AQS","410670005","1","20.3","ppb","19","Tualatin Bradbury Court (TBC) - Near Road Site","24","100.0000","42602","Nitrogen dioxide (NO2)","38900","Portland-Vancouver-Hillsboro, OR-WA","41","Oregon","067","Washington","45.393497","-122.747894"
"05/16/2020","AQS","410670005","1","12.8","ppb","11","Tualatin Bradbury Court (TBC) - Near Road Site","24","100.0000","42602","Nitrogen dioxide (NO2)","38900","Portland-Vancouver-Hillsboro, OR-WA","41","Oregon","067","Washington","45.393497","-122.747894"
"05/17/2020","AQS","410670005","1","9.2","ppb","8","Tualatin Bradbury Court (TBC) - Near Road Site","24","100.0000","42602","Nitrogen dioxide (NO2)","38900","Portland-Vancouver-Hillsboro, OR-WA","41","Oregon","067","Washington","45.393497","-122.747894"
"05/18/2020","AQS","410670005","1","23.2","ppb","22","Tualatin Bradbury Court (TBC) - Near Road Site","23","96.0000","42602","Nitrogen dioxide (NO2)","38900","Portland-Vancouver-Hillsboro, OR-WA","41","Oregon","067","Washington","45.393497","-122.747894"
"05/19/2020","AQS","410670005","1","15.8","ppb","14","Tualatin Bradbury Court (TBC) - Near Road Site","24","100.0000","42602","Nitrogen dioxide (NO2)","38900","Portland-Vancouver-Hillsboro, OR-WA","41","Oregon","067","Washington","45.393497","-122.747894"
"05/20/2020","AQS","410670005","1","19","ppb","18","Tualatin Bradbury Court (TBC) - Near Road Site","22","92.0000","42602","Nitrogen dioxide (NO2)","38900","Portland-Vancouver-Hillsboro, OR-WA","41","Oregon","067","Washington","45.393497","-122.747894"
"05/21/2020","AQS","410670005","1","24.5","ppb","23","Tualatin Bradbury Court (TBC) - Near Road Site","24","100.0000","42602","Nitrogen dioxide (NO2)","38900","Portland-Vancouver-Hillsboro, OR-WA","41","Oregon","067","Washington","45.393497","-122.747894"
"05/22/2020","AQS","410670005","1","17.9","ppb","16","Tualatin Bradbury Court (TBC) - Near Road Site","24","100.0000","42602","Nitrogen dioxide (NO2)","38900","Portland-Vancouver-Hillsboro, OR-WA","41","Oregon","067","Washington","45.393497","-122.747894"
"05/23/2020","AQS","410670005","1","11.3","ppb","10","Tualatin Bradbury Court (TBC) - Near Road Site","24","100.0000","42602","Nitrogen dioxide (NO2)","38900","Portland-Vancouver-Hillsboro, OR-WA","41","Oregon","067","Washington","45.393497","-122.747894"
"05/24/2020","AQS","410670005","1","12.6","ppb","11","Tualatin Bradbury Court (TBC) - Near Road Site","24","100.0000","42602","Nitrogen dioxide (NO2)","38900","Portland-Vancouver-Hillsboro, OR-WA","41","Oregon","067","Washington","45.393497","-122.747894"
"05/25/2020","AQS","410670005","1","10.3","ppb","9","Tualatin Bradbury Court (TBC) - Near Road Site","24","100.0000","42602","Nitrogen dioxide (NO2)","38900","Portland-Vancouver-Hillsboro, OR-WA","41","Oregon","067","Washington","45.393497","-122.747894"
"05/26/2020","AQS","410670005","1","13.5","ppb","12","Tualatin Bradbury Court (TBC) - Near Road Site","23","96.0000","42602","Nitrogen dioxide (NO2)","38900","Portland-Vancouver-Hillsboro, OR-WA","41","Oregon","067","Washington","45.393497","-122.747894"
"05/27/2020","AQS","410670005","1","17.7","ppb","16","Tualatin Bradbury Court (TBC) - Near Road Site","24","100.0000","42602","Nitrogen dioxide (NO2)","38900","Portland-Vancouver-Hillsboro, OR-WA","41","Oregon","067","Washington","45.393497","-122.747894"
"05/28/2020","AQS","410670005","1","32.5","ppb","30","Tualatin Bradbury Court (TBC) - Near Road Site","24","100.0000","42602","Nitrogen dioxide (NO2)","38900","Portland-Vancouver-Hillsboro, OR-WA","41","Oregon","067","Washington","45.393497","-122.747894"
"05/29/2020","AQS","410670005","1","25.4","ppb","24","Tualatin Bradbury Court (TBC) - Near Road Site","24","100.0000","42602","Nitrogen dioxide (NO2)","38900","Portland-Vancouver-Hillsboro, OR-WA","41","Oregon","067","Washington","45.393497","-122.747894"
"05/30/2020","AQS","410670005","1","11.9","ppb","10","Tualatin Bradbury Court (TBC) - Near Road Site","24","100.0000","42602","Nitrogen dioxide (NO2)","38900","Portland-Vancouver-Hillsboro, OR-WA","41","Oregon","067","Washington","45.393497","-122.747894"
"05/31/2020","AQS","410670005","1","9.7","ppb","8","Tualatin Bradbury Court (TBC) - Near Road Site","24","100.0000","42602","Nitrogen dioxide (NO2)","38900","Portland-Vancouver-Hillsboro, OR-WA","41","Oregon","067","Washington","45.393497","-122.747894"
"06/01/2020","AQS","410670005","1","17.8","ppb","16","Tualatin Bradbury Court (TBC) - Near Road Site","23","96.0000","42602","Nitrogen dioxide (NO2)","38900","Portland-Vancouver-Hillsboro, OR-WA","41","Oregon","067","Washington","45.393497","-122.747894"
"06/02/2020","AQS","410670005","1","16.8","ppb","15","Tualatin Bradbury Court (TBC) - Near Road Site","24","100.0000","42602","Nitrogen dioxide (NO2)","38900","Portland-Vancouver-Hillsboro, OR-WA","41","Oregon","067","Washington","45.393497","-122.747894"
"06/03/2020","AQS","410670005","1","17.5","ppb","16","Tualatin Bradbury Court (TBC) - Near Road Site","24","100.0000","42602","Nitrogen dioxide (NO2)","38900","Portland-Vancouver-Hillsboro, OR-WA","41","Oregon","067","Washington","45.393497","-122.747894"
"06/04/2020","AQS","410670005","1","11.9","ppb","10","Tualatin Bradbury Court (TBC) - Near Road Site","24","100.0000","42602","Nitrogen dioxide (NO2)","38900","Portland-Vancouver-Hillsboro, OR-WA","41","Oregon","067","Washington","45.393497","-122.747894"
"06/05/2020","AQS","410670005","1","20.7","ppb","19","Tualatin Bradbury Court (TBC) - Near Road Site","24","100.0000","42602","Nitrogen dioxide (NO2)","38900","Portland-Vancouver-Hillsboro, OR-WA","41","Oregon","067","Washington","45.393497","-122.747894"
"06/06/2020","AQS","410670005","1","10.6","ppb","9","Tualatin Bradbury Court (TBC) - Near Road Site","24","100.0000","42602","Nitrogen dioxide (NO2)","38900","Portland-Vancouver-Hillsboro, OR-WA","41","Oregon","067","Washington","45.393497","-122.747894"
"06/07/2020","AQS","410670005","1","15.4","ppb","14","Tualatin Bradbury Court (TBC) - Near Road Site","23","96.0000","42602","Nitrogen dioxide (NO2)","38900","Portland-Vancouver-Hillsboro, OR-WA","41","Oregon","067","Washington","45.393497","-122.747894"
"06/08/2020","AQS","410670005","1","14.3","ppb","13","Tualatin Bradbury Court (TBC) - Near Road Site","23","96.0000","42602","Nitrogen dioxide (NO2)","38900","Portland-Vancouver-Hillsboro, OR-WA","41","Oregon","067","Washington","45.393497","-122.747894"
"06/09/2020","AQS","410670005","1","15.1","ppb","14","Tualatin Bradbury Court (TBC) - Near Road Site","23","96.0000","42602","Nitrogen dioxide (NO2)","38900","Portland-Vancouver-Hillsboro, OR-WA","41","Oregon","067","Washington","45.393497","-122.747894"
"06/16/2020","AQS","410670005","1","15.9","ppb","14","Tualatin Bradbury Court (TBC) - Near Road Site","22","92.0000","42602","Nitrogen dioxide (NO2)","38900","Portland-Vancouver-Hillsboro, OR-WA","41","Oregon","067","Washington","45.393497","-122.747894"
"06/17/2020","AQS","410670005","1","14.3","ppb","13","Tualatin Bradbury Court (TBC) - Near Road Site","23","96.0000","42602","Nitrogen dioxide (NO2)","38900","Portland-Vancouver-Hillsboro, OR-WA","41","Oregon","067","Washington","45.393497","-122.747894"
"06/18/2020","AQS","410670005","1","16.8","ppb","15","Tualatin Bradbury Court (TBC) - Near Road Site","24","100.0000","42602","Nitrogen dioxide (NO2)","38900","Portland-Vancouver-Hillsboro, OR-WA","41","Oregon","067","Washington","45.393497","-122.747894"
"06/19/2020","AQS","410670005","1","16.8","ppb","15","Tualatin Bradbury Court (TBC) - Near Road Site","24","100.0000","42602","Nitrogen dioxide (NO2)","38900","Portland-Vancouver-Hillsboro, OR-WA","41","Oregon","067","Washington","45.393497","-122.747894"
"06/20/2020","AQS","410670005","1","9.2","ppb","8","Tualatin Bradbury Court (TBC) - Near Road Site","24","100.0000","42602","Nitrogen dioxide (NO2)","38900","Portland-Vancouver-Hillsboro, OR-WA","41","Oregon","067","Washington","45.393497","-122.747894"
"06/21/2020","AQS","410670005","1","8.3","ppb","8","Tualatin Bradbury Court (TBC) - Near Road Site","24","100.0000","42602","Nitrogen dioxide (NO2)","38900","Portland-Vancouver-Hillsboro, OR-WA","41","Oregon","067","Washington","45.393497","-122.747894"
"06/22/2020","AQS","410670005","1","18.8","ppb","17","Tualatin Bradbury Court (TBC) - Near Road Site","23","96.0000","42602","Nitrogen dioxide (NO2)","38900","Portland-Vancouver-Hillsboro, OR-WA","41","Oregon","067","Washington","45.393497","-122.747894"
"06/23/2020","AQS","410670005","1","21","ppb","20","Tualatin Bradbury Court (TBC) - Near Road Site","24","100.0000","42602","Nitrogen dioxide (NO2)","38900","Portland-Vancouver-Hillsboro, OR-WA","41","Oregon","067","Washington","45.393497","-122.747894"
"06/24/2020","AQS","410670005","1","13.4","ppb","12","Tualatin Bradbury Court (TBC) - Near Road Site","23","96.0000","42602","Nitrogen dioxide (NO2)","38900","Portland-Vancouver-Hillsboro, OR-WA","41","Oregon","067","Washington","45.393497","-122.747894"
"06/25/2020","AQS","410670005","1","14.9","ppb","13","Tualatin Bradbury Court (TBC) - Near Road Site","24","100.0000","42602","Nitrogen dioxide (NO2)","38900","Portland-Vancouver-Hillsboro, OR-WA","41","Oregon","067","Washington","45.393497","-122.747894"
"06/26/2020","AQS","410670005","1","13","ppb","12","Tualatin Bradbury Court (TBC) - Near Road Site","24","100.0000","42602","Nitrogen dioxide (NO2)","38900","Portland-Vancouver-Hillsboro, OR-WA","41","Oregon","067","Washington","45.393497","-122.747894"
"06/27/2020","AQS","410670005","1","8.4","ppb","8","Tualatin Bradbury Court (TBC) - Near Road Site","24","100.0000","42602","Nitrogen dioxide (NO2)","38900","Portland-Vancouver-Hillsboro, OR-WA","41","Oregon","067","Washington","45.393497","-122.747894"
"06/28/2020","AQS","410670005","1","8.3","ppb","8","Tualatin Bradbury Court (TBC) - Near Road Site","24","100.0000","42602","Nitrogen dioxide (NO2)","38900","Portland-Vancouver-Hillsboro, OR-WA","41","Oregon","067","Washington","45.393497","-122.747894"
"06/29/2020","AQS","410670005","1","10.2","ppb","9","Tualatin Bradbury Court (TBC) - Near Road Site","20","83.0000","42602","Nitrogen dioxide (NO2)","38900","Portland-Vancouver-Hillsboro, OR-WA","41","Oregon","067","Washington","45.393497","-122.747894"
"06/30/2020","AQS","410670005","1","12.2","ppb","11","Tualatin Bradbury Court (TBC) - Near Road Site","24","100.0000","42602","Nitrogen dioxide (NO2)","38900","Portland-Vancouver-Hillsboro, OR-WA","41","Oregon","067","Washington","45.393497","-122.747894"
