"Date","Source","Site ID","POC","Daily Mean PM10 Concentration","UNITS","DAILY_AQI_VALUE","Site Name","DAILY_OBS_COUNT","PERCENT_COMPLETE","AQS_PARAMETER_CODE","AQS_PARAMETER_DESC","CBSA_CODE","CBSA_NAME","STATE_CODE","STATE","COUNTY_CODE","COUNTY","SITE_LATITUDE","SITE_LONGITUDE"
"01/04/2020","AQS","410292129","1","9","ug/m3 SC","8","Medford, Welch and Jackson.","1","100.0000","81102","PM10 Total 0-10um STP","32780","Medford, OR","41","Oregon","029","Jackson","42.33155","-122.880266"
"01/04/2020","AQS","410292129","7","11","ug/m3 SC","10","Medford, Welch and Jackson.","1","100.0000","81102","PM10 Total 0-10um STP","32780","Medford, OR","41","Oregon","029","Jackson","42.33155","-122.880266"
"01/10/2020","AQS","410292129","7","16","ug/m3 SC","15","Medford, Welch and Jackson.","1","100.0000","81102","PM10 Total 0-10um STP","32780","Medford, OR","41","Oregon","029","Jackson","42.33155","-122.880266"
"01/16/2020","AQS","410292129","7","9","ug/m3 SC","8","Medford, Welch and Jackson.","1","100.0000","81102","PM10 Total 0-10um STP","32780","Medford, OR","41","Oregon","029","Jackson","42.33155","-122.880266"
"01/22/2020","AQS","410292129","7","14","ug/m3 SC","13","Medford, Welch and Jackson.","1","100.0000","81102","PM10 Total 0-10um STP","32780","Medford, OR","41","Oregon","029","Jackson","42.33155","-122.880266"
"01/28/2020","AQS","410292129","7","5","ug/m3 SC","5","Medford, Welch and Jackson.","1","100.0000","81102","PM10 Total 0-10um STP","32780","Medford, OR","41","Oregon","029","Jackson","42.33155","-122.880266"
"02/03/2020","AQS","410292129","7","14","ug/m3 SC","13","Medford, Welch and Jackson.","1","100.0000","81102","PM10 Total 0-10um STP","32780","Medford, OR","41","Oregon","029","Jackson","42.33155","-122.880266"
"02/09/2020","AQS","410292129","7","14","ug/m3 SC","13","Medford, Welch and Jackson.","1","100.0000","81102","PM10 Total 0-10um STP","32780","Medford, OR","41","Oregon","029","Jackson","42.33155","-122.880266"
"02/15/2020","AQS","410292129","7","19","ug/m3 SC","18","Medford, Welch and Jackson.","1","100.0000","81102","PM10 Total 0-10um STP","32780","Medford, OR","41","Oregon","029","Jackson","42.33155","-122.880266"
"02/21/2020","AQS","410292129","7","29","ug/m3 SC","27","Medford, Welch and Jackson.","1","100.0000","81102","PM10 Total 0-10um STP","32780","Medford, OR","41","Oregon","029","Jackson","42.33155","-122.880266"
"02/27/2020","AQS","410292129","7","27","ug/m3 SC","25","Medford, Welch and Jackson.","1","100.0000","81102","PM10 Total 0-10um STP","32780","Medford, OR","41","Oregon","029","Jackson","42.33155","-122.880266"
"03/04/2020","AQS","410292129","7","20","ug/m3 SC","19","Medford, Welch and Jackson.","1","100.0000","81102","PM10 Total 0-10um STP","32780","Medford, OR","41","Oregon","029","Jackson","42.33155","-122.880266"
"03/10/2020","AQS","410292129","7","14","ug/m3 SC","13","Medford, Welch and Jackson.","1","100.0000","81102","PM10 Total 0-10um STP","32780","Medford, OR","41","Oregon","029","Jackson","42.33155","-122.880266"
"03/16/2020","AQS","410292129","7","7","ug/m3 SC","6","Medford, Welch and Jackson.","1","100.0000","81102","PM10 Total 0-10um STP","32780","Medford, OR","41","Oregon","029","Jackson","42.33155","-122.880266"
"03/22/2020","AQS","410292129","7","11","ug/m3 SC","10","Medford, Welch and Jackson.","1","100.0000","81102","PM10 Total 0-10um STP","32780","Medford, OR","41","Oregon","029","Jackson","42.33155","-122.880266"
"03/28/2020","AQS","410292129","7","10","ug/m3 SC","9","Medford, Welch and Jackson.","1","100.0000","81102","PM10 Total 0-10um STP","32780","Medford, OR","41","Oregon","029","Jackson","42.33155","-122.880266"
"01/01/2020","AQS","410350004","1","6","ug/m3 SC","6","Klamath Falls - Peterson School","1","100.0000","81102","PM10 Total 0-10um STP","28900","Klamath Falls, OR","41","Oregon","035","Klamath","42.190296","-121.731369"
"01/02/2020","AQS","410350004","1","20","ug/m3 SC","19","Klamath Falls - Peterson School","1","100.0000","81102","PM10 Total 0-10um STP","28900","Klamath Falls, OR","41","Oregon","035","Klamath","42.190296","-121.731369"
"01/03/2020","AQS","410350004","1","36","ug/m3 SC","33","Klamath Falls - Peterson School","1","100.0000","81102","PM10 Total 0-10um STP","28900","Klamath Falls, OR","41","Oregon","035","Klamath","42.190296","-121.731369"
"01/04/2020","AQS","410350004","1","12","ug/m3 SC","11","Klamath Falls - Peterson School","1","100.0000","81102","PM10 Total 0-10um STP","28900","Klamath Falls, OR","41","Oregon","035","Klamath","42.190296","-121.731369"
"01/05/2020","AQS","410350004","1","13","ug/m3 SC","12","Klamath Falls - Peterson School","1","100.0000","81102","PM10 Total 0-10um STP","28900","Klamath Falls, OR","41","Oregon","035","Klamath","42.190296","-121.731369"
"01/06/2020","AQS","410350004","1","26","ug/m3 SC","24","Klamath Falls - Peterson School","1","100.0000","81102","PM10 Total 0-10um STP","28900","Klamath Falls, OR","41","Oregon","035","Klamath","42.190296","-121.731369"
"01/07/2020","AQS","410350004","1","39","ug/m3 SC","36","Klamath Falls - Peterson School","1","100.0000","81102","PM10 Total 0-10um STP","28900","Klamath Falls, OR","41","Oregon","035","Klamath","42.190296","-121.731369"
"01/08/2020","AQS","410350004","1","7","ug/m3 SC","6","Klamath Falls - Peterson School","1","100.0000","81102","PM10 Total 0-10um STP","28900","Klamath Falls, OR","41","Oregon","035","Klamath","42.190296","-121.731369"
"01/09/2020","AQS","410350004","1","12","ug/m3 SC","11","Klamath Falls - Peterson School","1","100.0000","81102","PM10 Total 0-10um STP","28900","Klamath Falls, OR","41","Oregon","035","Klamath","42.190296","-121.731369"
"01/10/2020","AQS","410350004","1","17","ug/m3 SC","16","Klamath Falls - Peterson School","1","100.0000","81102","PM10 Total 0-10um STP","28900","Klamath Falls, OR","41","Oregon","035","Klamath","42.190296","-121.731369"
"01/11/2020","AQS","410350004","1","6","ug/m3 SC","6","Klamath Falls - Peterson School","1","100.0000","81102","PM10 Total 0-10um STP","28900","Klamath Falls, OR","41","Oregon","035","Klamath","42.190296","-121.731369"
"01/12/2020","AQS","410350004","1","5","ug/m3 SC","5","Klamath Falls - Peterson School","1","100.0000","81102","PM10 Total 0-10um STP","28900","Klamath Falls, OR","41","Oregon","035","Klamath","42.190296","-121.731369"
"01/13/2020","AQS","410350004","1","5","ug/m3 SC","5","Klamath Falls - Peterson School","1","100.0000","81102","PM10 Total 0-10um STP","28900","Klamath Falls, OR","41","Oregon","035","Klamath","42.190296","-121.731369"
"01/14/2020","AQS","410350004","1","8","ug/m3 SC","7","Klamath Falls - Peterson School","1","100.0000","81102","PM10 Total 0-10um STP","28900","Klamath Falls, OR","41","Oregon","035","Klamath","42.190296","-121.731369"
"01/15/2020","AQS","410350004","1","33","ug/m3 SC","31","Klamath Falls - Peterson School","1","100.0000","81102","PM10 Total 0-10um STP","28900","Klamath Falls, OR","41","Oregon","035","Klamath","42.190296","-121.731369"
"01/16/2020","AQS","410350004","1","12","ug/m3 SC","11","Klamath Falls - Peterson School","1","100.0000","81102","PM10 Total 0-10um STP","28900","Klamath Falls, OR","41","Oregon","035","Klamath","42.190296","-121.731369"
"01/17/2020","AQS","410350004","1","10","ug/m3 SC","9","Klamath Falls - Peterson School","1","100.0000","81102","PM10 Total 0-10um STP","28900","Klamath Falls, OR","41","Oregon","035","Klamath","42.190296","-121.731369"
"01/18/2020","AQS","410350004","1","16","ug/m3 SC","15","Klamath Falls - Peterson School","1","100.0000","81102","PM10 Total 0-10um STP","28900","Klamath Falls, OR","41","Oregon","035","Klamath","42.190296","-121.731369"
"01/19/2020","AQS","410350004","1","27","ug/m3 SC","25","Klamath Falls - Peterson School","1","100.0000","81102","PM10 Total 0-10um STP","28900","Klamath Falls, OR","41","Oregon","035","Klamath","42.190296","-121.731369"
"01/20/2020","AQS","410350004","1","20","ug/m3 SC","19","Klamath Falls - Peterson School","1","100.0000","81102","PM10 Total 0-10um STP","28900","Klamath Falls, OR","41","Oregon","035","Klamath","42.190296","-121.731369"
"01/21/2020","AQS","410350004","1","8","ug/m3 SC","7","Klamath Falls - Peterson School","1","100.0000","81102","PM10 Total 0-10um STP","28900","Klamath Falls, OR","41","Oregon","035","Klamath","42.190296","-121.731369"
"01/22/2020","AQS","410350004","1","40","ug/m3 SC","37","Klamath Falls - Peterson School","1","100.0000","81102","PM10 Total 0-10um STP","28900","Klamath Falls, OR","41","Oregon","035","Klamath","42.190296","-121.731369"
"01/23/2020","AQS","410350004","1","44","ug/m3 SC","41","Klamath Falls - Peterson School","1","100.0000","81102","PM10 Total 0-10um STP","28900","Klamath Falls, OR","41","Oregon","035","Klamath","42.190296","-121.731369"
"01/24/2020","AQS","410350004","1","35","ug/m3 SC","32","Klamath Falls - Peterson School","1","100.0000","81102","PM10 Total 0-10um STP","28900","Klamath Falls, OR","41","Oregon","035","Klamath","42.190296","-121.731369"
"01/25/2020","AQS","410350004","1","25","ug/m3 SC","23","Klamath Falls - Peterson School","1","100.0000","81102","PM10 Total 0-10um STP","28900","Klamath Falls, OR","41","Oregon","035","Klamath","42.190296","-121.731369"
"01/26/2020","AQS","410350004","1","9","ug/m3 SC","8","Klamath Falls - Peterson School","1","100.0000","81102","PM10 Total 0-10um STP","28900","Klamath Falls, OR","41","Oregon","035","Klamath","42.190296","-121.731369"
"01/27/2020","AQS","410350004","1","13","ug/m3 SC","12","Klamath Falls - Peterson School","1","100.0000","81102","PM10 Total 0-10um STP","28900","Klamath Falls, OR","41","Oregon","035","Klamath","42.190296","-121.731369"
"01/28/2020","AQS","410350004","1","13","ug/m3 SC","12","Klamath Falls - Peterson School","1","100.0000","81102","PM10 Total 0-10um STP","28900","Klamath Falls, OR","41","Oregon","035","Klamath","42.190296","-121.731369"
"01/29/2020","AQS","410350004","1","29","ug/m3 SC","27","Klamath Falls - Peterson School","1","100.0000","81102","PM10 Total 0-10um STP","28900","Klamath Falls, OR","41","Oregon","035","Klamath","42.190296","-121.731369"
"01/30/2020","AQS","410350004","1","36","ug/m3 SC","33","Klamath Falls - Peterson School","1","100.0000","81102","PM10 Total 0-10um STP","28900","Klamath Falls, OR","41","Oregon","035","Klamath","42.190296","-121.731369"
"01/31/2020","AQS","410350004","1","68","ug/m3 SC","57","Klamath Falls - Peterson School","1","100.0000","81102","PM10 Total 0-10um STP","28900","Klamath Falls, OR","41","Oregon","035","Klamath","42.190296","-121.731369"
"02/04/2020","AQS","410350004","1","27","ug/m3 SC","25","Klamath Falls - Peterson School","1","100.0000","81102","PM10 Total 0-10um STP","28900","Klamath Falls, OR","41","Oregon","035","Klamath","42.190296","-121.731369"
"02/05/2020","AQS","410350004","1","22","ug/m3 SC","20","Klamath Falls - Peterson School","1","100.0000","81102","PM10 Total 0-10um STP","28900","Klamath Falls, OR","41","Oregon","035","Klamath","42.190296","-121.731369"
"02/06/2020","AQS","410350004","1","37","ug/m3 SC","34","Klamath Falls - Peterson School","1","100.0000","81102","PM10 Total 0-10um STP","28900","Klamath Falls, OR","41","Oregon","035","Klamath","42.190296","-121.731369"
"02/07/2020","AQS","410350004","1","31","ug/m3 SC","29","Klamath Falls - Peterson School","1","100.0000","81102","PM10 Total 0-10um STP","28900","Klamath Falls, OR","41","Oregon","035","Klamath","42.190296","-121.731369"
"02/08/2020","AQS","410350004","1","7","ug/m3 SC","6","Klamath Falls - Peterson School","1","100.0000","81102","PM10 Total 0-10um STP","28900","Klamath Falls, OR","41","Oregon","035","Klamath","42.190296","-121.731369"
"02/09/2020","AQS","410350004","1","17","ug/m3 SC","16","Klamath Falls - Peterson School","1","100.0000","81102","PM10 Total 0-10um STP","28900","Klamath Falls, OR","41","Oregon","035","Klamath","42.190296","-121.731369"
"02/10/2020","AQS","410350004","1","39","ug/m3 SC","36","Klamath Falls - Peterson School","1","100.0000","81102","PM10 Total 0-10um STP","28900","Klamath Falls, OR","41","Oregon","035","Klamath","42.190296","-121.731369"
"02/11/2020","AQS","410350004","1","26","ug/m3 SC","24","Klamath Falls - Peterson School","1","100.0000","81102","PM10 Total 0-10um STP","28900","Klamath Falls, OR","41","Oregon","035","Klamath","42.190296","-121.731369"
"02/12/2020","AQS","410350004","1","45","ug/m3 SC","42","Klamath Falls - Peterson School","1","100.0000","81102","PM10 Total 0-10um STP","28900","Klamath Falls, OR","41","Oregon","035","Klamath","42.190296","-121.731369"
"02/13/2020","AQS","410350004","1","42","ug/m3 SC","39","Klamath Falls - Peterson School","1","100.0000","81102","PM10 Total 0-10um STP","28900","Klamath Falls, OR","41","Oregon","035","Klamath","42.190296","-121.731369"
"02/14/2020","AQS","410350004","1","19","ug/m3 SC","18","Klamath Falls - Peterson School","1","100.0000","81102","PM10 Total 0-10um STP","28900","Klamath Falls, OR","41","Oregon","035","Klamath","42.190296","-121.731369"
"02/15/2020","AQS","410350004","1","17","ug/m3 SC","16","Klamath Falls - Peterson School","1","100.0000","81102","PM10 Total 0-10um STP","28900","Klamath Falls, OR","41","Oregon","035","Klamath","42.190296","-121.731369"
"02/16/2020","AQS","410350004","1","14","ug/m3 SC","13","Klamath Falls - Peterson School","1","100.0000","81102","PM10 Total 0-10um STP","28900","Klamath Falls, OR","41","Oregon","035","Klamath","42.190296","-121.731369"
"02/17/2020","AQS","410350004","1","28","ug/m3 SC","26","Klamath Falls - Peterson School","1","100.0000","81102","PM10 Total 0-10um STP","28900","Klamath Falls, OR","41","Oregon","035","Klamath","42.190296","-121.731369"
"02/18/2020","AQS","410350004","1","34","ug/m3 SC","31","Klamath Falls - Peterson School","1","100.0000","81102","PM10 Total 0-10um STP","28900","Klamath Falls, OR","41","Oregon","035","Klamath","42.190296","-121.731369"
"02/19/2020","AQS","410350004","1","19","ug/m3 SC","18","Klamath Falls - Peterson School","1","100.0000","81102","PM10 Total 0-10um STP","28900","Klamath Falls, OR","41","Oregon","035","Klamath","42.190296","-121.731369"
"02/20/2020","AQS","410350004","1","23","ug/m3 SC","21","Klamath Falls - Peterson School","1","100.0000","81102","PM10 Total 0-10um STP","28900","Klamath Falls, OR","41","Oregon","035","Klamath","42.190296","-121.731369"
"02/21/2020","AQS","410350004","1","44","ug/m3 SC","41","Klamath Falls - Peterson School","1","100.0000","81102","PM10 Total 0-10um STP","28900","Klamath Falls, OR","41","Oregon","035","Klamath","42.190296","-121.731369"
"02/22/2020","AQS","410350004","1","40","ug/m3 SC","37","Klamath Falls - Peterson School","1","100.0000","81102","PM10 Total 0-10um STP","28900","Klamath Falls, OR","41","Oregon","035","Klamath","42.190296","-121.731369"
"02/23/2020","AQS","410350004","1","31","ug/m3 SC","29","Klamath Falls - Peterson School","1","100.0000","81102","PM10 Total 0-10um STP","28900","Klamath Falls, OR","41","Oregon","035","Klamath","42.190296","-121.731369"
"02/24/2020","AQS","410350004","1","23","ug/m3 SC","21","Klamath Falls - Peterson School","1","100.0000","81102","PM10 Total 0-10um STP","28900","Klamath Falls, OR","41","Oregon","035","Klamath","42.190296","-121.731369"
"02/25/2020","AQS","410350004","1","46","ug/m3 SC","43","Klamath Falls - Peterson School","1","100.0000","81102","PM10 Total 0-10um STP","28900","Klamath Falls, OR","41","Oregon","035","Klamath","42.190296","-121.731369"
"02/26/2020","AQS","410350004","1","48","ug/m3 SC","44","Klamath Falls - Peterson School","1","100.0000","81102","PM10 Total 0-10um STP","28900","Klamath Falls, OR","41","Oregon","035","Klamath","42.190296","-121.731369"
"02/27/2020","AQS","410350004","1","34","ug/m3 SC","31","Klamath Falls - Peterson School","1","100.0000","81102","PM10 Total 0-10um STP","28900","Klamath Falls, OR","41","Oregon","035","Klamath","42.190296","-121.731369"
"02/28/2020","AQS","410350004","1","35","ug/m3 SC","32","Klamath Falls - Peterson School","1","100.0000","81102","PM10 Total 0-10um STP","28900","Klamath Falls, OR","41","Oregon","035","Klamath","42.190296","-121.731369"
"02/29/2020","AQS","410350004","1","10","ug/m3 SC","9","Klamath Falls - Peterson School","1","100.0000","81102","PM10 Total 0-10um STP","28900","Klamath Falls, OR","41","Oregon","035","Klamath","42.190296","-121.731369"
"03/01/2020","AQS","410350004","1","16","ug/m3 SC","15","Klamath Falls - Peterson School","1","100.0000","81102","PM10 Total 0-10um STP","28900","Klamath Falls, OR","41","Oregon","035","Klamath","42.190296","-121.731369"
"03/02/2020","AQS","410350004","1","30","ug/m3 SC","28","Klamath Falls - Peterson School","1","100.0000","81102","PM10 Total 0-10um STP","28900","Klamath Falls, OR","41","Oregon","035","Klamath","42.190296","-121.731369"
"03/03/2020","AQS","410350004","1","26","ug/m3 SC","24","Klamath Falls - Peterson School","1","100.0000","81102","PM10 Total 0-10um STP","28900","Klamath Falls, OR","41","Oregon","035","Klamath","42.190296","-121.731369"
"03/04/2020","AQS","410350004","1","36","ug/m3 SC","33","Klamath Falls - Peterson School","1","100.0000","81102","PM10 Total 0-10um STP","28900","Klamath Falls, OR","41","Oregon","035","Klamath","42.190296","-121.731369"
"03/05/2020","AQS","410350004","1","42","ug/m3 SC","39","Klamath Falls - Peterson School","1","100.0000","81102","PM10 Total 0-10um STP","28900","Klamath Falls, OR","41","Oregon","035","Klamath","42.190296","-121.731369"
"03/06/2020","AQS","410350004","1","33","ug/m3 SC","31","Klamath Falls - Peterson School","1","100.0000","81102","PM10 Total 0-10um STP","28900","Klamath Falls, OR","41","Oregon","035","Klamath","42.190296","-121.731369"
"03/07/2020","AQS","410350004","1","8","ug/m3 SC","7","Klamath Falls - Peterson School","1","100.0000","81102","PM10 Total 0-10um STP","28900","Klamath Falls, OR","41","Oregon","035","Klamath","42.190296","-121.731369"
"03/08/2020","AQS","410350004","1","11","ug/m3 SC","10","Klamath Falls - Peterson School","1","100.0000","81102","PM10 Total 0-10um STP","28900","Klamath Falls, OR","41","Oregon","035","Klamath","42.190296","-121.731369"
"03/09/2020","AQS","410350004","1","13","ug/m3 SC","12","Klamath Falls - Peterson School","1","100.0000","81102","PM10 Total 0-10um STP","28900","Klamath Falls, OR","41","Oregon","035","Klamath","42.190296","-121.731369"
"03/10/2020","AQS","410350004","1","25","ug/m3 SC","23","Klamath Falls - Peterson School","1","100.0000","81102","PM10 Total 0-10um STP","28900","Klamath Falls, OR","41","Oregon","035","Klamath","42.190296","-121.731369"
"03/11/2020","AQS","410350004","1","19","ug/m3 SC","18","Klamath Falls - Peterson School","1","100.0000","81102","PM10 Total 0-10um STP","28900","Klamath Falls, OR","41","Oregon","035","Klamath","42.190296","-121.731369"
"03/12/2020","AQS","410350004","1","23","ug/m3 SC","21","Klamath Falls - Peterson School","1","100.0000","81102","PM10 Total 0-10um STP","28900","Klamath Falls, OR","41","Oregon","035","Klamath","42.190296","-121.731369"
"03/13/2020","AQS","410350004","1","21","ug/m3 SC","19","Klamath Falls - Peterson School","1","100.0000","81102","PM10 Total 0-10um STP","28900","Klamath Falls, OR","41","Oregon","035","Klamath","42.190296","-121.731369"
"03/14/2020","AQS","410350004","1","8","ug/m3 SC","7","Klamath Falls - Peterson School","1","100.0000","81102","PM10 Total 0-10um STP","28900","Klamath Falls, OR","41","Oregon","035","Klamath","42.190296","-121.731369"
"03/15/2020","AQS","410350004","1","5","ug/m3 SC","5","Klamath Falls - Peterson School","1","100.0000","81102","PM10 Total 0-10um STP","28900","Klamath Falls, OR","41","Oregon","035","Klamath","42.190296","-121.731369"
"03/16/2020","AQS","410350004","1","9","ug/m3 SC","8","Klamath Falls - Peterson School","1","100.0000","81102","PM10 Total 0-10um STP","28900","Klamath Falls, OR","41","Oregon","035","Klamath","42.190296","-121.731369"
"03/17/2020","AQS","410350004","1","10","ug/m3 SC","9","Klamath Falls - Peterson School","1","100.0000","81102","PM10 Total 0-10um STP","28900","Klamath Falls, OR","41","Oregon","035","Klamath","42.190296","-121.731369"
"03/18/2020","AQS","410350004","1","13","ug/m3 SC","12","Klamath Falls - Peterson School","1","100.0000","81102","PM10 Total 0-10um STP","28900","Klamath Falls, OR","41","Oregon","035","Klamath","42.190296","-121.731369"
"03/19/2020","AQS","410350004","1","30","ug/m3 SC","28","Klamath Falls - Peterson School","1","100.0000","81102","PM10 Total 0-10um STP","28900","Klamath Falls, OR","41","Oregon","035","Klamath","42.190296","-121.731369"
"03/20/2020","AQS","410350004","1","34","ug/m3 SC","31","Klamath Falls - Peterson School","1","100.0000","81102","PM10 Total 0-10um STP","28900","Klamath Falls, OR","41","Oregon","035","Klamath","42.190296","-121.731369"
"03/21/2020","AQS","410350004","1","27","ug/m3 SC","25","Klamath Falls - Peterson School","1","100.0000","81102","PM10 Total 0-10um STP","28900","Klamath Falls, OR","41","Oregon","035","Klamath","42.190296","-121.731369"
"03/22/2020","AQS","410350004","1","29","ug/m3 SC","27","Klamath Falls - Peterson School","1","100.0000","81102","PM10 Total 0-10um STP","28900","Klamath Falls, OR","41","Oregon","035","Klamath","42.190296","-121.731369"
"03/23/2020","AQS","410350004","1","16","ug/m3 SC","15","Klamath Falls - Peterson School","1","100.0000","81102","PM10 Total 0-10um STP","28900","Klamath Falls, OR","41","Oregon","035","Klamath","42.190296","-121.731369"
"03/24/2020","AQS","410350004","1","9","ug/m3 SC","8","Klamath Falls - Peterson School","1","100.0000","81102","PM10 Total 0-10um STP","28900","Klamath Falls, OR","41","Oregon","035","Klamath","42.190296","-121.731369"
"03/25/2020","AQS","410350004","1","10","ug/m3 SC","9","Klamath Falls - Peterson School","1","100.0000","81102","PM10 Total 0-10um STP","28900","Klamath Falls, OR","41","Oregon","035","Klamath","42.190296","-121.731369"
"03/26/2020","AQS","410350004","1","20","ug/m3 SC","19","Klamath Falls - Peterson School","1","100.0000","81102","PM10 Total 0-10um STP","28900","Klamath Falls, OR","41","Oregon","035","Klamath","42.190296","-121.731369"
"03/27/2020","AQS","410350004","1","25","ug/m3 SC","23","Klamath Falls - Peterson School","1","100.0000","81102","PM10 Total 0-10um STP","28900","Klamath Falls, OR","41","Oregon","035","Klamath","42.190296","-121.731369"
"03/28/2020","AQS","410350004","1","13","ug/m3 SC","12","Klamath Falls - Peterson School","1","100.0000","81102","PM10 Total 0-10um STP","28900","Klamath Falls, OR","41","Oregon","035","Klamath","42.190296","-121.731369"
"03/29/2020","AQS","410350004","1","6","ug/m3 SC","6","Klamath Falls - Peterson School","1","100.0000","81102","PM10 Total 0-10um STP","28900","Klamath Falls, OR","41","Oregon","035","Klamath","42.190296","-121.731369"
"03/30/2020","AQS","410350004","1","7","ug/m3 SC","6","Klamath Falls - Peterson School","1","100.0000","81102","PM10 Total 0-10um STP","28900","Klamath Falls, OR","41","Oregon","035","Klamath","42.190296","-121.731369"
"03/31/2020","AQS","410350004","1","4","ug/m3 SC","4","Klamath Falls - Peterson School","1","100.0000","81102","PM10 Total 0-10um STP","28900","Klamath Falls, OR","41","Oregon","035","Klamath","42.190296","-121.731369"
"01/04/2020","AQS","410350004","2","7","ug/m3 SC","6","Klamath Falls - Peterson School","1","100.0000","81102","PM10 Total 0-10um STP","28900","Klamath Falls, OR","41","Oregon","035","Klamath","42.190296","-121.731369"
"01/10/2020","AQS","410350004","2","10","ug/m3 SC","9","Klamath Falls - Peterson School","1","100.0000","81102","PM10 Total 0-10um STP","28900","Klamath Falls, OR","41","Oregon","035","Klamath","42.190296","-121.731369"
"01/16/2020","AQS","410350004","2","7","ug/m3 SC","6","Klamath Falls - Peterson School","1","100.0000","81102","PM10 Total 0-10um STP","28900","Klamath Falls, OR","41","Oregon","035","Klamath","42.190296","-121.731369"
"01/22/2020","AQS","410350004","2","28","ug/m3 SC","26","Klamath Falls - Peterson School","1","100.0000","81102","PM10 Total 0-10um STP","28900","Klamath Falls, OR","41","Oregon","035","Klamath","42.190296","-121.731369"
"01/28/2020","AQS","410350004","2","9","ug/m3 SC","8","Klamath Falls - Peterson School","1","100.0000","81102","PM10 Total 0-10um STP","28900","Klamath Falls, OR","41","Oregon","035","Klamath","42.190296","-121.731369"
"02/03/2020","AQS","410350004","2","11","ug/m3 SC","10","Klamath Falls - Peterson School","1","100.0000","81102","PM10 Total 0-10um STP","28900","Klamath Falls, OR","41","Oregon","035","Klamath","42.190296","-121.731369"
"02/09/2020","AQS","410350004","2","15","ug/m3 SC","14","Klamath Falls - Peterson School","1","100.0000","81102","PM10 Total 0-10um STP","28900","Klamath Falls, OR","41","Oregon","035","Klamath","42.190296","-121.731369"
"02/15/2020","AQS","410350004","2","9","ug/m3 SC","8","Klamath Falls - Peterson School","1","100.0000","81102","PM10 Total 0-10um STP","28900","Klamath Falls, OR","41","Oregon","035","Klamath","42.190296","-121.731369"
"02/21/2020","AQS","410350004","2","36","ug/m3 SC","33","Klamath Falls - Peterson School","1","100.0000","81102","PM10 Total 0-10um STP","28900","Klamath Falls, OR","41","Oregon","035","Klamath","42.190296","-121.731369"
"02/27/2020","AQS","410350004","2","30","ug/m3 SC","28","Klamath Falls - Peterson School","1","100.0000","81102","PM10 Total 0-10um STP","28900","Klamath Falls, OR","41","Oregon","035","Klamath","42.190296","-121.731369"
"03/04/2020","AQS","410350004","2","26","ug/m3 SC","24","Klamath Falls - Peterson School","1","100.0000","81102","PM10 Total 0-10um STP","28900","Klamath Falls, OR","41","Oregon","035","Klamath","42.190296","-121.731369"
"03/10/2020","AQS","410350004","2","17","ug/m3 SC","16","Klamath Falls - Peterson School","1","100.0000","81102","PM10 Total 0-10um STP","28900","Klamath Falls, OR","41","Oregon","035","Klamath","42.190296","-121.731369"
"03/16/2020","AQS","410350004","2","5","ug/m3 SC","5","Klamath Falls - Peterson School","1","100.0000","81102","PM10 Total 0-10um STP","28900","Klamath Falls, OR","41","Oregon","035","Klamath","42.190296","-121.731369"
"03/22/2020","AQS","410350004","2","16","ug/m3 SC","15","Klamath Falls - Peterson School","1","100.0000","81102","PM10 Total 0-10um STP","28900","Klamath Falls, OR","41","Oregon","035","Klamath","42.190296","-121.731369"
"03/28/2020","AQS","410350004","2","7","ug/m3 SC","6","Klamath Falls - Peterson School","1","100.0000","81102","PM10 Total 0-10um STP","28900","Klamath Falls, OR","41","Oregon","035","Klamath","42.190296","-121.731369"
"04/03/2020","AQS","410350004","2","10","ug/m3 SC","9","Klamath Falls - Peterson School","1","100.0000","81102","PM10 Total 0-10um STP","28900","Klamath Falls, OR","41","Oregon","035","Klamath","42.190296","-121.731369"
"04/09/2020","AQS","410350004","2","13","ug/m3 SC","12","Klamath Falls - Peterson School","1","100.0000","81102","PM10 Total 0-10um STP","28900","Klamath Falls, OR","41","Oregon","035","Klamath","42.190296","-121.731369"
"04/15/2020","AQS","410350004","2","11","ug/m3 SC","10","Klamath Falls - Peterson School","1","100.0000","81102","PM10 Total 0-10um STP","28900","Klamath Falls, OR","41","Oregon","035","Klamath","42.190296","-121.731369"
"04/21/2020","AQS","410350004","2","13","ug/m3 SC","12","Klamath Falls - Peterson School","1","100.0000","81102","PM10 Total 0-10um STP","28900","Klamath Falls, OR","41","Oregon","035","Klamath","42.190296","-121.731369"
"04/27/2020","AQS","410350004","2","8","ug/m3 SC","7","Klamath Falls - Peterson School","1","100.0000","81102","PM10 Total 0-10um STP","28900","Klamath Falls, OR","41","Oregon","035","Klamath","42.190296","-121.731369"
"05/09/2020","AQS","410350004","2","18","ug/m3 SC","17","Klamath Falls - Peterson School","1","100.0000","81102","PM10 Total 0-10um STP","28900","Klamath Falls, OR","41","Oregon","035","Klamath","42.190296","-121.731369"
"05/15/2020","AQS","410350004","2","7","ug/m3 SC","6","Klamath Falls - Peterson School","1","100.0000","81102","PM10 Total 0-10um STP","28900","Klamath Falls, OR","41","Oregon","035","Klamath","42.190296","-121.731369"
"05/21/2020","AQS","410350004","2","4","ug/m3 SC","4","Klamath Falls - Peterson School","1","100.0000","81102","PM10 Total 0-10um STP","28900","Klamath Falls, OR","41","Oregon","035","Klamath","42.190296","-121.731369"
"05/27/2020","AQS","410350004","2","10","ug/m3 SC","9","Klamath Falls - Peterson School","1","100.0000","81102","PM10 Total 0-10um STP","28900","Klamath Falls, OR","41","Oregon","035","Klamath","42.190296","-121.731369"
"06/02/2020","AQS","410350004","2","9","ug/m3 SC","8","Klamath Falls - Peterson School","1","100.0000","81102","PM10 Total 0-10um STP","28900","Klamath Falls, OR","41","Oregon","035","Klamath","42.190296","-121.731369"
"06/08/2020","AQS","410350004","2","4","ug/m3 SC","4","Klamath Falls - Peterson School","1","100.0000","81102","PM10 Total 0-10um STP","28900","Klamath Falls, OR","41","Oregon","035","Klamath","42.190296","-121.731369"
"06/14/2020","AQS","410350004","2","4","ug/m3 SC","4","Klamath Falls - Peterson School","1","100.0000","81102","PM10 Total 0-10um STP","28900","Klamath Falls, OR","41","Oregon","035","Klamath","42.190296","-121.731369"
"06/20/2020","AQS","410350004","2","10","ug/m3 SC","9","Klamath Falls - Peterson School","1","100.0000","81102","PM10 Total 0-10um STP","28900","Klamath Falls, OR","41","Oregon","035","Klamath","42.190296","-121.731369"
"06/26/2020","AQS","410350004","2","17","ug/m3 SC","16","Klamath Falls - Peterson School","1","100.0000","81102","PM10 Total 0-10um STP","28900","Klamath Falls, OR","41","Oregon","035","Klamath","42.190296","-121.731369"
"01/01/2020","AQS","410390059","1","3","ug/m3 SC","3","Eugene - Hwy 99 (E99)","1","100.0000","81102","PM10 Total 0-10um STP","21660","Eugene, OR","41","Oregon","039","Lane","44.0672238","-123.1413524"
"01/02/2020","AQS","410390059","1","12","ug/m3 SC","11","Eugene - Hwy 99 (E99)","1","100.0000","81102","PM10 Total 0-10um STP","21660","Eugene, OR","41","Oregon","039","Lane","44.0672238","-123.1413524"
"01/03/2020","AQS","410390059","1","9","ug/m3 SC","8","Eugene - Hwy 99 (E99)","1","100.0000","81102","PM10 Total 0-10um STP","21660","Eugene, OR","41","Oregon","039","Lane","44.0672238","-123.1413524"
"01/04/2020","AQS","410390059","1","7","ug/m3 SC","6","Eugene - Hwy 99 (E99)","1","100.0000","81102","PM10 Total 0-10um STP","21660","Eugene, OR","41","Oregon","039","Lane","44.0672238","-123.1413524"
"01/05/2020","AQS","410390059","1","4","ug/m3 SC","4","Eugene - Hwy 99 (E99)","1","100.0000","81102","PM10 Total 0-10um STP","21660","Eugene, OR","41","Oregon","039","Lane","44.0672238","-123.1413524"
"01/06/2020","AQS","410390059","1","5","ug/m3 SC","5","Eugene - Hwy 99 (E99)","1","100.0000","81102","PM10 Total 0-10um STP","21660","Eugene, OR","41","Oregon","039","Lane","44.0672238","-123.1413524"
"01/07/2020","AQS","410390059","1","5","ug/m3 SC","5","Eugene - Hwy 99 (E99)","1","100.0000","81102","PM10 Total 0-10um STP","21660","Eugene, OR","41","Oregon","039","Lane","44.0672238","-123.1413524"
"01/08/2020","AQS","410390059","1","4","ug/m3 SC","4","Eugene - Hwy 99 (E99)","1","100.0000","81102","PM10 Total 0-10um STP","21660","Eugene, OR","41","Oregon","039","Lane","44.0672238","-123.1413524"
"01/09/2020","AQS","410390059","1","6","ug/m3 SC","6","Eugene - Hwy 99 (E99)","1","100.0000","81102","PM10 Total 0-10um STP","21660","Eugene, OR","41","Oregon","039","Lane","44.0672238","-123.1413524"
"01/10/2020","AQS","410390059","1","5","ug/m3 SC","5","Eugene - Hwy 99 (E99)","1","100.0000","81102","PM10 Total 0-10um STP","21660","Eugene, OR","41","Oregon","039","Lane","44.0672238","-123.1413524"
"01/11/2020","AQS","410390059","1","6","ug/m3 SC","6","Eugene - Hwy 99 (E99)","1","100.0000","81102","PM10 Total 0-10um STP","21660","Eugene, OR","41","Oregon","039","Lane","44.0672238","-123.1413524"
"01/12/2020","AQS","410390059","1","3","ug/m3 SC","3","Eugene - Hwy 99 (E99)","1","100.0000","81102","PM10 Total 0-10um STP","21660","Eugene, OR","41","Oregon","039","Lane","44.0672238","-123.1413524"
"01/13/2020","AQS","410390059","1","3","ug/m3 SC","3","Eugene - Hwy 99 (E99)","1","100.0000","81102","PM10 Total 0-10um STP","21660","Eugene, OR","41","Oregon","039","Lane","44.0672238","-123.1413524"
"01/14/2020","AQS","410390059","1","5","ug/m3 SC","5","Eugene - Hwy 99 (E99)","1","100.0000","81102","PM10 Total 0-10um STP","21660","Eugene, OR","41","Oregon","039","Lane","44.0672238","-123.1413524"
"01/15/2020","AQS","410390059","1","5","ug/m3 SC","5","Eugene - Hwy 99 (E99)","1","100.0000","81102","PM10 Total 0-10um STP","21660","Eugene, OR","41","Oregon","039","Lane","44.0672238","-123.1413524"
"01/16/2020","AQS","410390059","1","8","ug/m3 SC","7","Eugene - Hwy 99 (E99)","1","100.0000","81102","PM10 Total 0-10um STP","21660","Eugene, OR","41","Oregon","039","Lane","44.0672238","-123.1413524"
"01/17/2020","AQS","410390059","1","4","ug/m3 SC","4","Eugene - Hwy 99 (E99)","1","100.0000","81102","PM10 Total 0-10um STP","21660","Eugene, OR","41","Oregon","039","Lane","44.0672238","-123.1413524"
"01/18/2020","AQS","410390059","1","4","ug/m3 SC","4","Eugene - Hwy 99 (E99)","1","100.0000","81102","PM10 Total 0-10um STP","21660","Eugene, OR","41","Oregon","039","Lane","44.0672238","-123.1413524"
"01/19/2020","AQS","410390059","1","7","ug/m3 SC","6","Eugene - Hwy 99 (E99)","1","100.0000","81102","PM10 Total 0-10um STP","21660","Eugene, OR","41","Oregon","039","Lane","44.0672238","-123.1413524"
"01/20/2020","AQS","410390059","1","16","ug/m3 SC","15","Eugene - Hwy 99 (E99)","1","100.0000","81102","PM10 Total 0-10um STP","21660","Eugene, OR","41","Oregon","039","Lane","44.0672238","-123.1413524"
"01/21/2020","AQS","410390059","1","4","ug/m3 SC","4","Eugene - Hwy 99 (E99)","1","100.0000","81102","PM10 Total 0-10um STP","21660","Eugene, OR","41","Oregon","039","Lane","44.0672238","-123.1413524"
"01/22/2020","AQS","410390059","1","4","ug/m3 SC","4","Eugene - Hwy 99 (E99)","1","100.0000","81102","PM10 Total 0-10um STP","21660","Eugene, OR","41","Oregon","039","Lane","44.0672238","-123.1413524"
"01/23/2020","AQS","410390059","1","5","ug/m3 SC","5","Eugene - Hwy 99 (E99)","1","100.0000","81102","PM10 Total 0-10um STP","21660","Eugene, OR","41","Oregon","039","Lane","44.0672238","-123.1413524"
"01/24/2020","AQS","410390059","1","7","ug/m3 SC","6","Eugene - Hwy 99 (E99)","1","100.0000","81102","PM10 Total 0-10um STP","21660","Eugene, OR","41","Oregon","039","Lane","44.0672238","-123.1413524"
"01/25/2020","AQS","410390059","1","5","ug/m3 SC","5","Eugene - Hwy 99 (E99)","1","100.0000","81102","PM10 Total 0-10um STP","21660","Eugene, OR","41","Oregon","039","Lane","44.0672238","-123.1413524"
"01/26/2020","AQS","410390059","1","7","ug/m3 SC","6","Eugene - Hwy 99 (E99)","1","100.0000","81102","PM10 Total 0-10um STP","21660","Eugene, OR","41","Oregon","039","Lane","44.0672238","-123.1413524"
"01/27/2020","AQS","410390059","1","3","ug/m3 SC","3","Eugene - Hwy 99 (E99)","1","100.0000","81102","PM10 Total 0-10um STP","21660","Eugene, OR","41","Oregon","039","Lane","44.0672238","-123.1413524"
"01/28/2020","AQS","410390059","1","4","ug/m3 SC","4","Eugene - Hwy 99 (E99)","1","100.0000","81102","PM10 Total 0-10um STP","21660","Eugene, OR","41","Oregon","039","Lane","44.0672238","-123.1413524"
"01/29/2020","AQS","410390059","1","5","ug/m3 SC","5","Eugene - Hwy 99 (E99)","1","100.0000","81102","PM10 Total 0-10um STP","21660","Eugene, OR","41","Oregon","039","Lane","44.0672238","-123.1413524"
"01/30/2020","AQS","410390059","1","6","ug/m3 SC","6","Eugene - Hwy 99 (E99)","1","100.0000","81102","PM10 Total 0-10um STP","21660","Eugene, OR","41","Oregon","039","Lane","44.0672238","-123.1413524"
"01/31/2020","AQS","410390059","1","8","ug/m3 SC","7","Eugene - Hwy 99 (E99)","1","100.0000","81102","PM10 Total 0-10um STP","21660","Eugene, OR","41","Oregon","039","Lane","44.0672238","-123.1413524"
"02/01/2020","AQS","410390059","1","5","ug/m3 SC","5","Eugene - Hwy 99 (E99)","1","100.0000","81102","PM10 Total 0-10um STP","21660","Eugene, OR","41","Oregon","039","Lane","44.0672238","-123.1413524"
"02/02/2020","AQS","410390059","1","8","ug/m3 SC","7","Eugene - Hwy 99 (E99)","1","100.0000","81102","PM10 Total 0-10um STP","21660","Eugene, OR","41","Oregon","039","Lane","44.0672238","-123.1413524"
"02/03/2020","AQS","410390059","1","11","ug/m3 SC","10","Eugene - Hwy 99 (E99)","1","100.0000","81102","PM10 Total 0-10um STP","21660","Eugene, OR","41","Oregon","039","Lane","44.0672238","-123.1413524"
"02/04/2020","AQS","410390059","1","9","ug/m3 SC","8","Eugene - Hwy 99 (E99)","1","100.0000","81102","PM10 Total 0-10um STP","21660","Eugene, OR","41","Oregon","039","Lane","44.0672238","-123.1413524"
"02/05/2020","AQS","410390059","1","3","ug/m3 SC","3","Eugene - Hwy 99 (E99)","1","100.0000","81102","PM10 Total 0-10um STP","21660","Eugene, OR","41","Oregon","039","Lane","44.0672238","-123.1413524"
"02/06/2020","AQS","410390059","1","3","ug/m3 SC","3","Eugene - Hwy 99 (E99)","1","100.0000","81102","PM10 Total 0-10um STP","21660","Eugene, OR","41","Oregon","039","Lane","44.0672238","-123.1413524"
"02/07/2020","AQS","410390059","1","3","ug/m3 SC","3","Eugene - Hwy 99 (E99)","1","100.0000","81102","PM10 Total 0-10um STP","21660","Eugene, OR","41","Oregon","039","Lane","44.0672238","-123.1413524"
"02/08/2020","AQS","410390059","1","9","ug/m3 SC","8","Eugene - Hwy 99 (E99)","1","100.0000","81102","PM10 Total 0-10um STP","21660","Eugene, OR","41","Oregon","039","Lane","44.0672238","-123.1413524"
"02/09/2020","AQS","410390059","1","12","ug/m3 SC","11","Eugene - Hwy 99 (E99)","1","100.0000","81102","PM10 Total 0-10um STP","21660","Eugene, OR","41","Oregon","039","Lane","44.0672238","-123.1413524"
"02/10/2020","AQS","410390059","1","16","ug/m3 SC","15","Eugene - Hwy 99 (E99)","1","100.0000","81102","PM10 Total 0-10um STP","21660","Eugene, OR","41","Oregon","039","Lane","44.0672238","-123.1413524"
"02/11/2020","AQS","410390059","1","14","ug/m3 SC","13","Eugene - Hwy 99 (E99)","1","100.0000","81102","PM10 Total 0-10um STP","21660","Eugene, OR","41","Oregon","039","Lane","44.0672238","-123.1413524"
"02/12/2020","AQS","410390059","1","16","ug/m3 SC","15","Eugene - Hwy 99 (E99)","1","100.0000","81102","PM10 Total 0-10um STP","21660","Eugene, OR","41","Oregon","039","Lane","44.0672238","-123.1413524"
"02/13/2020","AQS","410390059","1","7","ug/m3 SC","6","Eugene - Hwy 99 (E99)","1","100.0000","81102","PM10 Total 0-10um STP","21660","Eugene, OR","41","Oregon","039","Lane","44.0672238","-123.1413524"
"02/14/2020","AQS","410390059","1","5","ug/m3 SC","5","Eugene - Hwy 99 (E99)","1","100.0000","81102","PM10 Total 0-10um STP","21660","Eugene, OR","41","Oregon","039","Lane","44.0672238","-123.1413524"
"02/15/2020","AQS","410390059","1","5","ug/m3 SC","5","Eugene - Hwy 99 (E99)","1","100.0000","81102","PM10 Total 0-10um STP","21660","Eugene, OR","41","Oregon","039","Lane","44.0672238","-123.1413524"
"02/16/2020","AQS","410390059","1","6","ug/m3 SC","6","Eugene - Hwy 99 (E99)","1","100.0000","81102","PM10 Total 0-10um STP","21660","Eugene, OR","41","Oregon","039","Lane","44.0672238","-123.1413524"
"02/17/2020","AQS","410390059","1","13","ug/m3 SC","12","Eugene - Hwy 99 (E99)","1","100.0000","81102","PM10 Total 0-10um STP","21660","Eugene, OR","41","Oregon","039","Lane","44.0672238","-123.1413524"
"02/18/2020","AQS","410390059","1","22","ug/m3 SC","20","Eugene - Hwy 99 (E99)","1","100.0000","81102","PM10 Total 0-10um STP","21660","Eugene, OR","41","Oregon","039","Lane","44.0672238","-123.1413524"
"02/19/2020","AQS","410390059","1","26","ug/m3 SC","24","Eugene - Hwy 99 (E99)","1","100.0000","81102","PM10 Total 0-10um STP","21660","Eugene, OR","41","Oregon","039","Lane","44.0672238","-123.1413524"
"02/20/2020","AQS","410390059","1","27","ug/m3 SC","25","Eugene - Hwy 99 (E99)","1","100.0000","81102","PM10 Total 0-10um STP","21660","Eugene, OR","41","Oregon","039","Lane","44.0672238","-123.1413524"
"02/21/2020","AQS","410390059","1","34","ug/m3 SC","31","Eugene - Hwy 99 (E99)","1","100.0000","81102","PM10 Total 0-10um STP","21660","Eugene, OR","41","Oregon","039","Lane","44.0672238","-123.1413524"
"02/22/2020","AQS","410390059","1","27","ug/m3 SC","25","Eugene - Hwy 99 (E99)","1","100.0000","81102","PM10 Total 0-10um STP","21660","Eugene, OR","41","Oregon","039","Lane","44.0672238","-123.1413524"
"02/23/2020","AQS","410390059","1","10","ug/m3 SC","9","Eugene - Hwy 99 (E99)","1","100.0000","81102","PM10 Total 0-10um STP","21660","Eugene, OR","41","Oregon","039","Lane","44.0672238","-123.1413524"
"02/24/2020","AQS","410390059","1","15","ug/m3 SC","14","Eugene - Hwy 99 (E99)","1","100.0000","81102","PM10 Total 0-10um STP","21660","Eugene, OR","41","Oregon","039","Lane","44.0672238","-123.1413524"
"02/25/2020","AQS","410390059","1","23","ug/m3 SC","21","Eugene - Hwy 99 (E99)","1","100.0000","81102","PM10 Total 0-10um STP","21660","Eugene, OR","41","Oregon","039","Lane","44.0672238","-123.1413524"
"02/26/2020","AQS","410390059","1","24","ug/m3 SC","22","Eugene - Hwy 99 (E99)","1","100.0000","81102","PM10 Total 0-10um STP","21660","Eugene, OR","41","Oregon","039","Lane","44.0672238","-123.1413524"
"02/27/2020","AQS","410390059","1","28","ug/m3 SC","26","Eugene - Hwy 99 (E99)","1","100.0000","81102","PM10 Total 0-10um STP","21660","Eugene, OR","41","Oregon","039","Lane","44.0672238","-123.1413524"
"02/28/2020","AQS","410390059","1","19","ug/m3 SC","18","Eugene - Hwy 99 (E99)","1","100.0000","81102","PM10 Total 0-10um STP","21660","Eugene, OR","41","Oregon","039","Lane","44.0672238","-123.1413524"
"02/29/2020","AQS","410390059","1","5","ug/m3 SC","5","Eugene - Hwy 99 (E99)","1","100.0000","81102","PM10 Total 0-10um STP","21660","Eugene, OR","41","Oregon","039","Lane","44.0672238","-123.1413524"
"03/01/2020","AQS","410390059","1","11","ug/m3 SC","10","Eugene - Hwy 99 (E99)","1","100.0000","81102","PM10 Total 0-10um STP","21660","Eugene, OR","41","Oregon","039","Lane","44.0672238","-123.1413524"
"03/02/2020","AQS","410390059","1","11","ug/m3 SC","10","Eugene - Hwy 99 (E99)","1","100.0000","81102","PM10 Total 0-10um STP","21660","Eugene, OR","41","Oregon","039","Lane","44.0672238","-123.1413524"
"03/03/2020","AQS","410390059","1","7","ug/m3 SC","6","Eugene - Hwy 99 (E99)","1","100.0000","81102","PM10 Total 0-10um STP","21660","Eugene, OR","41","Oregon","039","Lane","44.0672238","-123.1413524"
"03/04/2020","AQS","410390059","1","12","ug/m3 SC","11","Eugene - Hwy 99 (E99)","1","100.0000","81102","PM10 Total 0-10um STP","21660","Eugene, OR","41","Oregon","039","Lane","44.0672238","-123.1413524"
"03/05/2020","AQS","410390059","1","14","ug/m3 SC","13","Eugene - Hwy 99 (E99)","1","100.0000","81102","PM10 Total 0-10um STP","21660","Eugene, OR","41","Oregon","039","Lane","44.0672238","-123.1413524"
"03/06/2020","AQS","410390059","1","8","ug/m3 SC","7","Eugene - Hwy 99 (E99)","1","100.0000","81102","PM10 Total 0-10um STP","21660","Eugene, OR","41","Oregon","039","Lane","44.0672238","-123.1413524"
"03/07/2020","AQS","410390059","1","3","ug/m3 SC","3","Eugene - Hwy 99 (E99)","1","100.0000","81102","PM10 Total 0-10um STP","21660","Eugene, OR","41","Oregon","039","Lane","44.0672238","-123.1413524"
"03/08/2020","AQS","410390059","1","8","ug/m3 SC","7","Eugene - Hwy 99 (E99)","1","100.0000","81102","PM10 Total 0-10um STP","21660","Eugene, OR","41","Oregon","039","Lane","44.0672238","-123.1413524"
"03/09/2020","AQS","410390059","1","16","ug/m3 SC","15","Eugene - Hwy 99 (E99)","1","100.0000","81102","PM10 Total 0-10um STP","21660","Eugene, OR","41","Oregon","039","Lane","44.0672238","-123.1413524"
"03/10/2020","AQS","410390059","1","18","ug/m3 SC","17","Eugene - Hwy 99 (E99)","1","100.0000","81102","PM10 Total 0-10um STP","21660","Eugene, OR","41","Oregon","039","Lane","44.0672238","-123.1413524"
"03/11/2020","AQS","410390059","1","19","ug/m3 SC","18","Eugene - Hwy 99 (E99)","1","100.0000","81102","PM10 Total 0-10um STP","21660","Eugene, OR","41","Oregon","039","Lane","44.0672238","-123.1413524"
"03/12/2020","AQS","410390059","1","15","ug/m3 SC","14","Eugene - Hwy 99 (E99)","1","100.0000","81102","PM10 Total 0-10um STP","21660","Eugene, OR","41","Oregon","039","Lane","44.0672238","-123.1413524"
"03/13/2020","AQS","410390059","1","14","ug/m3 SC","13","Eugene - Hwy 99 (E99)","1","100.0000","81102","PM10 Total 0-10um STP","21660","Eugene, OR","41","Oregon","039","Lane","44.0672238","-123.1413524"
"03/14/2020","AQS","410390059","1","3","ug/m3 SC","3","Eugene - Hwy 99 (E99)","1","100.0000","81102","PM10 Total 0-10um STP","21660","Eugene, OR","41","Oregon","039","Lane","44.0672238","-123.1413524"
"03/15/2020","AQS","410390059","1","5","ug/m3 SC","5","Eugene - Hwy 99 (E99)","1","100.0000","81102","PM10 Total 0-10um STP","21660","Eugene, OR","41","Oregon","039","Lane","44.0672238","-123.1413524"
"03/16/2020","AQS","410390059","1","12","ug/m3 SC","11","Eugene - Hwy 99 (E99)","1","100.0000","81102","PM10 Total 0-10um STP","21660","Eugene, OR","41","Oregon","039","Lane","44.0672238","-123.1413524"
"03/17/2020","AQS","410390059","1","16","ug/m3 SC","15","Eugene - Hwy 99 (E99)","1","100.0000","81102","PM10 Total 0-10um STP","21660","Eugene, OR","41","Oregon","039","Lane","44.0672238","-123.1413524"
"03/18/2020","AQS","410390059","1","19","ug/m3 SC","18","Eugene - Hwy 99 (E99)","1","100.0000","81102","PM10 Total 0-10um STP","21660","Eugene, OR","41","Oregon","039","Lane","44.0672238","-123.1413524"
"03/19/2020","AQS","410390059","1","16","ug/m3 SC","15","Eugene - Hwy 99 (E99)","1","100.0000","81102","PM10 Total 0-10um STP","21660","Eugene, OR","41","Oregon","039","Lane","44.0672238","-123.1413524"
"03/20/2020","AQS","410390059","1","33","ug/m3 SC","31","Eugene - Hwy 99 (E99)","1","100.0000","81102","PM10 Total 0-10um STP","21660","Eugene, OR","41","Oregon","039","Lane","44.0672238","-123.1413524"
"03/21/2020","AQS","410390059","1","22","ug/m3 SC","20","Eugene - Hwy 99 (E99)","1","100.0000","81102","PM10 Total 0-10um STP","21660","Eugene, OR","41","Oregon","039","Lane","44.0672238","-123.1413524"
"03/22/2020","AQS","410390059","1","12","ug/m3 SC","11","Eugene - Hwy 99 (E99)","1","100.0000","81102","PM10 Total 0-10um STP","21660","Eugene, OR","41","Oregon","039","Lane","44.0672238","-123.1413524"
"03/23/2020","AQS","410390059","1","6","ug/m3 SC","6","Eugene - Hwy 99 (E99)","1","100.0000","81102","PM10 Total 0-10um STP","21660","Eugene, OR","41","Oregon","039","Lane","44.0672238","-123.1413524"
"03/24/2020","AQS","410390059","1","4","ug/m3 SC","4","Eugene - Hwy 99 (E99)","1","100.0000","81102","PM10 Total 0-10um STP","21660","Eugene, OR","41","Oregon","039","Lane","44.0672238","-123.1413524"
"03/25/2020","AQS","410390059","1","4","ug/m3 SC","4","Eugene - Hwy 99 (E99)","1","100.0000","81102","PM10 Total 0-10um STP","21660","Eugene, OR","41","Oregon","039","Lane","44.0672238","-123.1413524"
"03/26/2020","AQS","410390059","1","7","ug/m3 SC","6","Eugene - Hwy 99 (E99)","1","100.0000","81102","PM10 Total 0-10um STP","21660","Eugene, OR","41","Oregon","039","Lane","44.0672238","-123.1413524"
"03/27/2020","AQS","410390059","1","12","ug/m3 SC","11","Eugene - Hwy 99 (E99)","1","100.0000","81102","PM10 Total 0-10um STP","21660","Eugene, OR","41","Oregon","039","Lane","44.0672238","-123.1413524"
"03/28/2020","AQS","410390059","1","6","ug/m3 SC","6","Eugene - Hwy 99 (E99)","1","100.0000","81102","PM10 Total 0-10um STP","21660","Eugene, OR","41","Oregon","039","Lane","44.0672238","-123.1413524"
"03/29/2020","AQS","410390059","1","2","ug/m3 SC","2","Eugene - Hwy 99 (E99)","1","100.0000","81102","PM10 Total 0-10um STP","21660","Eugene, OR","41","Oregon","039","Lane","44.0672238","-123.1413524"
"03/30/2020","AQS","410390059","1","4","ug/m3 SC","4","Eugene - Hwy 99 (E99)","1","100.0000","81102","PM10 Total 0-10um STP","21660","Eugene, OR","41","Oregon","039","Lane","44.0672238","-123.1413524"
"03/31/2020","AQS","410390059","1","4","ug/m3 SC","4","Eugene - Hwy 99 (E99)","1","100.0000","81102","PM10 Total 0-10um STP","21660","Eugene, OR","41","Oregon","039","Lane","44.0672238","-123.1413524"
"01/04/2020","AQS","410390060","7","5","ug/m3 SC","5","Eugene - AMAZON PARK (EAP)","1","100.0000","81102","PM10 Total 0-10um STP","21660","Eugene, OR","41","Oregon","039","Lane","44.026312","-123.083737"
"01/10/2020","AQS","410390060","7","4","ug/m3 SC","4","Eugene - AMAZON PARK (EAP)","1","100.0000","81102","PM10 Total 0-10um STP","21660","Eugene, OR","41","Oregon","039","Lane","44.026312","-123.083737"
"01/16/2020","AQS","410390060","7","9","ug/m3 SC","8","Eugene - AMAZON PARK (EAP)","1","100.0000","81102","PM10 Total 0-10um STP","21660","Eugene, OR","41","Oregon","039","Lane","44.026312","-123.083737"
"01/22/2020","AQS","410390060","7","3","ug/m3 SC","3","Eugene - AMAZON PARK (EAP)","1","100.0000","81102","PM10 Total 0-10um STP","21660","Eugene, OR","41","Oregon","039","Lane","44.026312","-123.083737"
"01/28/2020","AQS","410390060","7","4","ug/m3 SC","4","Eugene - AMAZON PARK (EAP)","1","100.0000","81102","PM10 Total 0-10um STP","21660","Eugene, OR","41","Oregon","039","Lane","44.026312","-123.083737"
"02/03/2020","AQS","410390060","7","11","ug/m3 SC","10","Eugene - AMAZON PARK (EAP)","1","100.0000","81102","PM10 Total 0-10um STP","21660","Eugene, OR","41","Oregon","039","Lane","44.026312","-123.083737"
"02/09/2020","AQS","410390060","7","12","ug/m3 SC","11","Eugene - AMAZON PARK (EAP)","1","100.0000","81102","PM10 Total 0-10um STP","21660","Eugene, OR","41","Oregon","039","Lane","44.026312","-123.083737"
"02/15/2020","AQS","410390060","7","3","ug/m3 SC","3","Eugene - AMAZON PARK (EAP)","1","100.0000","81102","PM10 Total 0-10um STP","21660","Eugene, OR","41","Oregon","039","Lane","44.026312","-123.083737"
"02/21/2020","AQS","410390060","7","21","ug/m3 SC","19","Eugene - AMAZON PARK (EAP)","1","100.0000","81102","PM10 Total 0-10um STP","21660","Eugene, OR","41","Oregon","039","Lane","44.026312","-123.083737"
"02/27/2020","AQS","410390060","7","19","ug/m3 SC","18","Eugene - AMAZON PARK (EAP)","1","100.0000","81102","PM10 Total 0-10um STP","21660","Eugene, OR","41","Oregon","039","Lane","44.026312","-123.083737"
"03/04/2020","AQS","410390060","7","13","ug/m3 SC","12","Eugene - AMAZON PARK (EAP)","1","100.0000","81102","PM10 Total 0-10um STP","21660","Eugene, OR","41","Oregon","039","Lane","44.026312","-123.083737"
"03/10/2020","AQS","410390060","7","13","ug/m3 SC","12","Eugene - AMAZON PARK (EAP)","1","100.0000","81102","PM10 Total 0-10um STP","21660","Eugene, OR","41","Oregon","039","Lane","44.026312","-123.083737"
"03/16/2020","AQS","410390060","7","10","ug/m3 SC","9","Eugene - AMAZON PARK (EAP)","1","100.0000","81102","PM10 Total 0-10um STP","21660","Eugene, OR","41","Oregon","039","Lane","44.026312","-123.083737"
"03/22/2020","AQS","410390060","7","9","ug/m3 SC","8","Eugene - AMAZON PARK (EAP)","1","100.0000","81102","PM10 Total 0-10um STP","21660","Eugene, OR","41","Oregon","039","Lane","44.026312","-123.083737"
"03/28/2020","AQS","410390060","7","6","ug/m3 SC","6","Eugene - AMAZON PARK (EAP)","1","100.0000","81102","PM10 Total 0-10um STP","21660","Eugene, OR","41","Oregon","039","Lane","44.026312","-123.083737"
"01/01/2020","AQS","410392013","1","6","ug/m3 SC","6","Oakridge - (OAK)","1","100.0000","81102","PM10 Total 0-10um STP","21660","Eugene, OR","41","Oregon","039","Lane","43.744352","-122.480487"
"01/02/2020","AQS","410392013","1","14","ug/m3 SC","13","Oakridge - (OAK)","1","100.0000","81102","PM10 Total 0-10um STP","21660","Eugene, OR","41","Oregon","039","Lane","43.744352","-122.480487"
"01/03/2020","AQS","410392013","1","22","ug/m3 SC","20","Oakridge - (OAK)","1","100.0000","81102","PM10 Total 0-10um STP","21660","Eugene, OR","41","Oregon","039","Lane","43.744352","-122.480487"
"01/04/2020","AQS","410392013","1","11","ug/m3 SC","10","Oakridge - (OAK)","1","100.0000","81102","PM10 Total 0-10um STP","21660","Eugene, OR","41","Oregon","039","Lane","43.744352","-122.480487"
"01/05/2020","AQS","410392013","1","9","ug/m3 SC","8","Oakridge - (OAK)","1","100.0000","81102","PM10 Total 0-10um STP","21660","Eugene, OR","41","Oregon","039","Lane","43.744352","-122.480487"
"01/06/2020","AQS","410392013","1","11","ug/m3 SC","10","Oakridge - (OAK)","1","100.0000","81102","PM10 Total 0-10um STP","21660","Eugene, OR","41","Oregon","039","Lane","43.744352","-122.480487"
"01/07/2020","AQS","410392013","1","8","ug/m3 SC","7","Oakridge - (OAK)","1","100.0000","81102","PM10 Total 0-10um STP","21660","Eugene, OR","41","Oregon","039","Lane","43.744352","-122.480487"
"01/08/2020","AQS","410392013","1","8","ug/m3 SC","7","Oakridge - (OAK)","1","100.0000","81102","PM10 Total 0-10um STP","21660","Eugene, OR","41","Oregon","039","Lane","43.744352","-122.480487"
"01/09/2020","AQS","410392013","1","10","ug/m3 SC","9","Oakridge - (OAK)","1","100.0000","81102","PM10 Total 0-10um STP","21660","Eugene, OR","41","Oregon","039","Lane","43.744352","-122.480487"
"01/10/2020","AQS","410392013","1","9","ug/m3 SC","8","Oakridge - (OAK)","1","100.0000","81102","PM10 Total 0-10um STP","21660","Eugene, OR","41","Oregon","039","Lane","43.744352","-122.480487"
"01/11/2020","AQS","410392013","1","7","ug/m3 SC","6","Oakridge - (OAK)","1","100.0000","81102","PM10 Total 0-10um STP","21660","Eugene, OR","41","Oregon","039","Lane","43.744352","-122.480487"
"01/12/2020","AQS","410392013","1","6","ug/m3 SC","6","Oakridge - (OAK)","1","100.0000","81102","PM10 Total 0-10um STP","21660","Eugene, OR","41","Oregon","039","Lane","43.744352","-122.480487"
"01/13/2020","AQS","410392013","1","20","ug/m3 SC","19","Oakridge - (OAK)","1","100.0000","81102","PM10 Total 0-10um STP","21660","Eugene, OR","41","Oregon","039","Lane","43.744352","-122.480487"
"01/14/2020","AQS","410392013","1","29","ug/m3 SC","27","Oakridge - (OAK)","1","100.0000","81102","PM10 Total 0-10um STP","21660","Eugene, OR","41","Oregon","039","Lane","43.744352","-122.480487"
"01/15/2020","AQS","410392013","1","14","ug/m3 SC","13","Oakridge - (OAK)","1","100.0000","81102","PM10 Total 0-10um STP","21660","Eugene, OR","41","Oregon","039","Lane","43.744352","-122.480487"
"01/16/2020","AQS","410392013","1","14","ug/m3 SC","13","Oakridge - (OAK)","1","100.0000","81102","PM10 Total 0-10um STP","21660","Eugene, OR","41","Oregon","039","Lane","43.744352","-122.480487"
"01/17/2020","AQS","410392013","1","9","ug/m3 SC","8","Oakridge - (OAK)","1","100.0000","81102","PM10 Total 0-10um STP","21660","Eugene, OR","41","Oregon","039","Lane","43.744352","-122.480487"
"01/18/2020","AQS","410392013","1","10","ug/m3 SC","9","Oakridge - (OAK)","1","100.0000","81102","PM10 Total 0-10um STP","21660","Eugene, OR","41","Oregon","039","Lane","43.744352","-122.480487"
"01/19/2020","AQS","410392013","1","9","ug/m3 SC","8","Oakridge - (OAK)","1","100.0000","81102","PM10 Total 0-10um STP","21660","Eugene, OR","41","Oregon","039","Lane","43.744352","-122.480487"
"01/20/2020","AQS","410392013","1","17","ug/m3 SC","16","Oakridge - (OAK)","1","100.0000","81102","PM10 Total 0-10um STP","21660","Eugene, OR","41","Oregon","039","Lane","43.744352","-122.480487"
"01/21/2020","AQS","410392013","1","13","ug/m3 SC","12","Oakridge - (OAK)","1","100.0000","81102","PM10 Total 0-10um STP","21660","Eugene, OR","41","Oregon","039","Lane","43.744352","-122.480487"
"01/22/2020","AQS","410392013","1","11","ug/m3 SC","10","Oakridge - (OAK)","1","100.0000","81102","PM10 Total 0-10um STP","21660","Eugene, OR","41","Oregon","039","Lane","43.744352","-122.480487"
"01/23/2020","AQS","410392013","1","7","ug/m3 SC","6","Oakridge - (OAK)","1","100.0000","81102","PM10 Total 0-10um STP","21660","Eugene, OR","41","Oregon","039","Lane","43.744352","-122.480487"
"01/24/2020","AQS","410392013","1","8","ug/m3 SC","7","Oakridge - (OAK)","1","100.0000","81102","PM10 Total 0-10um STP","21660","Eugene, OR","41","Oregon","039","Lane","43.744352","-122.480487"
"01/25/2020","AQS","410392013","1","6","ug/m3 SC","6","Oakridge - (OAK)","1","100.0000","81102","PM10 Total 0-10um STP","21660","Eugene, OR","41","Oregon","039","Lane","43.744352","-122.480487"
"01/26/2020","AQS","410392013","1","8","ug/m3 SC","7","Oakridge - (OAK)","1","100.0000","81102","PM10 Total 0-10um STP","21660","Eugene, OR","41","Oregon","039","Lane","43.744352","-122.480487"
"01/27/2020","AQS","410392013","1","7","ug/m3 SC","6","Oakridge - (OAK)","1","100.0000","81102","PM10 Total 0-10um STP","21660","Eugene, OR","41","Oregon","039","Lane","43.744352","-122.480487"
"01/28/2020","AQS","410392013","1","5","ug/m3 SC","5","Oakridge - (OAK)","1","100.0000","81102","PM10 Total 0-10um STP","21660","Eugene, OR","41","Oregon","039","Lane","43.744352","-122.480487"
"01/29/2020","AQS","410392013","1","8","ug/m3 SC","7","Oakridge - (OAK)","1","100.0000","81102","PM10 Total 0-10um STP","21660","Eugene, OR","41","Oregon","039","Lane","43.744352","-122.480487"
"01/31/2020","AQS","410392013","1","15","ug/m3 SC","14","Oakridge - (OAK)","1","100.0000","81102","PM10 Total 0-10um STP","21660","Eugene, OR","41","Oregon","039","Lane","43.744352","-122.480487"
"02/01/2020","AQS","410392013","1","9","ug/m3 SC","8","Oakridge - (OAK)","1","100.0000","81102","PM10 Total 0-10um STP","21660","Eugene, OR","41","Oregon","039","Lane","43.744352","-122.480487"
"02/02/2020","AQS","410392013","1","9","ug/m3 SC","8","Oakridge - (OAK)","1","100.0000","81102","PM10 Total 0-10um STP","21660","Eugene, OR","41","Oregon","039","Lane","43.744352","-122.480487"
"02/03/2020","AQS","410392013","1","8","ug/m3 SC","7","Oakridge - (OAK)","1","100.0000","81102","PM10 Total 0-10um STP","21660","Eugene, OR","41","Oregon","039","Lane","43.744352","-122.480487"
"02/04/2020","AQS","410392013","1","6","ug/m3 SC","6","Oakridge - (OAK)","1","100.0000","81102","PM10 Total 0-10um STP","21660","Eugene, OR","41","Oregon","039","Lane","43.744352","-122.480487"
"02/05/2020","AQS","410392013","1","12","ug/m3 SC","11","Oakridge - (OAK)","1","100.0000","81102","PM10 Total 0-10um STP","21660","Eugene, OR","41","Oregon","039","Lane","43.744352","-122.480487"
"02/06/2020","AQS","410392013","1","8","ug/m3 SC","7","Oakridge - (OAK)","1","100.0000","81102","PM10 Total 0-10um STP","21660","Eugene, OR","41","Oregon","039","Lane","43.744352","-122.480487"
"02/07/2020","AQS","410392013","1","7","ug/m3 SC","6","Oakridge - (OAK)","1","100.0000","81102","PM10 Total 0-10um STP","21660","Eugene, OR","41","Oregon","039","Lane","43.744352","-122.480487"
"02/08/2020","AQS","410392013","1","7","ug/m3 SC","6","Oakridge - (OAK)","1","100.0000","81102","PM10 Total 0-10um STP","21660","Eugene, OR","41","Oregon","039","Lane","43.744352","-122.480487"
"02/09/2020","AQS","410392013","1","7","ug/m3 SC","6","Oakridge - (OAK)","1","100.0000","81102","PM10 Total 0-10um STP","21660","Eugene, OR","41","Oregon","039","Lane","43.744352","-122.480487"
"02/10/2020","AQS","410392013","1","11","ug/m3 SC","10","Oakridge - (OAK)","1","100.0000","81102","PM10 Total 0-10um STP","21660","Eugene, OR","41","Oregon","039","Lane","43.744352","-122.480487"
"02/11/2020","AQS","410392013","1","7","ug/m3 SC","6","Oakridge - (OAK)","1","100.0000","81102","PM10 Total 0-10um STP","21660","Eugene, OR","41","Oregon","039","Lane","43.744352","-122.480487"
"02/12/2020","AQS","410392013","1","13","ug/m3 SC","12","Oakridge - (OAK)","1","100.0000","81102","PM10 Total 0-10um STP","21660","Eugene, OR","41","Oregon","039","Lane","43.744352","-122.480487"
"02/13/2020","AQS","410392013","1","7","ug/m3 SC","6","Oakridge - (OAK)","1","100.0000","81102","PM10 Total 0-10um STP","21660","Eugene, OR","41","Oregon","039","Lane","43.744352","-122.480487"
"02/14/2020","AQS","410392013","1","7","ug/m3 SC","6","Oakridge - (OAK)","1","100.0000","81102","PM10 Total 0-10um STP","21660","Eugene, OR","41","Oregon","039","Lane","43.744352","-122.480487"
"02/15/2020","AQS","410392013","1","7","ug/m3 SC","6","Oakridge - (OAK)","1","100.0000","81102","PM10 Total 0-10um STP","21660","Eugene, OR","41","Oregon","039","Lane","43.744352","-122.480487"
"02/16/2020","AQS","410392013","1","4","ug/m3 SC","4","Oakridge - (OAK)","1","100.0000","81102","PM10 Total 0-10um STP","21660","Eugene, OR","41","Oregon","039","Lane","43.744352","-122.480487"
"02/17/2020","AQS","410392013","1","12","ug/m3 SC","11","Oakridge - (OAK)","1","100.0000","81102","PM10 Total 0-10um STP","21660","Eugene, OR","41","Oregon","039","Lane","43.744352","-122.480487"
"02/18/2020","AQS","410392013","1","14","ug/m3 SC","13","Oakridge - (OAK)","1","100.0000","81102","PM10 Total 0-10um STP","21660","Eugene, OR","41","Oregon","039","Lane","43.744352","-122.480487"
"02/19/2020","AQS","410392013","1","34","ug/m3 SC","31","Oakridge - (OAK)","1","100.0000","81102","PM10 Total 0-10um STP","21660","Eugene, OR","41","Oregon","039","Lane","43.744352","-122.480487"
"02/20/2020","AQS","410392013","1","38","ug/m3 SC","35","Oakridge - (OAK)","1","100.0000","81102","PM10 Total 0-10um STP","21660","Eugene, OR","41","Oregon","039","Lane","43.744352","-122.480487"
"02/21/2020","AQS","410392013","1","29","ug/m3 SC","27","Oakridge - (OAK)","1","100.0000","81102","PM10 Total 0-10um STP","21660","Eugene, OR","41","Oregon","039","Lane","43.744352","-122.480487"
"02/22/2020","AQS","410392013","1","31","ug/m3 SC","29","Oakridge - (OAK)","1","100.0000","81102","PM10 Total 0-10um STP","21660","Eugene, OR","41","Oregon","039","Lane","43.744352","-122.480487"
"02/23/2020","AQS","410392013","1","15","ug/m3 SC","14","Oakridge - (OAK)","1","100.0000","81102","PM10 Total 0-10um STP","21660","Eugene, OR","41","Oregon","039","Lane","43.744352","-122.480487"
"02/24/2020","AQS","410392013","1","15","ug/m3 SC","14","Oakridge - (OAK)","1","100.0000","81102","PM10 Total 0-10um STP","21660","Eugene, OR","41","Oregon","039","Lane","43.744352","-122.480487"
"02/25/2020","AQS","410392013","1","19","ug/m3 SC","18","Oakridge - (OAK)","1","100.0000","81102","PM10 Total 0-10um STP","21660","Eugene, OR","41","Oregon","039","Lane","43.744352","-122.480487"
"02/26/2020","AQS","410392013","1","20","ug/m3 SC","19","Oakridge - (OAK)","1","100.0000","81102","PM10 Total 0-10um STP","21660","Eugene, OR","41","Oregon","039","Lane","43.744352","-122.480487"
"02/27/2020","AQS","410392013","1","18","ug/m3 SC","17","Oakridge - (OAK)","1","100.0000","81102","PM10 Total 0-10um STP","21660","Eugene, OR","41","Oregon","039","Lane","43.744352","-122.480487"
"02/28/2020","AQS","410392013","1","22","ug/m3 SC","20","Oakridge - (OAK)","1","100.0000","81102","PM10 Total 0-10um STP","21660","Eugene, OR","41","Oregon","039","Lane","43.744352","-122.480487"
"02/29/2020","AQS","410392013","1","6","ug/m3 SC","6","Oakridge - (OAK)","1","100.0000","81102","PM10 Total 0-10um STP","21660","Eugene, OR","41","Oregon","039","Lane","43.744352","-122.480487"
"03/01/2020","AQS","410392013","1","6","ug/m3 SC","6","Oakridge - (OAK)","1","100.0000","81102","PM10 Total 0-10um STP","21660","Eugene, OR","41","Oregon","039","Lane","43.744352","-122.480487"
"03/02/2020","AQS","410392013","1","7","ug/m3 SC","6","Oakridge - (OAK)","1","100.0000","81102","PM10 Total 0-10um STP","21660","Eugene, OR","41","Oregon","039","Lane","43.744352","-122.480487"
"03/03/2020","AQS","410392013","1","10","ug/m3 SC","9","Oakridge - (OAK)","1","100.0000","81102","PM10 Total 0-10um STP","21660","Eugene, OR","41","Oregon","039","Lane","43.744352","-122.480487"
"03/04/2020","AQS","410392013","1","12","ug/m3 SC","11","Oakridge - (OAK)","1","100.0000","81102","PM10 Total 0-10um STP","21660","Eugene, OR","41","Oregon","039","Lane","43.744352","-122.480487"
"03/05/2020","AQS","410392013","1","18","ug/m3 SC","17","Oakridge - (OAK)","1","100.0000","81102","PM10 Total 0-10um STP","21660","Eugene, OR","41","Oregon","039","Lane","43.744352","-122.480487"
"03/06/2020","AQS","410392013","1","11","ug/m3 SC","10","Oakridge - (OAK)","1","100.0000","81102","PM10 Total 0-10um STP","21660","Eugene, OR","41","Oregon","039","Lane","43.744352","-122.480487"
"03/07/2020","AQS","410392013","1","4","ug/m3 SC","4","Oakridge - (OAK)","1","100.0000","81102","PM10 Total 0-10um STP","21660","Eugene, OR","41","Oregon","039","Lane","43.744352","-122.480487"
"03/08/2020","AQS","410392013","1","6","ug/m3 SC","6","Oakridge - (OAK)","1","100.0000","81102","PM10 Total 0-10um STP","21660","Eugene, OR","41","Oregon","039","Lane","43.744352","-122.480487"
"03/09/2020","AQS","410392013","1","13","ug/m3 SC","12","Oakridge - (OAK)","1","100.0000","81102","PM10 Total 0-10um STP","21660","Eugene, OR","41","Oregon","039","Lane","43.744352","-122.480487"
"03/10/2020","AQS","410392013","1","10","ug/m3 SC","9","Oakridge - (OAK)","1","100.0000","81102","PM10 Total 0-10um STP","21660","Eugene, OR","41","Oregon","039","Lane","43.744352","-122.480487"
"03/11/2020","AQS","410392013","1","19","ug/m3 SC","18","Oakridge - (OAK)","1","100.0000","81102","PM10 Total 0-10um STP","21660","Eugene, OR","41","Oregon","039","Lane","43.744352","-122.480487"
"03/12/2020","AQS","410392013","1","20","ug/m3 SC","19","Oakridge - (OAK)","1","100.0000","81102","PM10 Total 0-10um STP","21660","Eugene, OR","41","Oregon","039","Lane","43.744352","-122.480487"
"03/13/2020","AQS","410392013","1","14","ug/m3 SC","13","Oakridge - (OAK)","1","100.0000","81102","PM10 Total 0-10um STP","21660","Eugene, OR","41","Oregon","039","Lane","43.744352","-122.480487"
"03/14/2020","AQS","410392013","1","5","ug/m3 SC","5","Oakridge - (OAK)","1","100.0000","81102","PM10 Total 0-10um STP","21660","Eugene, OR","41","Oregon","039","Lane","43.744352","-122.480487"
"03/15/2020","AQS","410392013","1","11","ug/m3 SC","10","Oakridge - (OAK)","1","100.0000","81102","PM10 Total 0-10um STP","21660","Eugene, OR","41","Oregon","039","Lane","43.744352","-122.480487"
"03/16/2020","AQS","410392013","1","14","ug/m3 SC","13","Oakridge - (OAK)","1","100.0000","81102","PM10 Total 0-10um STP","21660","Eugene, OR","41","Oregon","039","Lane","43.744352","-122.480487"
"03/17/2020","AQS","410392013","1","13","ug/m3 SC","12","Oakridge - (OAK)","1","100.0000","81102","PM10 Total 0-10um STP","21660","Eugene, OR","41","Oregon","039","Lane","43.744352","-122.480487"
"03/18/2020","AQS","410392013","1","14","ug/m3 SC","13","Oakridge - (OAK)","1","100.0000","81102","PM10 Total 0-10um STP","21660","Eugene, OR","41","Oregon","039","Lane","43.744352","-122.480487"
"03/19/2020","AQS","410392013","1","18","ug/m3 SC","17","Oakridge - (OAK)","1","100.0000","81102","PM10 Total 0-10um STP","21660","Eugene, OR","41","Oregon","039","Lane","43.744352","-122.480487"
"03/20/2020","AQS","410392013","1","12","ug/m3 SC","11","Oakridge - (OAK)","1","100.0000","81102","PM10 Total 0-10um STP","21660","Eugene, OR","41","Oregon","039","Lane","43.744352","-122.480487"
"03/21/2020","AQS","410392013","1","12","ug/m3 SC","11","Oakridge - (OAK)","1","100.0000","81102","PM10 Total 0-10um STP","21660","Eugene, OR","41","Oregon","039","Lane","43.744352","-122.480487"
"03/22/2020","AQS","410392013","1","18","ug/m3 SC","17","Oakridge - (OAK)","1","100.0000","81102","PM10 Total 0-10um STP","21660","Eugene, OR","41","Oregon","039","Lane","43.744352","-122.480487"
"03/23/2020","AQS","410392013","1","6","ug/m3 SC","6","Oakridge - (OAK)","1","100.0000","81102","PM10 Total 0-10um STP","21660","Eugene, OR","41","Oregon","039","Lane","43.744352","-122.480487"
"03/24/2020","AQS","410392013","1","4","ug/m3 SC","4","Oakridge - (OAK)","1","100.0000","81102","PM10 Total 0-10um STP","21660","Eugene, OR","41","Oregon","039","Lane","43.744352","-122.480487"
"03/25/2020","AQS","410392013","1","7","ug/m3 SC","6","Oakridge - (OAK)","1","100.0000","81102","PM10 Total 0-10um STP","21660","Eugene, OR","41","Oregon","039","Lane","43.744352","-122.480487"
"03/26/2020","AQS","410392013","1","7","ug/m3 SC","6","Oakridge - (OAK)","1","100.0000","81102","PM10 Total 0-10um STP","21660","Eugene, OR","41","Oregon","039","Lane","43.744352","-122.480487"
"03/27/2020","AQS","410392013","1","11","ug/m3 SC","10","Oakridge - (OAK)","1","100.0000","81102","PM10 Total 0-10um STP","21660","Eugene, OR","41","Oregon","039","Lane","43.744352","-122.480487"
"03/28/2020","AQS","410392013","1","8","ug/m3 SC","7","Oakridge - (OAK)","1","100.0000","81102","PM10 Total 0-10um STP","21660","Eugene, OR","41","Oregon","039","Lane","43.744352","-122.480487"
"03/29/2020","AQS","410392013","1","7","ug/m3 SC","6","Oakridge - (OAK)","1","100.0000","81102","PM10 Total 0-10um STP","21660","Eugene, OR","41","Oregon","039","Lane","43.744352","-122.480487"
"03/30/2020","AQS","410392013","1","4","ug/m3 SC","4","Oakridge - (OAK)","1","100.0000","81102","PM10 Total 0-10um STP","21660","Eugene, OR","41","Oregon","039","Lane","43.744352","-122.480487"
"03/31/2020","AQS","410392013","1","4","ug/m3 SC","4","Oakridge - (OAK)","1","100.0000","81102","PM10 Total 0-10um STP","21660","Eugene, OR","41","Oregon","039","Lane","43.744352","-122.480487"
"01/01/2020","AQS","410510080","1","4","ug/m3 SC","4","Portland - SE Lafayette","1","100.0000","81102","PM10 Total 0-10um STP","38900","Portland-Vancouver-Hillsboro, OR-WA","41","Oregon","051","Multnomah","45.496641","-122.602877"
"01/04/2020","AQS","410510080","1","5","ug/m3 SC","5","Portland - SE Lafayette","1","100.0000","81102","PM10 Total 0-10um STP","38900","Portland-Vancouver-Hillsboro, OR-WA","41","Oregon","051","Multnomah","45.496641","-122.602877"
"01/07/2020","AQS","410510080","1","0","ug/m3 SC","0","Portland - SE Lafayette","1","100.0000","81102","PM10 Total 0-10um STP","38900","Portland-Vancouver-Hillsboro, OR-WA","41","Oregon","051","Multnomah","45.496641","-122.602877"
"01/10/2020","AQS","410510080","1","3","ug/m3 SC","3","Portland - SE Lafayette","1","100.0000","81102","PM10 Total 0-10um STP","38900","Portland-Vancouver-Hillsboro, OR-WA","41","Oregon","051","Multnomah","45.496641","-122.602877"
"01/13/2020","AQS","410510080","1","4","ug/m3 SC","4","Portland - SE Lafayette","1","100.0000","81102","PM10 Total 0-10um STP","38900","Portland-Vancouver-Hillsboro, OR-WA","41","Oregon","051","Multnomah","45.496641","-122.602877"
"01/16/2020","AQS","410510080","1","14","ug/m3 SC","13","Portland - SE Lafayette","1","100.0000","81102","PM10 Total 0-10um STP","38900","Portland-Vancouver-Hillsboro, OR-WA","41","Oregon","051","Multnomah","45.496641","-122.602877"
"01/19/2020","AQS","410510080","1","6","ug/m3 SC","6","Portland - SE Lafayette","1","100.0000","81102","PM10 Total 0-10um STP","38900","Portland-Vancouver-Hillsboro, OR-WA","41","Oregon","051","Multnomah","45.496641","-122.602877"
"01/22/2020","AQS","410510080","1","2","ug/m3 SC","2","Portland - SE Lafayette","1","100.0000","81102","PM10 Total 0-10um STP","38900","Portland-Vancouver-Hillsboro, OR-WA","41","Oregon","051","Multnomah","45.496641","-122.602877"
"01/25/2020","AQS","410510080","1","4","ug/m3 SC","4","Portland - SE Lafayette","1","100.0000","81102","PM10 Total 0-10um STP","38900","Portland-Vancouver-Hillsboro, OR-WA","41","Oregon","051","Multnomah","45.496641","-122.602877"
"01/28/2020","AQS","410510080","1","2","ug/m3 SC","2","Portland - SE Lafayette","1","100.0000","81102","PM10 Total 0-10um STP","38900","Portland-Vancouver-Hillsboro, OR-WA","41","Oregon","051","Multnomah","45.496641","-122.602877"
"01/31/2020","AQS","410510080","1","3","ug/m3 SC","3","Portland - SE Lafayette","1","100.0000","81102","PM10 Total 0-10um STP","38900","Portland-Vancouver-Hillsboro, OR-WA","41","Oregon","051","Multnomah","45.496641","-122.602877"
"02/03/2020","AQS","410510080","1","19","ug/m3 SC","18","Portland - SE Lafayette","1","100.0000","81102","PM10 Total 0-10um STP","38900","Portland-Vancouver-Hillsboro, OR-WA","41","Oregon","051","Multnomah","45.496641","-122.602877"
"02/06/2020","AQS","410510080","1","1","ug/m3 SC","1","Portland - SE Lafayette","1","100.0000","81102","PM10 Total 0-10um STP","38900","Portland-Vancouver-Hillsboro, OR-WA","41","Oregon","051","Multnomah","45.496641","-122.602877"
"02/09/2020","AQS","410510080","1","15","ug/m3 SC","14","Portland - SE Lafayette","1","100.0000","81102","PM10 Total 0-10um STP","38900","Portland-Vancouver-Hillsboro, OR-WA","41","Oregon","051","Multnomah","45.496641","-122.602877"
"02/12/2020","AQS","410510080","1","21","ug/m3 SC","19","Portland - SE Lafayette","1","100.0000","81102","PM10 Total 0-10um STP","38900","Portland-Vancouver-Hillsboro, OR-WA","41","Oregon","051","Multnomah","45.496641","-122.602877"
"02/15/2020","AQS","410510080","1","4","ug/m3 SC","4","Portland - SE Lafayette","1","100.0000","81102","PM10 Total 0-10um STP","38900","Portland-Vancouver-Hillsboro, OR-WA","41","Oregon","051","Multnomah","45.496641","-122.602877"
"02/18/2020","AQS","410510080","1","10","ug/m3 SC","9","Portland - SE Lafayette","1","100.0000","81102","PM10 Total 0-10um STP","38900","Portland-Vancouver-Hillsboro, OR-WA","41","Oregon","051","Multnomah","45.496641","-122.602877"
"02/21/2020","AQS","410510080","1","16","ug/m3 SC","15","Portland - SE Lafayette","1","100.0000","81102","PM10 Total 0-10um STP","38900","Portland-Vancouver-Hillsboro, OR-WA","41","Oregon","051","Multnomah","45.496641","-122.602877"
"02/24/2020","AQS","410510080","1","16","ug/m3 SC","15","Portland - SE Lafayette","1","100.0000","81102","PM10 Total 0-10um STP","38900","Portland-Vancouver-Hillsboro, OR-WA","41","Oregon","051","Multnomah","45.496641","-122.602877"
"02/27/2020","AQS","410510080","1","23","ug/m3 SC","21","Portland - SE Lafayette","1","100.0000","81102","PM10 Total 0-10um STP","38900","Portland-Vancouver-Hillsboro, OR-WA","41","Oregon","051","Multnomah","45.496641","-122.602877"
"03/01/2020","AQS","410510080","1","10","ug/m3 SC","9","Portland - SE Lafayette","1","100.0000","81102","PM10 Total 0-10um STP","38900","Portland-Vancouver-Hillsboro, OR-WA","41","Oregon","051","Multnomah","45.496641","-122.602877"
"03/04/2020","AQS","410510080","1","20","ug/m3 SC","19","Portland - SE Lafayette","1","100.0000","81102","PM10 Total 0-10um STP","38900","Portland-Vancouver-Hillsboro, OR-WA","41","Oregon","051","Multnomah","45.496641","-122.602877"
"03/07/2020","AQS","410510080","1","6","ug/m3 SC","6","Portland - SE Lafayette","1","100.0000","81102","PM10 Total 0-10um STP","38900","Portland-Vancouver-Hillsboro, OR-WA","41","Oregon","051","Multnomah","45.496641","-122.602877"
"03/10/2020","AQS","410510080","1","18","ug/m3 SC","17","Portland - SE Lafayette","1","100.0000","81102","PM10 Total 0-10um STP","38900","Portland-Vancouver-Hillsboro, OR-WA","41","Oregon","051","Multnomah","45.496641","-122.602877"
"03/13/2020","AQS","410510080","1","11","ug/m3 SC","10","Portland - SE Lafayette","1","100.0000","81102","PM10 Total 0-10um STP","38900","Portland-Vancouver-Hillsboro, OR-WA","41","Oregon","051","Multnomah","45.496641","-122.602877"
"03/16/2020","AQS","410510080","1","8","ug/m3 SC","7","Portland - SE Lafayette","1","100.0000","81102","PM10 Total 0-10um STP","38900","Portland-Vancouver-Hillsboro, OR-WA","41","Oregon","051","Multnomah","45.496641","-122.602877"
"03/19/2020","AQS","410510080","1","29","ug/m3 SC","27","Portland - SE Lafayette","1","100.0000","81102","PM10 Total 0-10um STP","38900","Portland-Vancouver-Hillsboro, OR-WA","41","Oregon","051","Multnomah","45.496641","-122.602877"
"03/22/2020","AQS","410510080","1","27","ug/m3 SC","25","Portland - SE Lafayette","1","100.0000","81102","PM10 Total 0-10um STP","38900","Portland-Vancouver-Hillsboro, OR-WA","41","Oregon","051","Multnomah","45.496641","-122.602877"
"03/25/2020","AQS","410510080","1","4","ug/m3 SC","4","Portland - SE Lafayette","1","100.0000","81102","PM10 Total 0-10um STP","38900","Portland-Vancouver-Hillsboro, OR-WA","41","Oregon","051","Multnomah","45.496641","-122.602877"
"03/28/2020","AQS","410510080","1","6","ug/m3 SC","6","Portland - SE Lafayette","1","100.0000","81102","PM10 Total 0-10um STP","38900","Portland-Vancouver-Hillsboro, OR-WA","41","Oregon","051","Multnomah","45.496641","-122.602877"
"03/31/2020","AQS","410510080","1","4","ug/m3 SC","4","Portland - SE Lafayette","1","100.0000","81102","PM10 Total 0-10um STP","38900","Portland-Vancouver-Hillsboro, OR-WA","41","Oregon","051","Multnomah","45.496641","-122.602877"
"04/03/2020","AQS","410510080","1","5","ug/m3 SC","5","Portland - SE Lafayette","1","100.0000","81102","PM10 Total 0-10um STP","38900","Portland-Vancouver-Hillsboro, OR-WA","41","Oregon","051","Multnomah","45.496641","-122.602877"
"04/06/2020","AQS","410510080","1","9","ug/m3 SC","8","Portland - SE Lafayette","1","100.0000","81102","PM10 Total 0-10um STP","38900","Portland-Vancouver-Hillsboro, OR-WA","41","Oregon","051","Multnomah","45.496641","-122.602877"
"04/09/2020","AQS","410510080","1","15","ug/m3 SC","14","Portland - SE Lafayette","1","100.0000","81102","PM10 Total 0-10um STP","38900","Portland-Vancouver-Hillsboro, OR-WA","41","Oregon","051","Multnomah","45.496641","-122.602877"
"04/12/2020","AQS","410510080","1","12","ug/m3 SC","11","Portland - SE Lafayette","1","100.0000","81102","PM10 Total 0-10um STP","38900","Portland-Vancouver-Hillsboro, OR-WA","41","Oregon","051","Multnomah","45.496641","-122.602877"
"04/15/2020","AQS","410510080","1","7","ug/m3 SC","6","Portland - SE Lafayette","1","100.0000","81102","PM10 Total 0-10um STP","38900","Portland-Vancouver-Hillsboro, OR-WA","41","Oregon","051","Multnomah","45.496641","-122.602877"
"04/18/2020","AQS","410510080","1","9","ug/m3 SC","8","Portland - SE Lafayette","1","100.0000","81102","PM10 Total 0-10um STP","38900","Portland-Vancouver-Hillsboro, OR-WA","41","Oregon","051","Multnomah","45.496641","-122.602877"
"04/21/2020","AQS","410510080","1","7","ug/m3 SC","6","Portland - SE Lafayette","1","100.0000","81102","PM10 Total 0-10um STP","38900","Portland-Vancouver-Hillsboro, OR-WA","41","Oregon","051","Multnomah","45.496641","-122.602877"
"04/24/2020","AQS","410510080","1","7","ug/m3 SC","6","Portland - SE Lafayette","1","100.0000","81102","PM10 Total 0-10um STP","38900","Portland-Vancouver-Hillsboro, OR-WA","41","Oregon","051","Multnomah","45.496641","-122.602877"
"04/27/2020","AQS","410510080","1","5","ug/m3 SC","5","Portland - SE Lafayette","1","100.0000","81102","PM10 Total 0-10um STP","38900","Portland-Vancouver-Hillsboro, OR-WA","41","Oregon","051","Multnomah","45.496641","-122.602877"
"04/30/2020","AQS","410510080","1","7","ug/m3 SC","6","Portland - SE Lafayette","1","100.0000","81102","PM10 Total 0-10um STP","38900","Portland-Vancouver-Hillsboro, OR-WA","41","Oregon","051","Multnomah","45.496641","-122.602877"
"05/03/2020","AQS","410510080","1","7","ug/m3 SC","6","Portland - SE Lafayette","1","100.0000","81102","PM10 Total 0-10um STP","38900","Portland-Vancouver-Hillsboro, OR-WA","41","Oregon","051","Multnomah","45.496641","-122.602877"
"05/06/2020","AQS","410510080","1","5","ug/m3 SC","5","Portland - SE Lafayette","1","100.0000","81102","PM10 Total 0-10um STP","38900","Portland-Vancouver-Hillsboro, OR-WA","41","Oregon","051","Multnomah","45.496641","-122.602877"
"05/09/2020","AQS","410510080","1","9","ug/m3 SC","8","Portland - SE Lafayette","1","100.0000","81102","PM10 Total 0-10um STP","38900","Portland-Vancouver-Hillsboro, OR-WA","41","Oregon","051","Multnomah","45.496641","-122.602877"
"05/12/2020","AQS","410510080","1","5","ug/m3 SC","5","Portland - SE Lafayette","1","100.0000","81102","PM10 Total 0-10um STP","38900","Portland-Vancouver-Hillsboro, OR-WA","41","Oregon","051","Multnomah","45.496641","-122.602877"
"05/15/2020","AQS","410510080","1","8","ug/m3 SC","7","Portland - SE Lafayette","1","100.0000","81102","PM10 Total 0-10um STP","38900","Portland-Vancouver-Hillsboro, OR-WA","41","Oregon","051","Multnomah","45.496641","-122.602877"
"05/18/2020","AQS","410510080","1","5","ug/m3 SC","5","Portland - SE Lafayette","1","100.0000","81102","PM10 Total 0-10um STP","38900","Portland-Vancouver-Hillsboro, OR-WA","41","Oregon","051","Multnomah","45.496641","-122.602877"
"05/21/2020","AQS","410510080","1","3","ug/m3 SC","3","Portland - SE Lafayette","1","100.0000","81102","PM10 Total 0-10um STP","38900","Portland-Vancouver-Hillsboro, OR-WA","41","Oregon","051","Multnomah","45.496641","-122.602877"
"05/24/2020","AQS","410510080","1","14","ug/m3 SC","13","Portland - SE Lafayette","1","100.0000","81102","PM10 Total 0-10um STP","38900","Portland-Vancouver-Hillsboro, OR-WA","41","Oregon","051","Multnomah","45.496641","-122.602877"
"05/27/2020","AQS","410510080","1","10","ug/m3 SC","9","Portland - SE Lafayette","1","100.0000","81102","PM10 Total 0-10um STP","38900","Portland-Vancouver-Hillsboro, OR-WA","41","Oregon","051","Multnomah","45.496641","-122.602877"
"05/30/2020","AQS","410510080","1","9","ug/m3 SC","8","Portland - SE Lafayette","1","100.0000","81102","PM10 Total 0-10um STP","38900","Portland-Vancouver-Hillsboro, OR-WA","41","Oregon","051","Multnomah","45.496641","-122.602877"
"06/02/2020","AQS","410510080","1","8","ug/m3 SC","7","Portland - SE Lafayette","1","100.0000","81102","PM10 Total 0-10um STP","38900","Portland-Vancouver-Hillsboro, OR-WA","41","Oregon","051","Multnomah","45.496641","-122.602877"
"06/05/2020","AQS","410510080","1","9","ug/m3 SC","8","Portland - SE Lafayette","1","100.0000","81102","PM10 Total 0-10um STP","38900","Portland-Vancouver-Hillsboro, OR-WA","41","Oregon","051","Multnomah","45.496641","-122.602877"
"06/08/2020","AQS","410510080","1","7","ug/m3 SC","6","Portland - SE Lafayette","1","100.0000","81102","PM10 Total 0-10um STP","38900","Portland-Vancouver-Hillsboro, OR-WA","41","Oregon","051","Multnomah","45.496641","-122.602877"
"06/11/2020","AQS","410510080","1","8","ug/m3 SC","7","Portland - SE Lafayette","1","100.0000","81102","PM10 Total 0-10um STP","38900","Portland-Vancouver-Hillsboro, OR-WA","41","Oregon","051","Multnomah","45.496641","-122.602877"
"06/14/2020","AQS","410510080","1","5","ug/m3 SC","5","Portland - SE Lafayette","1","100.0000","81102","PM10 Total 0-10um STP","38900","Portland-Vancouver-Hillsboro, OR-WA","41","Oregon","051","Multnomah","45.496641","-122.602877"
"06/17/2020","AQS","410510080","1","7","ug/m3 SC","6","Portland - SE Lafayette","1","100.0000","81102","PM10 Total 0-10um STP","38900","Portland-Vancouver-Hillsboro, OR-WA","41","Oregon","051","Multnomah","45.496641","-122.602877"
"06/20/2020","AQS","410510080","1","8","ug/m3 SC","7","Portland - SE Lafayette","1","100.0000","81102","PM10 Total 0-10um STP","38900","Portland-Vancouver-Hillsboro, OR-WA","41","Oregon","051","Multnomah","45.496641","-122.602877"
"06/23/2020","AQS","410510080","1","11","ug/m3 SC","10","Portland - SE Lafayette","1","100.0000","81102","PM10 Total 0-10um STP","38900","Portland-Vancouver-Hillsboro, OR-WA","41","Oregon","051","Multnomah","45.496641","-122.602877"
"06/26/2020","AQS","410510080","1","9","ug/m3 SC","8","Portland - SE Lafayette","1","100.0000","81102","PM10 Total 0-10um STP","38900","Portland-Vancouver-Hillsboro, OR-WA","41","Oregon","051","Multnomah","45.496641","-122.602877"
"06/29/2020","AQS","410510080","1","11","ug/m3 SC","10","Portland - SE Lafayette","1","100.0000","81102","PM10 Total 0-10um STP","38900","Portland-Vancouver-Hillsboro, OR-WA","41","Oregon","051","Multnomah","45.496641","-122.602877"
"01/04/2020","AQS","410510080","2","5","ug/m3 SC","5","Portland - SE Lafayette","1","100.0000","81102","PM10 Total 0-10um STP","38900","Portland-Vancouver-Hillsboro, OR-WA","41","Oregon","051","Multnomah","45.496641","-122.602877"
"01/16/2020","AQS","410510080","2","19","ug/m3 SC","18","Portland - SE Lafayette","1","100.0000","81102","PM10 Total 0-10um STP","38900","Portland-Vancouver-Hillsboro, OR-WA","41","Oregon","051","Multnomah","45.496641","-122.602877"
"01/28/2020","AQS","410510080","2","2","ug/m3 SC","2","Portland - SE Lafayette","1","100.0000","81102","PM10 Total 0-10um STP","38900","Portland-Vancouver-Hillsboro, OR-WA","41","Oregon","051","Multnomah","45.496641","-122.602877"
"02/09/2020","AQS","410510080","2","16","ug/m3 SC","15","Portland - SE Lafayette","1","100.0000","81102","PM10 Total 0-10um STP","38900","Portland-Vancouver-Hillsboro, OR-WA","41","Oregon","051","Multnomah","45.496641","-122.602877"
"02/21/2020","AQS","410510080","2","17","ug/m3 SC","16","Portland - SE Lafayette","1","100.0000","81102","PM10 Total 0-10um STP","38900","Portland-Vancouver-Hillsboro, OR-WA","41","Oregon","051","Multnomah","45.496641","-122.602877"
"03/04/2020","AQS","410510080","2","20","ug/m3 SC","19","Portland - SE Lafayette","1","100.0000","81102","PM10 Total 0-10um STP","38900","Portland-Vancouver-Hillsboro, OR-WA","41","Oregon","051","Multnomah","45.496641","-122.602877"
"03/16/2020","AQS","410510080","2","9","ug/m3 SC","8","Portland - SE Lafayette","1","100.0000","81102","PM10 Total 0-10um STP","38900","Portland-Vancouver-Hillsboro, OR-WA","41","Oregon","051","Multnomah","45.496641","-122.602877"
"03/28/2020","AQS","410510080","2","6","ug/m3 SC","6","Portland - SE Lafayette","1","100.0000","81102","PM10 Total 0-10um STP","38900","Portland-Vancouver-Hillsboro, OR-WA","41","Oregon","051","Multnomah","45.496641","-122.602877"
"04/09/2020","AQS","410510080","2","16","ug/m3 SC","15","Portland - SE Lafayette","1","100.0000","81102","PM10 Total 0-10um STP","38900","Portland-Vancouver-Hillsboro, OR-WA","41","Oregon","051","Multnomah","45.496641","-122.602877"
"04/21/2020","AQS","410510080","2","7","ug/m3 SC","6","Portland - SE Lafayette","1","100.0000","81102","PM10 Total 0-10um STP","38900","Portland-Vancouver-Hillsboro, OR-WA","41","Oregon","051","Multnomah","45.496641","-122.602877"
"05/03/2020","AQS","410510080","2","7","ug/m3 SC","6","Portland - SE Lafayette","1","100.0000","81102","PM10 Total 0-10um STP","38900","Portland-Vancouver-Hillsboro, OR-WA","41","Oregon","051","Multnomah","45.496641","-122.602877"
"05/15/2020","AQS","410510080","2","8","ug/m3 SC","7","Portland - SE Lafayette","1","100.0000","81102","PM10 Total 0-10um STP","38900","Portland-Vancouver-Hillsboro, OR-WA","41","Oregon","051","Multnomah","45.496641","-122.602877"
"05/27/2020","AQS","410510080","2","12","ug/m3 SC","11","Portland - SE Lafayette","1","100.0000","81102","PM10 Total 0-10um STP","38900","Portland-Vancouver-Hillsboro, OR-WA","41","Oregon","051","Multnomah","45.496641","-122.602877"
"06/08/2020","AQS","410510080","2","9","ug/m3 SC","8","Portland - SE Lafayette","1","100.0000","81102","PM10 Total 0-10um STP","38900","Portland-Vancouver-Hillsboro, OR-WA","41","Oregon","051","Multnomah","45.496641","-122.602877"
"06/20/2020","AQS","410510080","2","8","ug/m3 SC","7","Portland - SE Lafayette","1","100.0000","81102","PM10 Total 0-10um STP","38900","Portland-Vancouver-Hillsboro, OR-WA","41","Oregon","051","Multnomah","45.496641","-122.602877"
"01/04/2020","AQS","410512010","7","4","ug/m3 SC","4","","1","100.0000","81102","PM10 Total 0-10um STP","38900","Portland-Vancouver-Hillsboro, OR-WA","41","Oregon","051","Multnomah","45.558081000943","-122.670985"
"01/10/2020","AQS","410512010","7","4","ug/m3 SC","4","","1","100.0000","81102","PM10 Total 0-10um STP","38900","Portland-Vancouver-Hillsboro, OR-WA","41","Oregon","051","Multnomah","45.558081000943","-122.670985"
"01/16/2020","AQS","410512010","7","11","ug/m3 SC","10","","1","100.0000","81102","PM10 Total 0-10um STP","38900","Portland-Vancouver-Hillsboro, OR-WA","41","Oregon","051","Multnomah","45.558081000943","-122.670985"
"01/22/2020","AQS","410512010","7","3","ug/m3 SC","3","","1","100.0000","81102","PM10 Total 0-10um STP","38900","Portland-Vancouver-Hillsboro, OR-WA","41","Oregon","051","Multnomah","45.558081000943","-122.670985"
"01/28/2020","AQS","410512010","7","0","ug/m3 SC","0","","1","100.0000","81102","PM10 Total 0-10um STP","38900","Portland-Vancouver-Hillsboro, OR-WA","41","Oregon","051","Multnomah","45.558081000943","-122.670985"
"02/03/2020","AQS","410512010","7","20","ug/m3 SC","19","","1","100.0000","81102","PM10 Total 0-10um STP","38900","Portland-Vancouver-Hillsboro, OR-WA","41","Oregon","051","Multnomah","45.558081000943","-122.670985"
"02/09/2020","AQS","410512010","7","15","ug/m3 SC","14","","1","100.0000","81102","PM10 Total 0-10um STP","38900","Portland-Vancouver-Hillsboro, OR-WA","41","Oregon","051","Multnomah","45.558081000943","-122.670985"
"02/15/2020","AQS","410512010","7","4","ug/m3 SC","4","","1","100.0000","81102","PM10 Total 0-10um STP","38900","Portland-Vancouver-Hillsboro, OR-WA","41","Oregon","051","Multnomah","45.558081000943","-122.670985"
"02/21/2020","AQS","410512010","7","20","ug/m3 SC","19","","1","100.0000","81102","PM10 Total 0-10um STP","38900","Portland-Vancouver-Hillsboro, OR-WA","41","Oregon","051","Multnomah","45.558081000943","-122.670985"
"02/27/2020","AQS","410512010","7","14","ug/m3 SC","13","","1","100.0000","81102","PM10 Total 0-10um STP","38900","Portland-Vancouver-Hillsboro, OR-WA","41","Oregon","051","Multnomah","45.558081000943","-122.670985"
"03/04/2020","AQS","410512010","7","19","ug/m3 SC","18","","1","100.0000","81102","PM10 Total 0-10um STP","38900","Portland-Vancouver-Hillsboro, OR-WA","41","Oregon","051","Multnomah","45.558081000943","-122.670985"
"03/10/2020","AQS","410512010","7","14","ug/m3 SC","13","","1","100.0000","81102","PM10 Total 0-10um STP","38900","Portland-Vancouver-Hillsboro, OR-WA","41","Oregon","051","Multnomah","45.558081000943","-122.670985"
"03/16/2020","AQS","410512010","7","10","ug/m3 SC","9","","1","100.0000","81102","PM10 Total 0-10um STP","38900","Portland-Vancouver-Hillsboro, OR-WA","41","Oregon","051","Multnomah","45.558081000943","-122.670985"
"03/22/2020","AQS","410512010","7","17","ug/m3 SC","16","","1","100.0000","81102","PM10 Total 0-10um STP","38900","Portland-Vancouver-Hillsboro, OR-WA","41","Oregon","051","Multnomah","45.558081000943","-122.670985"
"03/28/2020","AQS","410512010","7","5","ug/m3 SC","5","","1","100.0000","81102","PM10 Total 0-10um STP","38900","Portland-Vancouver-Hillsboro, OR-WA","41","Oregon","051","Multnomah","45.558081000943","-122.670985"
"01/04/2020","AQS","410512010","9","4","ug/m3 SC","4","","1","100.0000","81102","PM10 Total 0-10um STP","38900","Portland-Vancouver-Hillsboro, OR-WA","41","Oregon","051","Multnomah","45.558081000943","-122.670985"
"01/16/2020","AQS","410512010","9","12","ug/m3 SC","11","","1","100.0000","81102","PM10 Total 0-10um STP","38900","Portland-Vancouver-Hillsboro, OR-WA","41","Oregon","051","Multnomah","45.558081000943","-122.670985"
"01/28/2020","AQS","410512010","9","1","ug/m3 SC","1","","1","100.0000","81102","PM10 Total 0-10um STP","38900","Portland-Vancouver-Hillsboro, OR-WA","41","Oregon","051","Multnomah","45.558081000943","-122.670985"
"02/09/2020","AQS","410512010","9","15","ug/m3 SC","14","","1","100.0000","81102","PM10 Total 0-10um STP","38900","Portland-Vancouver-Hillsboro, OR-WA","41","Oregon","051","Multnomah","45.558081000943","-122.670985"
"02/21/2020","AQS","410512010","9","22","ug/m3 SC","20","","1","100.0000","81102","PM10 Total 0-10um STP","38900","Portland-Vancouver-Hillsboro, OR-WA","41","Oregon","051","Multnomah","45.558081000943","-122.670985"
"03/04/2020","AQS","410512010","9","20","ug/m3 SC","19","","1","100.0000","81102","PM10 Total 0-10um STP","38900","Portland-Vancouver-Hillsboro, OR-WA","41","Oregon","051","Multnomah","45.558081000943","-122.670985"
"03/16/2020","AQS","410512010","9","10","ug/m3 SC","9","","1","100.0000","81102","PM10 Total 0-10um STP","38900","Portland-Vancouver-Hillsboro, OR-WA","41","Oregon","051","Multnomah","45.558081000943","-122.670985"
"03/28/2020","AQS","410512010","9","3","ug/m3 SC","3","","1","100.0000","81102","PM10 Total 0-10um STP","38900","Portland-Vancouver-Hillsboro, OR-WA","41","Oregon","051","Multnomah","45.558081000943","-122.670985"
"01/04/2020","AQS","410610123","7","14","ug/m3 SC","13","La Grande Hall and N St. (LHN)","1","100.0000","81102","PM10 Total 0-10um STP","29260","La Grande, OR","41","Oregon","061","Union","45.3235","-118.0778"
"01/10/2020","AQS","410610123","7","22","ug/m3 SC","20","La Grande Hall and N St. (LHN)","1","100.0000","81102","PM10 Total 0-10um STP","29260","La Grande, OR","41","Oregon","061","Union","45.3235","-118.0778"
"01/16/2020","AQS","410610123","7","13","ug/m3 SC","12","La Grande Hall and N St. (LHN)","1","100.0000","81102","PM10 Total 0-10um STP","29260","La Grande, OR","41","Oregon","061","Union","45.3235","-118.0778"
"01/22/2020","AQS","410610123","7","7","ug/m3 SC","6","La Grande Hall and N St. (LHN)","1","100.0000","81102","PM10 Total 0-10um STP","29260","La Grande, OR","41","Oregon","061","Union","45.3235","-118.0778"
"01/28/2020","AQS","410610123","7","4","ug/m3 SC","4","La Grande Hall and N St. (LHN)","1","100.0000","81102","PM10 Total 0-10um STP","29260","La Grande, OR","41","Oregon","061","Union","45.3235","-118.0778"
"02/03/2020","AQS","410610123","7","9","ug/m3 SC","8","La Grande Hall and N St. (LHN)","1","100.0000","81102","PM10 Total 0-10um STP","29260","La Grande, OR","41","Oregon","061","Union","45.3235","-118.0778"
"02/09/2020","AQS","410610123","7","7","ug/m3 SC","6","La Grande Hall and N St. (LHN)","1","100.0000","81102","PM10 Total 0-10um STP","29260","La Grande, OR","41","Oregon","061","Union","45.3235","-118.0778"
"02/15/2020","AQS","410610123","7","5","ug/m3 SC","5","La Grande Hall and N St. (LHN)","1","100.0000","81102","PM10 Total 0-10um STP","29260","La Grande, OR","41","Oregon","061","Union","45.3235","-118.0778"
"02/21/2020","AQS","410610123","7","39","ug/m3 SC","36","La Grande Hall and N St. (LHN)","1","100.0000","81102","PM10 Total 0-10um STP","29260","La Grande, OR","41","Oregon","061","Union","45.3235","-118.0778"
"02/27/2020","AQS","410610123","7","32","ug/m3 SC","30","La Grande Hall and N St. (LHN)","1","100.0000","81102","PM10 Total 0-10um STP","29260","La Grande, OR","41","Oregon","061","Union","45.3235","-118.0778"
"03/04/2020","AQS","410610123","7","16","ug/m3 SC","15","La Grande Hall and N St. (LHN)","1","100.0000","81102","PM10 Total 0-10um STP","29260","La Grande, OR","41","Oregon","061","Union","45.3235","-118.0778"
"03/10/2020","AQS","410610123","7","21","ug/m3 SC","19","La Grande Hall and N St. (LHN)","1","100.0000","81102","PM10 Total 0-10um STP","29260","La Grande, OR","41","Oregon","061","Union","45.3235","-118.0778"
"03/16/2020","AQS","410610123","7","6","ug/m3 SC","6","La Grande Hall and N St. (LHN)","1","100.0000","81102","PM10 Total 0-10um STP","29260","La Grande, OR","41","Oregon","061","Union","45.3235","-118.0778"
"03/22/2020","AQS","410610123","7","12","ug/m3 SC","11","La Grande Hall and N St. (LHN)","1","100.0000","81102","PM10 Total 0-10um STP","29260","La Grande, OR","41","Oregon","061","Union","45.3235","-118.0778"
"03/28/2020","AQS","410610123","7","5","ug/m3 SC","5","La Grande Hall and N St. (LHN)","1","100.0000","81102","PM10 Total 0-10um STP","29260","La Grande, OR","41","Oregon","061","Union","45.3235","-118.0778"
